brand,model_name,model_code,series,variant,repair_type,repair_quality,source_quality_label,repair_price_type,price,currency,includes_labor,source_name,source_type,source_reference,observed_at,notes
APPLE,iPhone 18 Pro Max,,iPhone,18 Pro Max,BATTERY,ORIGINAL,Orijinal 6 Ay Garanti,FULL_REPAIR,9950,TRY,true,telefon_profesoru,INDEPENDENT_REPAIR_SERVICE,https://telefonprofesoru.com/iphone-pil-degisimi-fiyatlari/,2026-09-29,
APPLE,iPhone 18 Pro,,iPhone,18 Pro,BATTERY,ORIGINAL,Orijinal 6 Ay Garanti,FULL_REPAIR,9950,TRY,true,telefon_profesoru,INDEPENDENT_REPAIR_SERVICE,https://telefonprofesoru.com/iphone-pil-degisimi-fiyatlari/,2026-09-29,
APPLE,iPhone 18,,iPhone,18,BATTERY,ORIGINAL,Orijinal 6 Ay Garanti,FULL_REPAIR,9950,TRY,true,telefon_profesoru,INDEPENDENT_REPAIR_SERVICE,https://telefonprofesoru.com/iphone-pil-degisimi-fiyatlari/,2026-09-29,
APPLE,iPhone 17 Pro Max,,iPhone,17 Pro Max,BATTERY,ORIGINAL,Orijinal 6 Ay Garanti,FULL_REPAIR,8950,TRY,true,telefon_profesoru,INDEPENDENT_REPAIR_SERVICE,https://telefonprofesoru.com/iphone-pil-degisimi-fiyatlari/,2026-09-29,
APPLE,iPhone 17 Pro,,iPhone,17 Pro,BATTERY,ORIGINAL,Orijinal 6 Ay Garanti,FULL_REPAIR,8750,TRY,true,telefon_profesoru,INDEPENDENT_REPAIR_SERVICE,https://telefonprofesoru.com/iphone-pil-degisimi-fiyatlari/,2026-09-29,
APPLE,iPhone 17,,iPhone,17,BATTERY,ORIGINAL,Orijinal 6 Ay Garanti,FULL_REPAIR,8250,TRY,true,telefon_profesoru,INDEPENDENT_REPAIR_SERVICE,https://telefonprofesoru.com/iphone-pil-degisimi-fiyatlari/,2026-09-29,
APPLE,iPhone 16 Pro Max,,iPhone,16 Pro Max,BATTERY,HIGH_QUALITY,Yüksek Kalite 6 Ay Garanti,FULL_REPAIR,3500,TRY,true,telefon_profesoru,INDEPENDENT_REPAIR_SERVICE,https://telefonprofesoru.com/iphone-pil-degisimi-fiyatlari/,2026-09-29,
APPLE,iPhone 16 Pro Max,,iPhone,16 Pro Max,BATTERY,PREMIUM,Premium Pil 15 Ay Garanti,FULL_REPAIR,5950,TRY,true,telefon_profesoru,INDEPENDENT_REPAIR_SERVICE,https://telefonprofesoru.com/iphone-pil-degisimi-fiyatlari/,2026-09-29,
APPLE,iPhone 16 Pro Max,,iPhone,16 Pro Max,BATTERY,ORIGINAL,Orijinal 6 Ay Garanti,FULL_REPAIR,8250,TRY,true,telefon_profesoru,INDEPENDENT_REPAIR_SERVICE,https://telefonprofesoru.com/iphone-pil-degisimi-fiyatlari/,2026-09-29,
APPLE,iPhone 16 Pro,,iPhone,16 Pro,BATTERY,HIGH_QUALITY,Yüksek Kalite 6 Ay Garanti,FULL_REPAIR,3300,TRY,true,telefon_profesoru,INDEPENDENT_REPAIR_SERVICE,https://telefonprofesoru.com/iphone-pil-degisimi-fiyatlari/,2026-09-29,
APPLE,iPhone 16 Pro,,iPhone,16 Pro,BATTERY,PREMIUM,Premium Pil 15 Ay Garanti,FULL_REPAIR,5950,TRY,true,telefon_profesoru,INDEPENDENT_REPAIR_SERVICE,https://telefonprofesoru.com/iphone-pil-degisimi-fiyatlari/,2026-09-29,
APPLE,iPhone 16 Pro,,iPhone,16 Pro,BATTERY,ORIGINAL,Orijinal 6 Ay Garanti,FULL_REPAIR,8250,TRY,true,telefon_profesoru,INDEPENDENT_REPAIR_SERVICE,https://telefonprofesoru.com/iphone-pil-degisimi-fiyatlari/,2026-09-29,
APPLE,iPhone 16 Plus,,iPhone,16 Plus,BATTERY,HIGH_QUALITY,Yüksek Kalite 6 Ay Garanti,FULL_REPAIR,3300,TRY,true,telefon_profesoru,INDEPENDENT_REPAIR_SERVICE,https://telefonprofesoru.com/iphone-pil-degisimi-fiyatlari/,2026-09-29,
APPLE,iPhone 16 Plus,,iPhone,16 Plus,BATTERY,PREMIUM,Premium Pil 15 Ay Garanti,FULL_REPAIR,5950,TRY,true,telefon_profesoru,INDEPENDENT_REPAIR_SERVICE,https://telefonprofesoru.com/iphone-pil-degisimi-fiyatlari/,2026-09-29,
APPLE,iPhone 16 Plus,,iPhone,16 Plus,BATTERY,ORIGINAL,Orijinal 6 Ay Garanti,FULL_REPAIR,8250,TRY,true,telefon_profesoru,INDEPENDENT_REPAIR_SERVICE,https://telefonprofesoru.com/iphone-pil-degisimi-fiyatlari/,2026-09-29,
APPLE,iPhone 16,,iPhone,16,BATTERY,HIGH_QUALITY,Yüksek Kalite 6 Ay Garanti,FULL_REPAIR,3300,TRY,true,telefon_profesoru,INDEPENDENT_REPAIR_SERVICE,https://telefonprofesoru.com/iphone-pil-degisimi-fiyatlari/,2026-09-29,
APPLE,iPhone 16,,iPhone,16,BATTERY,PREMIUM,Premium Pil 15 Ay Garanti,FULL_REPAIR,5950,TRY,true,telefon_profesoru,INDEPENDENT_REPAIR_SERVICE,https://telefonprofesoru.com/iphone-pil-degisimi-fiyatlari/,2026-09-29,
APPLE,iPhone 16,,iPhone,16,BATTERY,ORIGINAL,Orijinal 6 Ay Garanti,FULL_REPAIR,8250,TRY,true,telefon_profesoru,INDEPENDENT_REPAIR_SERVICE,https://telefonprofesoru.com/iphone-pil-degisimi-fiyatlari/,2026-09-29,
APPLE,iPhone 15 Pro Max,,iPhone,15 Pro Max,BATTERY,HIGH_QUALITY,Yüksek Kalite 6 Ay Garanti,FULL_REPAIR,3300,TRY,true,telefon_profesoru,INDEPENDENT_REPAIR_SERVICE,https://telefonprofesoru.com/iphone-pil-degisimi-fiyatlari/,2026-09-29,
APPLE,iPhone 15 Pro Max,,iPhone,15 Pro Max,BATTERY,PREMIUM,Premium Pil 15 Ay Garanti,FULL_REPAIR,5950,TRY,true,telefon_profesoru,INDEPENDENT_REPAIR_SERVICE,https://telefonprofesoru.com/iphone-pil-degisimi-fiyatlari/,2026-09-29,
APPLE,iPhone 15 Pro Max,,iPhone,15 Pro Max,BATTERY,ORIGINAL,Orijinal 6 Ay Garanti,FULL_REPAIR,7850,TRY,true,telefon_profesoru,INDEPENDENT_REPAIR_SERVICE,https://telefonprofesoru.com/iphone-pil-degisimi-fiyatlari/,2026-09-29,
APPLE,iPhone 15 Pro,,iPhone,15 Pro,BATTERY,HIGH_QUALITY,Yüksek Kalite 6 Ay Garanti,FULL_REPAIR,3300,TRY,true,telefon_profesoru,INDEPENDENT_REPAIR_SERVICE,https://telefonprofesoru.com/iphone-pil-degisimi-fiyatlari/,2026-09-29,
APPLE,iPhone 15 Pro,,iPhone,15 Pro,BATTERY,PREMIUM,Premium Pil 15 Ay Garanti,FULL_REPAIR,5750,TRY,true,telefon_profesoru,INDEPENDENT_REPAIR_SERVICE,https://telefonprofesoru.com/iphone-pil-degisimi-fiyatlari/,2026-09-29,
APPLE,iPhone 15 Pro,,iPhone,15 Pro,BATTERY,ORIGINAL,Orijinal 6 Ay Garanti,FULL_REPAIR,7850,TRY,true,telefon_profesoru,INDEPENDENT_REPAIR_SERVICE,https://telefonprofesoru.com/iphone-pil-degisimi-fiyatlari/,2026-09-29,
APPLE,iPhone 15 Plus,,iPhone,15 Plus,BATTERY,HIGH_QUALITY,Yüksek Kalite 6 Ay Garanti,FULL_REPAIR,3300,TRY,true,telefon_profesoru,INDEPENDENT_REPAIR_SERVICE,https://telefonprofesoru.com/iphone-pil-degisimi-fiyatlari/,2026-09-29,
APPLE,iPhone 15 Plus,,iPhone,15 Plus,BATTERY,PREMIUM,Premium Pil 15 Ay Garanti,FULL_REPAIR,5750,TRY,true,telefon_profesoru,INDEPENDENT_REPAIR_SERVICE,https://telefonprofesoru.com/iphone-pil-degisimi-fiyatlari/,2026-09-29,
APPLE,iPhone 15 Plus,,iPhone,15 Plus,BATTERY,ORIGINAL,Orijinal 6 Ay Garanti,FULL_REPAIR,7850,TRY,true,telefon_profesoru,INDEPENDENT_REPAIR_SERVICE,https://telefonprofesoru.com/iphone-pil-degisimi-fiyatlari/,2026-09-29,
APPLE,iPhone 15,,iPhone,15,BATTERY,HIGH_QUALITY,Yüksek Kalite 6 Ay Garanti,FULL_REPAIR,3300,TRY,true,telefon_profesoru,INDEPENDENT_REPAIR_SERVICE,https://telefonprofesoru.com/iphone-pil-degisimi-fiyatlari/,2026-09-29,
APPLE,iPhone 15,,iPhone,15,BATTERY,PREMIUM,Premium Pil 15 Ay Garanti,FULL_REPAIR,5750,TRY,true,telefon_profesoru,INDEPENDENT_REPAIR_SERVICE,https://telefonprofesoru.com/iphone-pil-degisimi-fiyatlari/,2026-09-29,
APPLE,iPhone 15,,iPhone,15,BATTERY,ORIGINAL,Orijinal 6 Ay Garanti,FULL_REPAIR,7650,TRY,true,telefon_profesoru,INDEPENDENT_REPAIR_SERVICE,https://telefonprofesoru.com/iphone-pil-degisimi-fiyatlari/,2026-09-29,
APPLE,iPhone 14 Pro Max,,iPhone,14 Pro Max,BATTERY,HIGH_QUALITY,Yüksek Kalite 6 Ay Garanti,FULL_REPAIR,3300,TRY,true,telefon_profesoru,INDEPENDENT_REPAIR_SERVICE,https://telefonprofesoru.com/iphone-pil-degisimi-fiyatlari/,2026-09-29,
APPLE,iPhone 14 Pro Max,,iPhone,14 Pro Max,BATTERY,PREMIUM,Premium Pil 15 Ay Garanti,FULL_REPAIR,5750,TRY,true,telefon_profesoru,INDEPENDENT_REPAIR_SERVICE,https://telefonprofesoru.com/iphone-pil-degisimi-fiyatlari/,2026-09-29,
APPLE,iPhone 14 Pro Max,,iPhone,14 Pro Max,BATTERY,ORIGINAL,Orijinal 6 Ay Garanti,FULL_REPAIR,7650,TRY,true,telefon_profesoru,INDEPENDENT_REPAIR_SERVICE,https://telefonprofesoru.com/iphone-pil-degisimi-fiyatlari/,2026-09-29,
APPLE,iPhone 14 Pro,,iPhone,14 Pro,BATTERY,HIGH_QUALITY,Yüksek Kalite 6 Ay Garanti,FULL_REPAIR,3300,TRY,true,telefon_profesoru,INDEPENDENT_REPAIR_SERVICE,https://telefonprofesoru.com/iphone-pil-degisimi-fiyatlari/,2026-09-29,
APPLE,iPhone 14 Pro,,iPhone,14 Pro,BATTERY,PREMIUM,Premium Pil 15 Ay Garanti,FULL_REPAIR,5750,TRY,true,telefon_profesoru,INDEPENDENT_REPAIR_SERVICE,https://telefonprofesoru.com/iphone-pil-degisimi-fiyatlari/,2026-09-29,
APPLE,iPhone 14 Pro,,iPhone,14 Pro,BATTERY,ORIGINAL,Orijinal 6 Ay Garanti,FULL_REPAIR,7650,TRY,true,telefon_profesoru,INDEPENDENT_REPAIR_SERVICE,https://telefonprofesoru.com/iphone-pil-degisimi-fiyatlari/,2026-09-29,
APPLE,iPhone 14 Plus,,iPhone,14 Plus,BATTERY,HIGH_QUALITY,Yüksek Kalite 6 Ay Garanti,FULL_REPAIR,3100,TRY,true,telefon_profesoru,INDEPENDENT_REPAIR_SERVICE,https://telefonprofesoru.com/iphone-pil-degisimi-fiyatlari/,2026-09-29,
APPLE,iPhone 14 Plus,,iPhone,14 Plus,BATTERY,PREMIUM,Premium Pil 15 Ay Garanti,FULL_REPAIR,5650,TRY,true,telefon_profesoru,INDEPENDENT_REPAIR_SERVICE,https://telefonprofesoru.com/iphone-pil-degisimi-fiyatlari/,2026-09-29,
APPLE,iPhone 14,,iPhone,14,BATTERY,HIGH_QUALITY,Yüksek Kalite 6 Ay Garanti,FULL_REPAIR,3000,TRY,true,telefon_profesoru,INDEPENDENT_REPAIR_SERVICE,https://telefonprofesoru.com/iphone-pil-degisimi-fiyatlari/,2026-09-29,
APPLE,iPhone 14,,iPhone,14,BATTERY,PREMIUM,Premium Pil 15 Ay Garanti,FULL_REPAIR,5250,TRY,true,telefon_profesoru,INDEPENDENT_REPAIR_SERVICE,https://telefonprofesoru.com/iphone-pil-degisimi-fiyatlari/,2026-09-29,
APPLE,iPhone 12 Pro Max,,iPhone,12 Pro Max,BATTERY,HIGH_QUALITY,Yüksek Kalite 6 Ay Garanti,FULL_REPAIR,2900,TRY,true,telefon_profesoru,INDEPENDENT_REPAIR_SERVICE,https://telefonprofesoru.com/iphone-pil-degisimi-fiyatlari/,2026-09-29,
APPLE,iPhone 12 Pro Max,,iPhone,12 Pro Max,BATTERY,PREMIUM,Premium Pil 15 Ay Garanti,FULL_REPAIR,4250,TRY,true,telefon_profesoru,INDEPENDENT_REPAIR_SERVICE,https://telefonprofesoru.com/iphone-pil-degisimi-fiyatlari/,2026-09-29,
APPLE,iPhone 12 Pro Max,,iPhone,12 Pro Max,BATTERY,ORIGINAL,Orijinal 6 Ay Garanti,FULL_REPAIR,6250,TRY,true,telefon_profesoru,INDEPENDENT_REPAIR_SERVICE,https://telefonprofesoru.com/iphone-pil-degisimi-fiyatlari/,2026-09-29,
APPLE,iPhone 12 Pro,,iPhone,12 Pro,BATTERY,HIGH_QUALITY,Yüksek Kalite 6 Ay Garanti,FULL_REPAIR,2500,TRY,true,telefon_profesoru,INDEPENDENT_REPAIR_SERVICE,https://telefonprofesoru.com/iphone-pil-degisimi-fiyatlari/,2026-09-29,
APPLE,iPhone 12 Pro,,iPhone,12 Pro,BATTERY,PREMIUM,Premium Pil 15 Ay Garanti,FULL_REPAIR,4250,TRY,true,telefon_profesoru,INDEPENDENT_REPAIR_SERVICE,https://telefonprofesoru.com/iphone-pil-degisimi-fiyatlari/,2026-09-29,
APPLE,iPhone 12 Pro,,iPhone,12 Pro,BATTERY,ORIGINAL,Orijinal 6 Ay Garanti,FULL_REPAIR,6250,TRY,true,telefon_profesoru,INDEPENDENT_REPAIR_SERVICE,https://telefonprofesoru.com/iphone-pil-degisimi-fiyatlari/,2026-09-29,
APPLE,iPhone 12,,iPhone,12,BATTERY,HIGH_QUALITY,Yüksek Kalite 6 Ay Garanti,FULL_REPAIR,2400,TRY,true,telefon_profesoru,INDEPENDENT_REPAIR_SERVICE,https://telefonprofesoru.com/iphone-pil-degisimi-fiyatlari/,2026-09-29,
APPLE,iPhone 12,,iPhone,12,BATTERY,PREMIUM,Premium Pil 15 Ay Garanti,FULL_REPAIR,4250,TRY,true,telefon_profesoru,INDEPENDENT_REPAIR_SERVICE,https://telefonprofesoru.com/iphone-pil-degisimi-fiyatlari/,2026-09-29,
APPLE,iPhone 12 Mini,,iPhone,12 Mini,BATTERY,HIGH_QUALITY,Yüksek Kalite 6 Ay Garanti,FULL_REPAIR,2300,TRY,true,telefon_profesoru,INDEPENDENT_REPAIR_SERVICE,https://telefonprofesoru.com/iphone-pil-degisimi-fiyatlari/,2026-09-29,
APPLE,iPhone 12 Mini,,iPhone,12 Mini,BATTERY,PREMIUM,Premium Pil 15 Ay Garanti,FULL_REPAIR,4250,TRY,true,telefon_profesoru,INDEPENDENT_REPAIR_SERVICE,https://telefonprofesoru.com/iphone-pil-degisimi-fiyatlari/,2026-09-29,
APPLE,iPhone 11 Pro Max,,iPhone,11 Pro Max,BATTERY,HIGH_QUALITY,Yüksek Kalite 6 Ay Garanti,FULL_REPAIR,2000,TRY,true,telefon_profesoru,INDEPENDENT_REPAIR_SERVICE,https://telefonprofesoru.com/iphone-pil-degisimi-fiyatlari/,2026-09-29,
APPLE,iPhone 11 Pro Max,,iPhone,11 Pro Max,BATTERY,PREMIUM,Premium Pil 15 Ay Garanti,FULL_REPAIR,3500,TRY,true,telefon_profesoru,INDEPENDENT_REPAIR_SERVICE,https://telefonprofesoru.com/iphone-pil-degisimi-fiyatlari/,2026-09-29,
APPLE,iPhone 11 Pro,,iPhone,11 Pro,BATTERY,HIGH_QUALITY,Yüksek Kalite 6 Ay Garanti,FULL_REPAIR,2000,TRY,true,telefon_profesoru,INDEPENDENT_REPAIR_SERVICE,https://telefonprofesoru.com/iphone-pil-degisimi-fiyatlari/,2026-09-29,
APPLE,iPhone 11 Pro,,iPhone,11 Pro,BATTERY,PREMIUM,Premium Pil 15 Ay Garanti,FULL_REPAIR,3500,TRY,true,telefon_profesoru,INDEPENDENT_REPAIR_SERVICE,https://telefonprofesoru.com/iphone-pil-degisimi-fiyatlari/,2026-09-29,
APPLE,iPhone 11,,iPhone,11,BATTERY,PREMIUM,Premium Pil 15 Ay Garanti,FULL_REPAIR,2750,TRY,true,telefon_profesoru,INDEPENDENT_REPAIR_SERVICE,https://telefonprofesoru.com/iphone-pil-degisimi-fiyatlari/,2026-09-29,
APPLE,iPhone 8 Plus,,iPhone,8 Plus,BATTERY,HIGH_QUALITY,Yüksek Kalite 6 Ay Garanti,FULL_REPAIR,1250,TRY,true,telefon_profesoru,INDEPENDENT_REPAIR_SERVICE,https://telefonprofesoru.com/iphone-pil-degisimi-fiyatlari/,2026-09-29,
APPLE,iPhone 8,,iPhone,8,BATTERY,HIGH_QUALITY,Yüksek Kalite 6 Ay Garanti,FULL_REPAIR,1250,TRY,true,telefon_profesoru,INDEPENDENT_REPAIR_SERVICE,https://telefonprofesoru.com/iphone-pil-degisimi-fiyatlari/,2026-09-29,
APPLE,iPhone 7 Plus,,iPhone,7 Plus,BATTERY,HIGH_QUALITY,Yüksek Kalite 6 Ay Garanti,FULL_REPAIR,1250,TRY,true,telefon_profesoru,INDEPENDENT_REPAIR_SERVICE,https://telefonprofesoru.com/iphone-pil-degisimi-fiyatlari/,2026-09-29,
APPLE,iPhone 7,,iPhone,7,BATTERY,HIGH_QUALITY,Yüksek Kalite 6 Ay Garanti,FULL_REPAIR,1500,TRY,true,telefon_profesoru,INDEPENDENT_REPAIR_SERVICE,https://telefonprofesoru.com/iphone-pil-degisimi-fiyatlari/,2026-09-29,
APPLE,iPhone 6/6S Plus,,iPhone,6/6S Plus,BATTERY,HIGH_QUALITY,Yüksek Kalite 6 Ay Garanti,FULL_REPAIR,1250,TRY,true,telefon_profesoru,INDEPENDENT_REPAIR_SERVICE,https://telefonprofesoru.com/iphone-pil-degisimi-fiyatlari/,2026-09-29,
APPLE,iPhone 6/6S,,iPhone,6/6S,BATTERY,HIGH_QUALITY,Yüksek Kalite 6 Ay Garanti,FULL_REPAIR,1100,TRY,true,telefon_profesoru,INDEPENDENT_REPAIR_SERVICE,https://telefonprofesoru.com/iphone-pil-degisimi-fiyatlari/,2026-09-29,
APPLE,iPhone X,,iPhone,X,BATTERY,HIGH_QUALITY,Yüksek Kalite 6 Ay Garanti,FULL_REPAIR,1500,TRY,true,telefon_profesoru,INDEPENDENT_REPAIR_SERVICE,https://telefonprofesoru.com/iphone-pil-degisimi-fiyatlari/,2026-09-29,
APPLE,iPhone XR,,iPhone,XR,BATTERY,HIGH_QUALITY,Yüksek Kalite 6 Ay Garanti,FULL_REPAIR,1500,TRY,true,telefon_profesoru,INDEPENDENT_REPAIR_SERVICE,https://telefonprofesoru.com/iphone-pil-degisimi-fiyatlari/,2026-09-29,
APPLE,iPhone XS,,iPhone,XS,BATTERY,HIGH_QUALITY,Yüksek Kalite 6 Ay Garanti,FULL_REPAIR,1500,TRY,true,telefon_profesoru,INDEPENDENT_REPAIR_SERVICE,https://telefonprofesoru.com/iphone-pil-degisimi-fiyatlari/,2026-09-29,
APPLE,iPhone XS Max,,iPhone,XS Max,BATTERY,HIGH_QUALITY,Yüksek Kalite 6 Ay Garanti,FULL_REPAIR,1500,TRY,true,telefon_profesoru,INDEPENDENT_REPAIR_SERVICE,https://telefonprofesoru.com/iphone-pil-degisimi-fiyatlari/,2026-09-29,
APPLE,iPhone SE 2020,,iPhone,SE 2020,BATTERY,HIGH_QUALITY,Yüksek Kalite 6 Ay Garanti,FULL_REPAIR,1500,TRY,true,telefon_profesoru,INDEPENDENT_REPAIR_SERVICE,https://telefonprofesoru.com/iphone-pil-degisimi-fiyatlari/,2026-09-29,
APPLE,iPhone 17 Pro Max,,iPhone,17 Pro Max,SCREEN_MODULE,ORIGINAL,Sıfır Orijinal 6 Ay Garanti,FULL_REPAIR,22300,TRY,true,telefon_profesoru,INDEPENDENT_REPAIR_SERVICE,https://telefonprofesoru.com/iphone-ekran-degisimi-fiyatlari/,2026-09-29,
APPLE,iPhone 17 Pro Max,,iPhone,17 Pro Max,SCREEN_MODULE,PULLED,Çıkma Orijinal 6 Ay Garanti,FULL_REPAIR,20500,TRY,true,telefon_profesoru,INDEPENDENT_REPAIR_SERVICE,https://telefonprofesoru.com/iphone-ekran-degisimi-fiyatlari/,2026-09-29,
APPLE,iPhone 17 Pro Max,,iPhone,17 Pro Max,SCREEN_MODULE,HIGH_QUALITY,Yüksek Kalite 6 Ay Garanti,FULL_REPAIR,9900,TRY,true,telefon_profesoru,INDEPENDENT_REPAIR_SERVICE,https://telefonprofesoru.com/iphone-ekran-degisimi-fiyatlari/,2026-09-29,
APPLE,iPhone 17 Pro,,iPhone,17 Pro,SCREEN_MODULE,ORIGINAL,Sıfır Orijinal 6 Ay Garanti,FULL_REPAIR,21500,TRY,true,telefon_profesoru,INDEPENDENT_REPAIR_SERVICE,https://telefonprofesoru.com/iphone-ekran-degisimi-fiyatlari/,2026-09-29,
APPLE,iPhone 17 Pro,,iPhone,17 Pro,SCREEN_MODULE,PULLED,Çıkma Orijinal 6 Ay Garanti,FULL_REPAIR,19800,TRY,true,telefon_profesoru,INDEPENDENT_REPAIR_SERVICE,https://telefonprofesoru.com/iphone-ekran-degisimi-fiyatlari/,2026-09-29,
APPLE,iPhone 17 Pro,,iPhone,17 Pro,SCREEN_MODULE,HIGH_QUALITY,Yüksek Kalite 6 Ay Garanti,FULL_REPAIR,9900,TRY,true,telefon_profesoru,INDEPENDENT_REPAIR_SERVICE,https://telefonprofesoru.com/iphone-ekran-degisimi-fiyatlari/,2026-09-29,
APPLE,iPhone 17,,iPhone,17,SCREEN_MODULE,ORIGINAL,Sıfır Orijinal 6 Ay Garanti,FULL_REPAIR,21500,TRY,true,telefon_profesoru,INDEPENDENT_REPAIR_SERVICE,https://telefonprofesoru.com/iphone-ekran-degisimi-fiyatlari/,2026-09-29,
APPLE,iPhone 17,,iPhone,17,SCREEN_MODULE,PULLED,Çıkma Orijinal 6 Ay Garanti,FULL_REPAIR,19000,TRY,true,telefon_profesoru,INDEPENDENT_REPAIR_SERVICE,https://telefonprofesoru.com/iphone-ekran-degisimi-fiyatlari/,2026-09-29,
APPLE,iPhone 17,,iPhone,17,SCREEN_MODULE,HIGH_QUALITY,Yüksek Kalite 6 Ay Garanti,FULL_REPAIR,8900,TRY,true,telefon_profesoru,INDEPENDENT_REPAIR_SERVICE,https://telefonprofesoru.com/iphone-ekran-degisimi-fiyatlari/,2026-09-29,
APPLE,iPhone 16 Pro Max,,iPhone,16 Pro Max,SCREEN_MODULE,ORIGINAL,Sıfır Orijinal 6 Ay Garanti,FULL_REPAIR,21500,TRY,true,telefon_profesoru,INDEPENDENT_REPAIR_SERVICE,https://telefonprofesoru.com/iphone-ekran-degisimi-fiyatlari/,2026-09-29,
APPLE,iPhone 16 Pro Max,,iPhone,16 Pro Max,SCREEN_MODULE,PULLED,Çıkma Orijinal 6 Ay Garanti,FULL_REPAIR,18900,TRY,true,telefon_profesoru,INDEPENDENT_REPAIR_SERVICE,https://telefonprofesoru.com/iphone-ekran-degisimi-fiyatlari/,2026-09-29,
APPLE,iPhone 16 Pro Max,,iPhone,16 Pro Max,SCREEN_MODULE,HIGH_QUALITY,Yüksek Kalite 6 Ay Garanti,FULL_REPAIR,8900,TRY,true,telefon_profesoru,INDEPENDENT_REPAIR_SERVICE,https://telefonprofesoru.com/iphone-ekran-degisimi-fiyatlari/,2026-09-29,
APPLE,iPhone 16 Pro,,iPhone,16 Pro,SCREEN_MODULE,ORIGINAL,Sıfır Orijinal 6 Ay Garanti,FULL_REPAIR,19600,TRY,true,telefon_profesoru,INDEPENDENT_REPAIR_SERVICE,https://telefonprofesoru.com/iphone-ekran-degisimi-fiyatlari/,2026-09-29,
APPLE,iPhone 16 Pro,,iPhone,16 Pro,SCREEN_MODULE,PULLED,Çıkma Orijinal 6 Ay Garanti,FULL_REPAIR,17000,TRY,true,telefon_profesoru,INDEPENDENT_REPAIR_SERVICE,https://telefonprofesoru.com/iphone-ekran-degisimi-fiyatlari/,2026-09-29,
APPLE,iPhone 16 Pro,,iPhone,16 Pro,SCREEN_MODULE,HIGH_QUALITY,Yüksek Kalite 6 Ay Garanti,FULL_REPAIR,8900,TRY,true,telefon_profesoru,INDEPENDENT_REPAIR_SERVICE,https://telefonprofesoru.com/iphone-ekran-degisimi-fiyatlari/,2026-09-29,
APPLE,iPhone 16 Plus,,iPhone,16 Plus,SCREEN_MODULE,ORIGINAL,Sıfır Orijinal 6 Ay Garanti,FULL_REPAIR,19500,TRY,true,telefon_profesoru,INDEPENDENT_REPAIR_SERVICE,https://telefonprofesoru.com/iphone-ekran-degisimi-fiyatlari/,2026-09-29,
APPLE,iPhone 16 Plus,,iPhone,16 Plus,SCREEN_MODULE,PULLED,Çıkma Orijinal 6 Ay Garanti,FULL_REPAIR,12800,TRY,true,telefon_profesoru,INDEPENDENT_REPAIR_SERVICE,https://telefonprofesoru.com/iphone-ekran-degisimi-fiyatlari/,2026-09-29,
APPLE,iPhone 16 Plus,,iPhone,16 Plus,SCREEN_MODULE,HIGH_QUALITY,Yüksek Kalite 6 Ay Garanti,FULL_REPAIR,8000,TRY,true,telefon_profesoru,INDEPENDENT_REPAIR_SERVICE,https://telefonprofesoru.com/iphone-ekran-degisimi-fiyatlari/,2026-09-29,
APPLE,iPhone 16,,iPhone,16,SCREEN_MODULE,ORIGINAL,Sıfır Orijinal 6 Ay Garanti,FULL_REPAIR,18400,TRY,true,telefon_profesoru,INDEPENDENT_REPAIR_SERVICE,https://telefonprofesoru.com/iphone-ekran-degisimi-fiyatlari/,2026-09-29,
APPLE,iPhone 16,,iPhone,16,SCREEN_MODULE,PULLED,Çıkma Orijinal 6 Ay Garanti,FULL_REPAIR,13000,TRY,true,telefon_profesoru,INDEPENDENT_REPAIR_SERVICE,https://telefonprofesoru.com/iphone-ekran-degisimi-fiyatlari/,2026-09-29,
APPLE,iPhone 16,,iPhone,16,SCREEN_MODULE,HIGH_QUALITY,Yüksek Kalite 6 Ay Garanti,FULL_REPAIR,8000,TRY,true,telefon_profesoru,INDEPENDENT_REPAIR_SERVICE,https://telefonprofesoru.com/iphone-ekran-degisimi-fiyatlari/,2026-09-29,
APPLE,iPhone 15 Pro Max,,iPhone,15 Pro Max,SCREEN_MODULE,ORIGINAL,Sıfır Orijinal 6 Ay Garanti,FULL_REPAIR,20800,TRY,true,telefon_profesoru,INDEPENDENT_REPAIR_SERVICE,https://telefonprofesoru.com/iphone-ekran-degisimi-fiyatlari/,2026-09-29,
APPLE,iPhone 15 Pro Max,,iPhone,15 Pro Max,SCREEN_MODULE,PULLED,Çıkma Orijinal 6 Ay Garanti,FULL_REPAIR,17200,TRY,true,telefon_profesoru,INDEPENDENT_REPAIR_SERVICE,https://telefonprofesoru.com/iphone-ekran-degisimi-fiyatlari/,2026-09-29,
APPLE,iPhone 15 Pro Max,,iPhone,15 Pro Max,SCREEN_MODULE,HIGH_QUALITY,Yüksek Kalite 6 Ay Garanti,FULL_REPAIR,8900,TRY,true,telefon_profesoru,INDEPENDENT_REPAIR_SERVICE,https://telefonprofesoru.com/iphone-ekran-degisimi-fiyatlari/,2026-09-29,
APPLE,iPhone 15 Pro,,iPhone,15 Pro,SCREEN_MODULE,ORIGINAL,Sıfır Orijinal 6 Ay Garanti,FULL_REPAIR,18500,TRY,true,telefon_profesoru,INDEPENDENT_REPAIR_SERVICE,https://telefonprofesoru.com/iphone-ekran-degisimi-fiyatlari/,2026-09-29,
APPLE,iPhone 15 Pro,,iPhone,15 Pro,SCREEN_MODULE,PULLED,Çıkma Orijinal 6 Ay Garanti,FULL_REPAIR,15300,TRY,true,telefon_profesoru,INDEPENDENT_REPAIR_SERVICE,https://telefonprofesoru.com/iphone-ekran-degisimi-fiyatlari/,2026-09-29,
APPLE,iPhone 15 Pro,,iPhone,15 Pro,SCREEN_MODULE,HIGH_QUALITY,Yüksek Kalite 6 Ay Garanti,FULL_REPAIR,8500,TRY,true,telefon_profesoru,INDEPENDENT_REPAIR_SERVICE,https://telefonprofesoru.com/iphone-ekran-degisimi-fiyatlari/,2026-09-29,
APPLE,iPhone 15 Pro,,iPhone,15 Pro,SCREEN_MODULE,REFURBISHED,Yenilenmiş Orijinal 6 Ay Garanti,FULL_REPAIR,13800,TRY,true,telefon_profesoru,INDEPENDENT_REPAIR_SERVICE,https://telefonprofesoru.com/iphone-ekran-degisimi-fiyatlari/,2026-09-29,
APPLE,iPhone 15 Plus,,iPhone,15 Plus,SCREEN_MODULE,ORIGINAL,Sıfır Orijinal 6 Ay Garanti,FULL_REPAIR,19000,TRY,true,telefon_profesoru,INDEPENDENT_REPAIR_SERVICE,https://telefonprofesoru.com/iphone-ekran-degisimi-fiyatlari/,2026-09-29,
APPLE,iPhone 15 Plus,,iPhone,15 Plus,SCREEN_MODULE,PULLED,Çıkma Orijinal 6 Ay Garanti,FULL_REPAIR,12200,TRY,true,telefon_profesoru,INDEPENDENT_REPAIR_SERVICE,https://telefonprofesoru.com/iphone-ekran-degisimi-fiyatlari/,2026-09-29,
APPLE,iPhone 15 Plus,,iPhone,15 Plus,SCREEN_MODULE,HIGH_QUALITY,Yüksek Kalite 6 Ay Garanti,FULL_REPAIR,7500,TRY,true,telefon_profesoru,INDEPENDENT_REPAIR_SERVICE,https://telefonprofesoru.com/iphone-ekran-degisimi-fiyatlari/,2026-09-29,
APPLE,iPhone 15 Plus,,iPhone,15 Plus,SCREEN_MODULE,REFURBISHED,Yenilenmiş Orijinal 6 Ay Garanti,FULL_REPAIR,11300,TRY,true,telefon_profesoru,INDEPENDENT_REPAIR_SERVICE,https://telefonprofesoru.com/iphone-ekran-degisimi-fiyatlari/,2026-09-29,
APPLE,iPhone 15,,iPhone,15,SCREEN_MODULE,ORIGINAL,Sıfır Orijinal 6 Ay Garanti,FULL_REPAIR,17400,TRY,true,telefon_profesoru,INDEPENDENT_REPAIR_SERVICE,https://telefonprofesoru.com/iphone-ekran-degisimi-fiyatlari/,2026-09-29,
APPLE,iPhone 15,,iPhone,15,SCREEN_MODULE,PULLED,Çıkma Orijinal 6 Ay Garanti,FULL_REPAIR,11100,TRY,true,telefon_profesoru,INDEPENDENT_REPAIR_SERVICE,https://telefonprofesoru.com/iphone-ekran-degisimi-fiyatlari/,2026-09-29,
APPLE,iPhone 15,,iPhone,15,SCREEN_MODULE,HIGH_QUALITY,Yüksek Kalite 6 Ay Garanti,FULL_REPAIR,6000,TRY,true,telefon_profesoru,INDEPENDENT_REPAIR_SERVICE,https://telefonprofesoru.com/iphone-ekran-degisimi-fiyatlari/,2026-09-29,
APPLE,iPhone 15,,iPhone,15,SCREEN_MODULE,REFURBISHED,Yenilenmiş Orijinal 6 Ay Garanti,FULL_REPAIR,9900,TRY,true,telefon_profesoru,INDEPENDENT_REPAIR_SERVICE,https://telefonprofesoru.com/iphone-ekran-degisimi-fiyatlari/,2026-09-29,
APPLE,iPhone 14 Pro Max,,iPhone,14 Pro Max,SCREEN_MODULE,ORIGINAL,Sıfır Orijinal 6 Ay Garanti,FULL_REPAIR,21000,TRY,true,telefon_profesoru,INDEPENDENT_REPAIR_SERVICE,https://telefonprofesoru.com/iphone-ekran-degisimi-fiyatlari/,2026-09-29,
APPLE,iPhone 14 Pro Max,,iPhone,14 Pro Max,SCREEN_MODULE,PULLED,Çıkma Orijinal 6 Ay Garanti,FULL_REPAIR,15300,TRY,true,telefon_profesoru,INDEPENDENT_REPAIR_SERVICE,https://telefonprofesoru.com/iphone-ekran-degisimi-fiyatlari/,2026-09-29,
APPLE,iPhone 14 Pro Max,,iPhone,14 Pro Max,SCREEN_MODULE,REFURBISHED,Yenilenmiş Orijinal 6 Ay Garanti,FULL_REPAIR,13800,TRY,true,telefon_profesoru,INDEPENDENT_REPAIR_SERVICE,https://telefonprofesoru.com/iphone-ekran-degisimi-fiyatlari/,2026-09-29,
APPLE,iPhone 14 Pro Max,,iPhone,14 Pro Max,SCREEN_MODULE,HIGH_QUALITY,Yüksek Kalite 6 Ay Garanti,FULL_REPAIR,8500,TRY,true,telefon_profesoru,INDEPENDENT_REPAIR_SERVICE,https://telefonprofesoru.com/iphone-ekran-degisimi-fiyatlari/,2026-09-29,
APPLE,iPhone 14 Pro,,iPhone,14 Pro,SCREEN_MODULE,ORIGINAL,Sıfır Orijinal 6 Ay Garanti,FULL_REPAIR,19800,TRY,true,telefon_profesoru,INDEPENDENT_REPAIR_SERVICE,https://telefonprofesoru.com/iphone-ekran-degisimi-fiyatlari/,2026-09-29,
APPLE,iPhone 14 Pro,,iPhone,14 Pro,SCREEN_MODULE,PULLED,Çıkma Orijinal 6 Ay Garanti,FULL_REPAIR,12800,TRY,true,telefon_profesoru,INDEPENDENT_REPAIR_SERVICE,https://telefonprofesoru.com/iphone-ekran-degisimi-fiyatlari/,2026-09-29,
APPLE,iPhone 14 Pro,,iPhone,14 Pro,SCREEN_MODULE,REFURBISHED,Yenilenmiş Orijinal 6 Ay Garanti,FULL_REPAIR,11500,TRY,true,telefon_profesoru,INDEPENDENT_REPAIR_SERVICE,https://telefonprofesoru.com/iphone-ekran-degisimi-fiyatlari/,2026-09-29,
APPLE,iPhone 14 Pro,,iPhone,14 Pro,SCREEN_MODULE,HIGH_QUALITY,Yüksek Kalite 6 Ay Garanti,FULL_REPAIR,8000,TRY,true,telefon_profesoru,INDEPENDENT_REPAIR_SERVICE,https://telefonprofesoru.com/iphone-ekran-degisimi-fiyatlari/,2026-09-29,
APPLE,iPhone 14 Plus,,iPhone,14 Plus,SCREEN_MODULE,ORIGINAL,Sıfır Orijinal 6 Ay Garanti,FULL_REPAIR,18800,TRY,true,telefon_profesoru,INDEPENDENT_REPAIR_SERVICE,https://telefonprofesoru.com/iphone-ekran-degisimi-fiyatlari/,2026-09-29,
APPLE,iPhone 14 Plus,,iPhone,14 Plus,SCREEN_MODULE,PULLED,Çıkma Orijinal 6 Ay Garanti,FULL_REPAIR,10950,TRY,true,telefon_profesoru,INDEPENDENT_REPAIR_SERVICE,https://telefonprofesoru.com/iphone-ekran-degisimi-fiyatlari/,2026-09-29,
APPLE,iPhone 14 Plus,,iPhone,14 Plus,SCREEN_MODULE,REFURBISHED,Yenilenmiş Orijinal 6 Ay Garanti,FULL_REPAIR,9200,TRY,true,telefon_profesoru,INDEPENDENT_REPAIR_SERVICE,https://telefonprofesoru.com/iphone-ekran-degisimi-fiyatlari/,2026-09-29,
APPLE,iPhone 14 Plus,,iPhone,14 Plus,SCREEN_MODULE,HIGH_QUALITY,Yüksek Kalite 6 Ay Garanti,FULL_REPAIR,6000,TRY,true,telefon_profesoru,INDEPENDENT_REPAIR_SERVICE,https://telefonprofesoru.com/iphone-ekran-degisimi-fiyatlari/,2026-09-29,
APPLE,iPhone 14,,iPhone,14,SCREEN_MODULE,ORIGINAL,Sıfır Orijinal 6 Ay Garanti,FULL_REPAIR,17000,TRY,true,telefon_profesoru,INDEPENDENT_REPAIR_SERVICE,https://telefonprofesoru.com/iphone-ekran-degisimi-fiyatlari/,2026-09-29,
APPLE,iPhone 14,,iPhone,14,SCREEN_MODULE,PULLED,Çıkma Orijinal 6 Ay Garanti,FULL_REPAIR,8500,TRY,true,telefon_profesoru,INDEPENDENT_REPAIR_SERVICE,https://telefonprofesoru.com/iphone-ekran-degisimi-fiyatlari/,2026-09-29,
APPLE,iPhone 14,,iPhone,14,SCREEN_MODULE,REFURBISHED,Yenilenmiş Orijinal 6 Ay Garanti,FULL_REPAIR,7500,TRY,true,telefon_profesoru,INDEPENDENT_REPAIR_SERVICE,https://telefonprofesoru.com/iphone-ekran-degisimi-fiyatlari/,2026-09-29,
APPLE,iPhone 14,,iPhone,14,SCREEN_MODULE,HIGH_QUALITY,Yüksek Kalite 6 Ay Garanti,FULL_REPAIR,6000,TRY,true,telefon_profesoru,INDEPENDENT_REPAIR_SERVICE,https://telefonprofesoru.com/iphone-ekran-degisimi-fiyatlari/,2026-09-29,
APPLE,iPhone 13 Pro Max,,iPhone,13 Pro Max,SCREEN_MODULE,ORIGINAL,Sıfır Orijinal 6 Ay Garanti,FULL_REPAIR,18400,TRY,true,telefon_profesoru,INDEPENDENT_REPAIR_SERVICE,https://telefonprofesoru.com/iphone-ekran-degisimi-fiyatlari/,2026-09-29,
APPLE,iPhone 13 Pro Max,,iPhone,13 Pro Max,SCREEN_MODULE,PULLED,Çıkma Orijinal 6 Ay Garanti,FULL_REPAIR,11100,TRY,true,telefon_profesoru,INDEPENDENT_REPAIR_SERVICE,https://telefonprofesoru.com/iphone-ekran-degisimi-fiyatlari/,2026-09-29,
APPLE,iPhone 13 Pro Max,,iPhone,13 Pro Max,SCREEN_MODULE,REFURBISHED,Yenilenmiş Orijinal 6 Ay Garanti,FULL_REPAIR,9900,TRY,true,telefon_profesoru,INDEPENDENT_REPAIR_SERVICE,https://telefonprofesoru.com/iphone-ekran-degisimi-fiyatlari/,2026-09-29,
APPLE,iPhone 13 Pro Max,,iPhone,13 Pro Max,SCREEN_MODULE,HIGH_QUALITY,Yüksek Kalite 6 Ay Garanti,FULL_REPAIR,7000,TRY,true,telefon_profesoru,INDEPENDENT_REPAIR_SERVICE,https://telefonprofesoru.com/iphone-ekran-degisimi-fiyatlari/,2026-09-29,
APPLE,iPhone 13 Pro,,iPhone,13 Pro,SCREEN_MODULE,ORIGINAL,Sıfır Orijinal 6 Ay Garanti,FULL_REPAIR,16200,TRY,true,telefon_profesoru,INDEPENDENT_REPAIR_SERVICE,https://telefonprofesoru.com/iphone-ekran-degisimi-fiyatlari/,2026-09-29,
APPLE,iPhone 13 Pro,,iPhone,13 Pro,SCREEN_MODULE,PULLED,Çıkma Orijinal 6 Ay Garanti,FULL_REPAIR,9900,TRY,true,telefon_profesoru,INDEPENDENT_REPAIR_SERVICE,https://telefonprofesoru.com/iphone-ekran-degisimi-fiyatlari/,2026-09-29,
APPLE,iPhone 13 Pro,,iPhone,13 Pro,SCREEN_MODULE,REFURBISHED,Yenilenmiş Orijinal 6 Ay Garanti,FULL_REPAIR,8700,TRY,true,telefon_profesoru,INDEPENDENT_REPAIR_SERVICE,https://telefonprofesoru.com/iphone-ekran-degisimi-fiyatlari/,2026-09-29,
APPLE,iPhone 13 Pro,,iPhone,13 Pro,SCREEN_MODULE,HIGH_QUALITY,Yüksek Kalite 6 Ay Garanti,FULL_REPAIR,6500,TRY,true,telefon_profesoru,INDEPENDENT_REPAIR_SERVICE,https://telefonprofesoru.com/iphone-ekran-degisimi-fiyatlari/,2026-09-29,
APPLE,iPhone 13,,iPhone,13,SCREEN_MODULE,ORIGINAL,Sıfır Orijinal 6 Ay Garanti,FULL_REPAIR,9200,TRY,true,telefon_profesoru,INDEPENDENT_REPAIR_SERVICE,https://telefonprofesoru.com/iphone-ekran-degisimi-fiyatlari/,2026-09-29,
APPLE,iPhone 13,,iPhone,13,SCREEN_MODULE,PULLED,Çıkma Orijinal 6 Ay Garanti,FULL_REPAIR,7200,TRY,true,telefon_profesoru,INDEPENDENT_REPAIR_SERVICE,https://telefonprofesoru.com/iphone-ekran-degisimi-fiyatlari/,2026-09-29,
APPLE,iPhone 13,,iPhone,13,SCREEN_MODULE,REFURBISHED,Yenilenmiş Orijinal 6 Ay Garanti,FULL_REPAIR,6500,TRY,true,telefon_profesoru,INDEPENDENT_REPAIR_SERVICE,https://telefonprofesoru.com/iphone-ekran-degisimi-fiyatlari/,2026-09-29,
APPLE,iPhone 13,,iPhone,13,SCREEN_MODULE,HIGH_QUALITY,Yüksek Kalite 6 Ay Garanti,FULL_REPAIR,4500,TRY,true,telefon_profesoru,INDEPENDENT_REPAIR_SERVICE,https://telefonprofesoru.com/iphone-ekran-degisimi-fiyatlari/,2026-09-29,
APPLE,iPhone 13 Mini,,iPhone,13 Mini,SCREEN_MODULE,PULLED,Çıkma Orijinal 6 Ay Garanti,FULL_REPAIR,8250,TRY,true,telefon_profesoru,INDEPENDENT_REPAIR_SERVICE,https://telefonprofesoru.com/iphone-ekran-degisimi-fiyatlari/,2026-09-29,
APPLE,iPhone 13 Mini,,iPhone,13 Mini,SCREEN_MODULE,REFURBISHED,Yenilenmiş Orijinal 6 Ay Garanti,FULL_REPAIR,7500,TRY,true,telefon_profesoru,INDEPENDENT_REPAIR_SERVICE,https://telefonprofesoru.com/iphone-ekran-degisimi-fiyatlari/,2026-09-29,
APPLE,iPhone 13 Mini,,iPhone,13 Mini,SCREEN_MODULE,HIGH_QUALITY,Yüksek Kalite 6 Ay Garanti,FULL_REPAIR,4500,TRY,true,telefon_profesoru,INDEPENDENT_REPAIR_SERVICE,https://telefonprofesoru.com/iphone-ekran-degisimi-fiyatlari/,2026-09-29,
APPLE,iPhone 12 Pro Max,,iPhone,12 Pro Max,SCREEN_MODULE,ORIGINAL,Sıfır Orijinal 6 Ay Garanti,FULL_REPAIR,16200,TRY,true,telefon_profesoru,INDEPENDENT_REPAIR_SERVICE,https://telefonprofesoru.com/iphone-ekran-degisimi-fiyatlari/,2026-09-29,
APPLE,iPhone 12 Pro Max,,iPhone,12 Pro Max,SCREEN_MODULE,PULLED,Çıkma Orijinal 6 Ay Garanti,FULL_REPAIR,10300,TRY,true,telefon_profesoru,INDEPENDENT_REPAIR_SERVICE,https://telefonprofesoru.com/iphone-ekran-degisimi-fiyatlari/,2026-09-29,
APPLE,iPhone 12 Pro Max,,iPhone,12 Pro Max,SCREEN_MODULE,REFURBISHED,Yenilenmiş Orijinal 6 Ay Garanti,FULL_REPAIR,8900,TRY,true,telefon_profesoru,INDEPENDENT_REPAIR_SERVICE,https://telefonprofesoru.com/iphone-ekran-degisimi-fiyatlari/,2026-09-29,
APPLE,iPhone 12 Pro Max,,iPhone,12 Pro Max,SCREEN_MODULE,HIGH_QUALITY,Yüksek Kalite 6 Ay Garanti,FULL_REPAIR,4700,TRY,true,telefon_profesoru,INDEPENDENT_REPAIR_SERVICE,https://telefonprofesoru.com/iphone-ekran-degisimi-fiyatlari/,2026-09-29,
APPLE,iPhone 12 Pro,,iPhone,12 Pro,SCREEN_MODULE,ORIGINAL,Sıfır Orijinal 6 Ay Garanti,FULL_REPAIR,9200,TRY,true,telefon_profesoru,INDEPENDENT_REPAIR_SERVICE,https://telefonprofesoru.com/iphone-ekran-degisimi-fiyatlari/,2026-09-29,
APPLE,iPhone 12 Pro,,iPhone,12 Pro,SCREEN_MODULE,PULLED,Çıkma Orijinal 6 Ay Garanti,FULL_REPAIR,6600,TRY,true,telefon_profesoru,INDEPENDENT_REPAIR_SERVICE,https://telefonprofesoru.com/iphone-ekran-degisimi-fiyatlari/,2026-09-29,
APPLE,iPhone 12 Pro,,iPhone,12 Pro,SCREEN_MODULE,REFURBISHED,Yenilenmiş Orijinal 6 Ay Garanti,FULL_REPAIR,5900,TRY,true,telefon_profesoru,INDEPENDENT_REPAIR_SERVICE,https://telefonprofesoru.com/iphone-ekran-degisimi-fiyatlari/,2026-09-29,
APPLE,iPhone 12 Pro,,iPhone,12 Pro,SCREEN_MODULE,HIGH_QUALITY,Yüksek Kalite 6 Ay Garanti,FULL_REPAIR,3500,TRY,true,telefon_profesoru,INDEPENDENT_REPAIR_SERVICE,https://telefonprofesoru.com/iphone-ekran-degisimi-fiyatlari/,2026-09-29,
APPLE,iPhone 12,,iPhone,12,SCREEN_MODULE,ORIGINAL,Sıfır Orijinal 6 Ay Garanti,FULL_REPAIR,9200,TRY,true,telefon_profesoru,INDEPENDENT_REPAIR_SERVICE,https://telefonprofesoru.com/iphone-ekran-degisimi-fiyatlari/,2026-09-29,
APPLE,iPhone 12,,iPhone,12,SCREEN_MODULE,PULLED,Çıkma Orijinal 6 Ay Garanti,FULL_REPAIR,6600,TRY,true,telefon_profesoru,INDEPENDENT_REPAIR_SERVICE,https://telefonprofesoru.com/iphone-ekran-degisimi-fiyatlari/,2026-09-29,
APPLE,iPhone 12,,iPhone,12,SCREEN_MODULE,REFURBISHED,Yenilenmiş Orijinal 6 Ay Garanti,FULL_REPAIR,5000,TRY,true,telefon_profesoru,INDEPENDENT_REPAIR_SERVICE,https://telefonprofesoru.com/iphone-ekran-degisimi-fiyatlari/,2026-09-29,
APPLE,iPhone 12,,iPhone,12,SCREEN_MODULE,HIGH_QUALITY,Yüksek Kalite 6 Ay Garanti,FULL_REPAIR,3500,TRY,true,telefon_profesoru,INDEPENDENT_REPAIR_SERVICE,https://telefonprofesoru.com/iphone-ekran-degisimi-fiyatlari/,2026-09-29,
APPLE,iPhone 12 Mini,,iPhone,12 Mini,SCREEN_MODULE,PULLED,Çıkma Orijinal 6 Ay Garanti,FULL_REPAIR,7350,TRY,true,telefon_profesoru,INDEPENDENT_REPAIR_SERVICE,https://telefonprofesoru.com/iphone-ekran-degisimi-fiyatlari/,2026-09-29,
APPLE,iPhone 12 Mini,,iPhone,12 Mini,SCREEN_MODULE,REFURBISHED,Yenilenmiş Orijinal 6 Ay Garanti,FULL_REPAIR,5800,TRY,true,telefon_profesoru,INDEPENDENT_REPAIR_SERVICE,https://telefonprofesoru.com/iphone-ekran-degisimi-fiyatlari/,2026-09-29,
APPLE,iPhone 12 Mini,,iPhone,12 Mini,SCREEN_MODULE,HIGH_QUALITY,Yüksek Kalite 6 Ay Garanti,FULL_REPAIR,3500,TRY,true,telefon_profesoru,INDEPENDENT_REPAIR_SERVICE,https://telefonprofesoru.com/iphone-ekran-degisimi-fiyatlari/,2026-09-29,
APPLE,iPhone 11 Pro Max,,iPhone,11 Pro Max,SCREEN_MODULE,ORIGINAL,Sıfır Orijinal 6 Ay Garanti,FULL_REPAIR,7800,TRY,true,telefon_profesoru,INDEPENDENT_REPAIR_SERVICE,https://telefonprofesoru.com/iphone-ekran-degisimi-fiyatlari/,2026-09-29,
APPLE,iPhone 11 Pro Max,,iPhone,11 Pro Max,SCREEN_MODULE,PULLED,Çıkma Orijinal 6 Ay Garanti,FULL_REPAIR,7200,TRY,true,telefon_profesoru,INDEPENDENT_REPAIR_SERVICE,https://telefonprofesoru.com/iphone-ekran-degisimi-fiyatlari/,2026-09-29,
APPLE,iPhone 11 Pro Max,,iPhone,11 Pro Max,SCREEN_MODULE,REFURBISHED,Yenilenmiş Orijinal 6 Ay Garanti,FULL_REPAIR,4500,TRY,true,telefon_profesoru,INDEPENDENT_REPAIR_SERVICE,https://telefonprofesoru.com/iphone-ekran-degisimi-fiyatlari/,2026-09-29,
APPLE,iPhone 11 Pro Max,,iPhone,11 Pro Max,SCREEN_MODULE,HIGH_QUALITY,Yüksek Kalite 6 Ay Garanti,FULL_REPAIR,3250,TRY,true,telefon_profesoru,INDEPENDENT_REPAIR_SERVICE,https://telefonprofesoru.com/iphone-ekran-degisimi-fiyatlari/,2026-09-29,
APPLE,iPhone 11 Pro,,iPhone,11 Pro,SCREEN_MODULE,ORIGINAL,Sıfır Orijinal 6 Ay Garanti,FULL_REPAIR,6900,TRY,true,telefon_profesoru,INDEPENDENT_REPAIR_SERVICE,https://telefonprofesoru.com/iphone-ekran-degisimi-fiyatlari/,2026-09-29,
APPLE,iPhone 11 Pro,,iPhone,11 Pro,SCREEN_MODULE,PULLED,Çıkma Orijinal 6 Ay Garanti,FULL_REPAIR,6400,TRY,true,telefon_profesoru,INDEPENDENT_REPAIR_SERVICE,https://telefonprofesoru.com/iphone-ekran-degisimi-fiyatlari/,2026-09-29,
APPLE,iPhone 11 Pro,,iPhone,11 Pro,SCREEN_MODULE,REFURBISHED,Yenilenmiş Orijinal 6 Ay Garanti,FULL_REPAIR,3800,TRY,true,telefon_profesoru,INDEPENDENT_REPAIR_SERVICE,https://telefonprofesoru.com/iphone-ekran-degisimi-fiyatlari/,2026-09-29,
APPLE,iPhone 11 Pro,,iPhone,11 Pro,SCREEN_MODULE,HIGH_QUALITY,Yüksek Kalite 6 Ay Garanti,FULL_REPAIR,2900,TRY,true,telefon_profesoru,INDEPENDENT_REPAIR_SERVICE,https://telefonprofesoru.com/iphone-ekran-degisimi-fiyatlari/,2026-09-29,
APPLE,iPhone 11,,iPhone,11,SCREEN_MODULE,ORIGINAL,Sıfır Orijinal 6 Ay Garanti,FULL_REPAIR,6400,TRY,true,telefon_profesoru,INDEPENDENT_REPAIR_SERVICE,https://telefonprofesoru.com/iphone-ekran-degisimi-fiyatlari/,2026-09-29,
APPLE,iPhone 11,,iPhone,11,SCREEN_MODULE,PULLED,Çıkma Orijinal 6 Ay Garanti,FULL_REPAIR,4500,TRY,true,telefon_profesoru,INDEPENDENT_REPAIR_SERVICE,https://telefonprofesoru.com/iphone-ekran-degisimi-fiyatlari/,2026-09-29,
APPLE,iPhone 11,,iPhone,11,SCREEN_MODULE,REFURBISHED,Yenilenmiş Orijinal 6 Ay Garanti,FULL_REPAIR,2900,TRY,true,telefon_profesoru,INDEPENDENT_REPAIR_SERVICE,https://telefonprofesoru.com/iphone-ekran-degisimi-fiyatlari/,2026-09-29,
APPLE,iPhone 11,,iPhone,11,SCREEN_MODULE,HIGH_QUALITY,Yüksek Kalite 6 Ay Garanti,FULL_REPAIR,2200,TRY,true,telefon_profesoru,INDEPENDENT_REPAIR_SERVICE,https://telefonprofesoru.com/iphone-ekran-degisimi-fiyatlari/,2026-09-29,
APPLE,iPhone 8 Plus,,iPhone,8 Plus,SCREEN_MODULE,REFURBISHED,Yenilenmiş Orijinal 6 Ay Garanti,FULL_REPAIR,2000,TRY,true,telefon_profesoru,INDEPENDENT_REPAIR_SERVICE,https://telefonprofesoru.com/iphone-ekran-degisimi-fiyatlari/,2026-09-29,
APPLE,iPhone 8 Plus,,iPhone,8 Plus,SCREEN_MODULE,HIGH_QUALITY,Yüksek Kalite 6 Ay Garanti,FULL_REPAIR,1300,TRY,true,telefon_profesoru,INDEPENDENT_REPAIR_SERVICE,https://telefonprofesoru.com/iphone-ekran-degisimi-fiyatlari/,2026-09-29,
APPLE,iPhone 8,,iPhone,8,SCREEN_MODULE,REFURBISHED,Yenilenmiş Orijinal 6 Ay Garanti,FULL_REPAIR,1900,TRY,true,telefon_profesoru,INDEPENDENT_REPAIR_SERVICE,https://telefonprofesoru.com/iphone-ekran-degisimi-fiyatlari/,2026-09-29,
APPLE,iPhone 8,,iPhone,8,SCREEN_MODULE,HIGH_QUALITY,Yüksek Kalite 6 Ay Garanti,FULL_REPAIR,1300,TRY,true,telefon_profesoru,INDEPENDENT_REPAIR_SERVICE,https://telefonprofesoru.com/iphone-ekran-degisimi-fiyatlari/,2026-09-29,
APPLE,iPhone 7 Plus,,iPhone,7 Plus,SCREEN_MODULE,REFURBISHED,Yenilenmiş Orijinal 6 Ay Garanti,FULL_REPAIR,1500,TRY,true,telefon_profesoru,INDEPENDENT_REPAIR_SERVICE,https://telefonprofesoru.com/iphone-ekran-degisimi-fiyatlari/,2026-09-29,
APPLE,iPhone 7 Plus,,iPhone,7 Plus,SCREEN_MODULE,HIGH_QUALITY,Yüksek Kalite 6 Ay Garanti,FULL_REPAIR,1300,TRY,true,telefon_profesoru,INDEPENDENT_REPAIR_SERVICE,https://telefonprofesoru.com/iphone-ekran-degisimi-fiyatlari/,2026-09-29,
APPLE,iPhone 7,,iPhone,7,SCREEN_MODULE,REFURBISHED,Yenilenmiş Orijinal 6 Ay Garanti,FULL_REPAIR,1250,TRY,true,telefon_profesoru,INDEPENDENT_REPAIR_SERVICE,https://telefonprofesoru.com/iphone-ekran-degisimi-fiyatlari/,2026-09-29,
APPLE,iPhone 7,,iPhone,7,SCREEN_MODULE,HIGH_QUALITY,Yüksek Kalite 6 Ay Garanti,FULL_REPAIR,1000,TRY,true,telefon_profesoru,INDEPENDENT_REPAIR_SERVICE,https://telefonprofesoru.com/iphone-ekran-degisimi-fiyatlari/,2026-09-29,
APPLE,iPhone 6/6S Plus,,iPhone,6/6S Plus,SCREEN_MODULE,REFURBISHED,Yenilenmiş Orijinal 6 Ay Garanti,FULL_REPAIR,1200,TRY,true,telefon_profesoru,INDEPENDENT_REPAIR_SERVICE,https://telefonprofesoru.com/iphone-ekran-degisimi-fiyatlari/,2026-09-29,
APPLE,iPhone 6/6S Plus,,iPhone,6/6S Plus,SCREEN_MODULE,HIGH_QUALITY,Yüksek Kalite 6 Ay Garanti,FULL_REPAIR,850,TRY,true,telefon_profesoru,INDEPENDENT_REPAIR_SERVICE,https://telefonprofesoru.com/iphone-ekran-degisimi-fiyatlari/,2026-09-29,
APPLE,iPhone 6/6S,,iPhone,6/6S,SCREEN_MODULE,REFURBISHED,Yenilenmiş Orijinal 6 Ay Garanti,FULL_REPAIR,1000,TRY,true,telefon_profesoru,INDEPENDENT_REPAIR_SERVICE,https://telefonprofesoru.com/iphone-ekran-degisimi-fiyatlari/,2026-09-29,
APPLE,iPhone 6/6S,,iPhone,6/6S,SCREEN_MODULE,HIGH_QUALITY,Yüksek Kalite 6 Ay Garanti,FULL_REPAIR,800,TRY,true,telefon_profesoru,INDEPENDENT_REPAIR_SERVICE,https://telefonprofesoru.com/iphone-ekran-degisimi-fiyatlari/,2026-09-29,
APPLE,iPhone X,,iPhone,X,SCREEN_MODULE,PULLED,Çıkma Orijinal 6 Ay Garanti,FULL_REPAIR,5800,TRY,true,telefon_profesoru,INDEPENDENT_REPAIR_SERVICE,https://telefonprofesoru.com/iphone-ekran-degisimi-fiyatlari/,2026-09-29,
APPLE,iPhone X,,iPhone,X,SCREEN_MODULE,REFURBISHED,Yenilenmiş Orijinal 6 Ay Garanti,FULL_REPAIR,2900,TRY,true,telefon_profesoru,INDEPENDENT_REPAIR_SERVICE,https://telefonprofesoru.com/iphone-ekran-degisimi-fiyatlari/,2026-09-29,
APPLE,iPhone X,,iPhone,X,SCREEN_MODULE,HIGH_QUALITY,Yüksek Kalite 6 Ay Garanti,FULL_REPAIR,2650,TRY,true,telefon_profesoru,INDEPENDENT_REPAIR_SERVICE,https://telefonprofesoru.com/iphone-ekran-degisimi-fiyatlari/,2026-09-29,
APPLE,iPhone XR,,iPhone,XR,SCREEN_MODULE,PULLED,Çıkma Orijinal 6 Ay Garanti,FULL_REPAIR,5200,TRY,true,telefon_profesoru,INDEPENDENT_REPAIR_SERVICE,https://telefonprofesoru.com/iphone-ekran-degisimi-fiyatlari/,2026-09-29,
APPLE,iPhone XR,,iPhone,XR,SCREEN_MODULE,REFURBISHED,Yenilenmiş Orijinal 6 Ay Garanti,FULL_REPAIR,2900,TRY,true,telefon_profesoru,INDEPENDENT_REPAIR_SERVICE,https://telefonprofesoru.com/iphone-ekran-degisimi-fiyatlari/,2026-09-29,
APPLE,iPhone XR,,iPhone,XR,SCREEN_MODULE,HIGH_QUALITY,Yüksek Kalite 6 Ay Garanti,FULL_REPAIR,2490,TRY,true,telefon_profesoru,INDEPENDENT_REPAIR_SERVICE,https://telefonprofesoru.com/iphone-ekran-degisimi-fiyatlari/,2026-09-29,
APPLE,iPhone XS,,iPhone,XS,SCREEN_MODULE,PULLED,Çıkma Orijinal 6 Ay Garanti,FULL_REPAIR,5800,TRY,true,telefon_profesoru,INDEPENDENT_REPAIR_SERVICE,https://telefonprofesoru.com/iphone-ekran-degisimi-fiyatlari/,2026-09-29,
APPLE,iPhone XS,,iPhone,XS,SCREEN_MODULE,REFURBISHED,Yenilenmiş Orijinal 6 Ay Garanti,FULL_REPAIR,2900,TRY,true,telefon_profesoru,INDEPENDENT_REPAIR_SERVICE,https://telefonprofesoru.com/iphone-ekran-degisimi-fiyatlari/,2026-09-29,
APPLE,iPhone XS,,iPhone,XS,SCREEN_MODULE,HIGH_QUALITY,Yüksek Kalite 6 Ay Garanti,FULL_REPAIR,2650,TRY,true,telefon_profesoru,INDEPENDENT_REPAIR_SERVICE,https://telefonprofesoru.com/iphone-ekran-degisimi-fiyatlari/,2026-09-29,
APPLE,iPhone XS Max,,iPhone,XS Max,SCREEN_MODULE,PULLED,Çıkma Orijinal 6 Ay Garanti,FULL_REPAIR,6300,TRY,true,telefon_profesoru,INDEPENDENT_REPAIR_SERVICE,https://telefonprofesoru.com/iphone-ekran-degisimi-fiyatlari/,2026-09-29,
APPLE,iPhone XS Max,,iPhone,XS Max,SCREEN_MODULE,REFURBISHED,Yenilenmiş Orijinal 6 Ay Garanti,FULL_REPAIR,3500,TRY,true,telefon_profesoru,INDEPENDENT_REPAIR_SERVICE,https://telefonprofesoru.com/iphone-ekran-degisimi-fiyatlari/,2026-09-29,
APPLE,iPhone XS Max,,iPhone,XS Max,SCREEN_MODULE,HIGH_QUALITY,Yüksek Kalite 6 Ay Garanti,FULL_REPAIR,3000,TRY,true,telefon_profesoru,INDEPENDENT_REPAIR_SERVICE,https://telefonprofesoru.com/iphone-ekran-degisimi-fiyatlari/,2026-09-29,
APPLE,iPhone SE 2020,,iPhone,SE 2020,SCREEN_MODULE,REFURBISHED,Yenilenmiş Orijinal 6 Ay Garanti,FULL_REPAIR,2000,TRY,true,telefon_profesoru,INDEPENDENT_REPAIR_SERVICE,https://telefonprofesoru.com/iphone-ekran-degisimi-fiyatlari/,2026-09-29,
APPLE,iPhone SE 2020,,iPhone,SE 2020,SCREEN_MODULE,HIGH_QUALITY,Yüksek Kalite 6 Ay Garanti,FULL_REPAIR,1800,TRY,true,telefon_profesoru,INDEPENDENT_REPAIR_SERVICE,https://telefonprofesoru.com/iphone-ekran-degisimi-fiyatlari/,2026-09-29,
APPLE,iPhone 18 Pro Max,,iPhone,18 Pro Max,OUTER_SCREEN,UNKNOWN,Ön Cam 6 Ay Garanti,FULL_REPAIR,9950,TRY,true,telefon_profesoru,INDEPENDENT_REPAIR_SERVICE,https://telefonprofesoru.com/iphone-on-cam-degisimi-fiyatlari/,2026-09-29,tek katmanlı sütun; kaynak kalite etiketi yok
APPLE,iPhone 18 Pro,,iPhone,18 Pro,OUTER_SCREEN,UNKNOWN,Ön Cam 6 Ay Garanti,FULL_REPAIR,9950,TRY,true,telefon_profesoru,INDEPENDENT_REPAIR_SERVICE,https://telefonprofesoru.com/iphone-on-cam-degisimi-fiyatlari/,2026-09-29,tek katmanlı sütun; kaynak kalite etiketi yok
APPLE,iPhone 18,,iPhone,18,OUTER_SCREEN,UNKNOWN,Ön Cam 6 Ay Garanti,FULL_REPAIR,8250,TRY,true,telefon_profesoru,INDEPENDENT_REPAIR_SERVICE,https://telefonprofesoru.com/iphone-on-cam-degisimi-fiyatlari/,2026-09-29,tek katmanlı sütun; kaynak kalite etiketi yok
APPLE,iPhone 17 Pro Max,,iPhone,17 Pro Max,OUTER_SCREEN,UNKNOWN,Ön Cam 6 Ay Garanti,FULL_REPAIR,7900,TRY,true,telefon_profesoru,INDEPENDENT_REPAIR_SERVICE,https://telefonprofesoru.com/iphone-on-cam-degisimi-fiyatlari/,2026-09-29,tek katmanlı sütun; kaynak kalite etiketi yok
APPLE,iPhone 17 Pro,,iPhone,17 Pro,OUTER_SCREEN,UNKNOWN,Ön Cam 6 Ay Garanti,FULL_REPAIR,7850,TRY,true,telefon_profesoru,INDEPENDENT_REPAIR_SERVICE,https://telefonprofesoru.com/iphone-on-cam-degisimi-fiyatlari/,2026-09-29,tek katmanlı sütun; kaynak kalite etiketi yok
APPLE,iPhone 17,,iPhone,17,OUTER_SCREEN,UNKNOWN,Ön Cam 6 Ay Garanti,FULL_REPAIR,6500,TRY,true,telefon_profesoru,INDEPENDENT_REPAIR_SERVICE,https://telefonprofesoru.com/iphone-on-cam-degisimi-fiyatlari/,2026-09-29,tek katmanlı sütun; kaynak kalite etiketi yok
APPLE,iPhone 8 Plus,,iPhone,8 Plus,OUTER_SCREEN,UNKNOWN,Ön Cam 6 Ay Garanti,FULL_REPAIR,1500,TRY,true,telefon_profesoru,INDEPENDENT_REPAIR_SERVICE,https://telefonprofesoru.com/iphone-on-cam-degisimi-fiyatlari/,2026-09-29,tek katmanlı sütun; kaynak kalite etiketi yok
APPLE,iPhone 8,,iPhone,8,OUTER_SCREEN,UNKNOWN,Ön Cam 6 Ay Garanti,FULL_REPAIR,1450,TRY,true,telefon_profesoru,INDEPENDENT_REPAIR_SERVICE,https://telefonprofesoru.com/iphone-on-cam-degisimi-fiyatlari/,2026-09-29,tek katmanlı sütun; kaynak kalite etiketi yok
APPLE,iPhone 7 Plus,,iPhone,7 Plus,OUTER_SCREEN,UNKNOWN,Ön Cam 6 Ay Garanti,FULL_REPAIR,1400,TRY,true,telefon_profesoru,INDEPENDENT_REPAIR_SERVICE,https://telefonprofesoru.com/iphone-on-cam-degisimi-fiyatlari/,2026-09-29,tek katmanlı sütun; kaynak kalite etiketi yok
APPLE,iPhone 7,,iPhone,7,OUTER_SCREEN,UNKNOWN,Ön Cam 6 Ay Garanti,FULL_REPAIR,1250,TRY,true,telefon_profesoru,INDEPENDENT_REPAIR_SERVICE,https://telefonprofesoru.com/iphone-on-cam-degisimi-fiyatlari/,2026-09-29,tek katmanlı sütun; kaynak kalite etiketi yok
APPLE,iPhone 6/6S Plus,,iPhone,6/6S Plus,OUTER_SCREEN,UNKNOWN,Ön Cam 6 Ay Garanti,FULL_REPAIR,750,TRY,true,telefon_profesoru,INDEPENDENT_REPAIR_SERVICE,https://telefonprofesoru.com/iphone-on-cam-degisimi-fiyatlari/,2026-09-29,tek katmanlı sütun; kaynak kalite etiketi yok
APPLE,iPhone 6/6S,,iPhone,6/6S,OUTER_SCREEN,UNKNOWN,Ön Cam 6 Ay Garanti,FULL_REPAIR,700,TRY,true,telefon_profesoru,INDEPENDENT_REPAIR_SERVICE,https://telefonprofesoru.com/iphone-on-cam-degisimi-fiyatlari/,2026-09-29,tek katmanlı sütun; kaynak kalite etiketi yok
APPLE,iPhone X,,iPhone,X,OUTER_SCREEN,UNKNOWN,Ön Cam 6 Ay Garanti,FULL_REPAIR,1800,TRY,true,telefon_profesoru,INDEPENDENT_REPAIR_SERVICE,https://telefonprofesoru.com/iphone-on-cam-degisimi-fiyatlari/,2026-09-29,tek katmanlı sütun; kaynak kalite etiketi yok
APPLE,iPhone XR,,iPhone,XR,OUTER_SCREEN,UNKNOWN,Ön Cam 6 Ay Garanti,FULL_REPAIR,1750,TRY,true,telefon_profesoru,INDEPENDENT_REPAIR_SERVICE,https://telefonprofesoru.com/iphone-on-cam-degisimi-fiyatlari/,2026-09-29,tek katmanlı sütun; kaynak kalite etiketi yok
APPLE,iPhone XS,,iPhone,XS,OUTER_SCREEN,UNKNOWN,Ön Cam 6 Ay Garanti,FULL_REPAIR,1750,TRY,true,telefon_profesoru,INDEPENDENT_REPAIR_SERVICE,https://telefonprofesoru.com/iphone-on-cam-degisimi-fiyatlari/,2026-09-29,tek katmanlı sütun; kaynak kalite etiketi yok
APPLE,iPhone XS Max,,iPhone,XS Max,OUTER_SCREEN,UNKNOWN,Ön Cam 6 Ay Garanti,FULL_REPAIR,1950,TRY,true,telefon_profesoru,INDEPENDENT_REPAIR_SERVICE,https://telefonprofesoru.com/iphone-on-cam-degisimi-fiyatlari/,2026-09-29,tek katmanlı sütun; kaynak kalite etiketi yok
APPLE,iPhone SE 2020,,iPhone,SE 2020,OUTER_SCREEN,UNKNOWN,Ön Cam 6 Ay Garanti,FULL_REPAIR,1500,TRY,true,telefon_profesoru,INDEPENDENT_REPAIR_SERVICE,https://telefonprofesoru.com/iphone-on-cam-degisimi-fiyatlari/,2026-09-29,tek katmanlı sütun; kaynak kalite etiketi yok
APPLE,iPhone 16 Pro Max,,iPhone,16 Pro Max,OUTER_SCREEN,UNKNOWN,card: KDV dahil net fiyat,FULL_REPAIR,6500,TRY,true,telefon_profesoru,INDEPENDENT_REPAIR_SERVICE,https://telefonprofesoru.com/iphone-on-cam-degisimi-fiyatlari/,2026-09-29,kart satırı; katman etiketi sayfada yok
APPLE,iPhone 16 Pro,,iPhone,16 Pro,OUTER_SCREEN,UNKNOWN,card: KDV dahil net fiyat,FULL_REPAIR,6500,TRY,true,telefon_profesoru,INDEPENDENT_REPAIR_SERVICE,https://telefonprofesoru.com/iphone-on-cam-degisimi-fiyatlari/,2026-09-29,kart satırı; katman etiketi sayfada yok
APPLE,iPhone 16 Plus,,iPhone,16 Plus,OUTER_SCREEN,UNKNOWN,card: KDV dahil net fiyat,FULL_REPAIR,6250,TRY,true,telefon_profesoru,INDEPENDENT_REPAIR_SERVICE,https://telefonprofesoru.com/iphone-on-cam-degisimi-fiyatlari/,2026-09-29,kart satırı; katman etiketi sayfada yok
APPLE,iPhone 17 Pro Max,,iPhone,17 Pro Max,BACK_GLASS,UNKNOWN,Arka Cam 6 Ay Garanti,FULL_REPAIR,7200,TRY,true,telefon_profesoru,INDEPENDENT_REPAIR_SERVICE,https://telefonprofesoru.com/iphone-arka-cam-degisimi-fiyatlari/,2026-09-29,tek katmanlı sütun; kaynak kalite etiketi yok
APPLE,iPhone 17 Pro,,iPhone,17 Pro,BACK_GLASS,UNKNOWN,Arka Cam 6 Ay Garanti,FULL_REPAIR,6700,TRY,true,telefon_profesoru,INDEPENDENT_REPAIR_SERVICE,https://telefonprofesoru.com/iphone-arka-cam-degisimi-fiyatlari/,2026-09-29,tek katmanlı sütun; kaynak kalite etiketi yok
APPLE,iPhone 17,,iPhone,17,BACK_GLASS,UNKNOWN,Arka Cam 6 Ay Garanti,FULL_REPAIR,5500,TRY,true,telefon_profesoru,INDEPENDENT_REPAIR_SERVICE,https://telefonprofesoru.com/iphone-arka-cam-degisimi-fiyatlari/,2026-09-29,tek katmanlı sütun; kaynak kalite etiketi yok
APPLE,iPhone 16 Pro Max,,iPhone,16 Pro Max,BACK_GLASS,UNKNOWN,Arka Cam 6 Ay Garanti,FULL_REPAIR,7200,TRY,true,telefon_profesoru,INDEPENDENT_REPAIR_SERVICE,https://telefonprofesoru.com/iphone-arka-cam-degisimi-fiyatlari/,2026-09-29,tek katmanlı sütun; kaynak kalite etiketi yok
APPLE,iPhone 16 Pro,,iPhone,16 Pro,BACK_GLASS,UNKNOWN,Arka Cam 6 Ay Garanti,FULL_REPAIR,7000,TRY,true,telefon_profesoru,INDEPENDENT_REPAIR_SERVICE,https://telefonprofesoru.com/iphone-arka-cam-degisimi-fiyatlari/,2026-09-29,tek katmanlı sütun; kaynak kalite etiketi yok
APPLE,iPhone 16 Plus,,iPhone,16 Plus,BACK_GLASS,UNKNOWN,Arka Cam 6 Ay Garanti,FULL_REPAIR,5700,TRY,true,telefon_profesoru,INDEPENDENT_REPAIR_SERVICE,https://telefonprofesoru.com/iphone-arka-cam-degisimi-fiyatlari/,2026-09-29,tek katmanlı sütun; kaynak kalite etiketi yok
APPLE,iPhone 16,,iPhone,16,BACK_GLASS,UNKNOWN,Arka Cam 6 Ay Garanti,FULL_REPAIR,5300,TRY,true,telefon_profesoru,INDEPENDENT_REPAIR_SERVICE,https://telefonprofesoru.com/iphone-arka-cam-degisimi-fiyatlari/,2026-09-29,tek katmanlı sütun; kaynak kalite etiketi yok
APPLE,iPhone 15 Pro Max,,iPhone,15 Pro Max,BACK_GLASS,UNKNOWN,Arka Cam 6 Ay Garanti,FULL_REPAIR,5900,TRY,true,telefon_profesoru,INDEPENDENT_REPAIR_SERVICE,https://telefonprofesoru.com/iphone-arka-cam-degisimi-fiyatlari/,2026-09-29,tek katmanlı sütun; kaynak kalite etiketi yok
APPLE,iPhone 15 Pro,,iPhone,15 Pro,BACK_GLASS,UNKNOWN,Arka Cam 6 Ay Garanti,FULL_REPAIR,5500,TRY,true,telefon_profesoru,INDEPENDENT_REPAIR_SERVICE,https://telefonprofesoru.com/iphone-arka-cam-degisimi-fiyatlari/,2026-09-29,tek katmanlı sütun; kaynak kalite etiketi yok
APPLE,iPhone 15 Plus,,iPhone,15 Plus,BACK_GLASS,UNKNOWN,Arka Cam 6 Ay Garanti,FULL_REPAIR,5000,TRY,true,telefon_profesoru,INDEPENDENT_REPAIR_SERVICE,https://telefonprofesoru.com/iphone-arka-cam-degisimi-fiyatlari/,2026-09-29,tek katmanlı sütun; kaynak kalite etiketi yok
APPLE,iPhone 15,,iPhone,15,BACK_GLASS,UNKNOWN,Arka Cam 6 Ay Garanti,FULL_REPAIR,4200,TRY,true,telefon_profesoru,INDEPENDENT_REPAIR_SERVICE,https://telefonprofesoru.com/iphone-arka-cam-degisimi-fiyatlari/,2026-09-29,tek katmanlı sütun; kaynak kalite etiketi yok
APPLE,iPhone 14 Pro Max,,iPhone,14 Pro Max,BACK_GLASS,UNKNOWN,Arka Cam 6 Ay Garanti,FULL_REPAIR,3300,TRY,true,telefon_profesoru,INDEPENDENT_REPAIR_SERVICE,https://telefonprofesoru.com/iphone-arka-cam-degisimi-fiyatlari/,2026-09-29,tek katmanlı sütun; kaynak kalite etiketi yok
APPLE,iPhone 14 Pro,,iPhone,14 Pro,BACK_GLASS,UNKNOWN,Arka Cam 6 Ay Garanti,FULL_REPAIR,3300,TRY,true,telefon_profesoru,INDEPENDENT_REPAIR_SERVICE,https://telefonprofesoru.com/iphone-arka-cam-degisimi-fiyatlari/,2026-09-29,tek katmanlı sütun; kaynak kalite etiketi yok
APPLE,iPhone 14 Plus,,iPhone,14 Plus,BACK_GLASS,UNKNOWN,Arka Cam 6 Ay Garanti,FULL_REPAIR,3600,TRY,true,telefon_profesoru,INDEPENDENT_REPAIR_SERVICE,https://telefonprofesoru.com/iphone-arka-cam-degisimi-fiyatlari/,2026-09-29,tek katmanlı sütun; kaynak kalite etiketi yok
APPLE,iPhone 14,,iPhone,14,BACK_GLASS,UNKNOWN,Arka Cam 6 Ay Garanti,FULL_REPAIR,3500,TRY,true,telefon_profesoru,INDEPENDENT_REPAIR_SERVICE,https://telefonprofesoru.com/iphone-arka-cam-degisimi-fiyatlari/,2026-09-29,tek katmanlı sütun; kaynak kalite etiketi yok
APPLE,iPhone 13 Pro Max,,iPhone,13 Pro Max,BACK_GLASS,UNKNOWN,Arka Cam 6 Ay Garanti,FULL_REPAIR,3200,TRY,true,telefon_profesoru,INDEPENDENT_REPAIR_SERVICE,https://telefonprofesoru.com/iphone-arka-cam-degisimi-fiyatlari/,2026-09-29,tek katmanlı sütun; kaynak kalite etiketi yok
APPLE,iPhone 13 Pro,,iPhone,13 Pro,BACK_GLASS,UNKNOWN,Arka Cam 6 Ay Garanti,FULL_REPAIR,3000,TRY,true,telefon_profesoru,INDEPENDENT_REPAIR_SERVICE,https://telefonprofesoru.com/iphone-arka-cam-degisimi-fiyatlari/,2026-09-29,tek katmanlı sütun; kaynak kalite etiketi yok
APPLE,iPhone 13,,iPhone,13,BACK_GLASS,UNKNOWN,Arka Cam 6 Ay Garanti,FULL_REPAIR,2300,TRY,true,telefon_profesoru,INDEPENDENT_REPAIR_SERVICE,https://telefonprofesoru.com/iphone-arka-cam-degisimi-fiyatlari/,2026-09-29,tek katmanlı sütun; kaynak kalite etiketi yok
APPLE,iPhone 13 Mini,,iPhone,13 Mini,BACK_GLASS,UNKNOWN,Arka Cam 6 Ay Garanti,FULL_REPAIR,1900,TRY,true,telefon_profesoru,INDEPENDENT_REPAIR_SERVICE,https://telefonprofesoru.com/iphone-arka-cam-degisimi-fiyatlari/,2026-09-29,tek katmanlı sütun; kaynak kalite etiketi yok
APPLE,iPhone 12 Pro Max,,iPhone,12 Pro Max,BACK_GLASS,UNKNOWN,Arka Cam 6 Ay Garanti,FULL_REPAIR,1900,TRY,true,telefon_profesoru,INDEPENDENT_REPAIR_SERVICE,https://telefonprofesoru.com/iphone-arka-cam-degisimi-fiyatlari/,2026-09-29,tek katmanlı sütun; kaynak kalite etiketi yok
APPLE,iPhone 12 Pro,,iPhone,12 Pro,BACK_GLASS,UNKNOWN,Arka Cam 6 Ay Garanti,FULL_REPAIR,1900,TRY,true,telefon_profesoru,INDEPENDENT_REPAIR_SERVICE,https://telefonprofesoru.com/iphone-arka-cam-degisimi-fiyatlari/,2026-09-29,tek katmanlı sütun; kaynak kalite etiketi yok
APPLE,iPhone 12,,iPhone,12,BACK_GLASS,UNKNOWN,Arka Cam 6 Ay Garanti,FULL_REPAIR,1900,TRY,true,telefon_profesoru,INDEPENDENT_REPAIR_SERVICE,https://telefonprofesoru.com/iphone-arka-cam-degisimi-fiyatlari/,2026-09-29,tek katmanlı sütun; kaynak kalite etiketi yok
APPLE,iPhone 12 Mini,,iPhone,12 Mini,BACK_GLASS,UNKNOWN,Arka Cam 6 Ay Garanti,FULL_REPAIR,1700,TRY,true,telefon_profesoru,INDEPENDENT_REPAIR_SERVICE,https://telefonprofesoru.com/iphone-arka-cam-degisimi-fiyatlari/,2026-09-29,tek katmanlı sütun; kaynak kalite etiketi yok
APPLE,iPhone 11 Pro Max,,iPhone,11 Pro Max,BACK_GLASS,UNKNOWN,Arka Cam 6 Ay Garanti,FULL_REPAIR,1500,TRY,true,telefon_profesoru,INDEPENDENT_REPAIR_SERVICE,https://telefonprofesoru.com/iphone-arka-cam-degisimi-fiyatlari/,2026-09-29,tek katmanlı sütun; kaynak kalite etiketi yok
APPLE,iPhone 11 Pro,,iPhone,11 Pro,BACK_GLASS,UNKNOWN,Arka Cam 6 Ay Garanti,FULL_REPAIR,1500,TRY,true,telefon_profesoru,INDEPENDENT_REPAIR_SERVICE,https://telefonprofesoru.com/iphone-arka-cam-degisimi-fiyatlari/,2026-09-29,tek katmanlı sütun; kaynak kalite etiketi yok
APPLE,iPhone 11,,iPhone,11,BACK_GLASS,UNKNOWN,Arka Cam 6 Ay Garanti,FULL_REPAIR,1600,TRY,true,telefon_profesoru,INDEPENDENT_REPAIR_SERVICE,https://telefonprofesoru.com/iphone-arka-cam-degisimi-fiyatlari/,2026-09-29,tek katmanlı sütun; kaynak kalite etiketi yok
APPLE,iPhone SE 2020,,iPhone,SE 2020,BACK_GLASS,UNKNOWN,Arka Cam 6 Ay Garanti,FULL_REPAIR,1300,TRY,true,telefon_profesoru,INDEPENDENT_REPAIR_SERVICE,https://telefonprofesoru.com/iphone-arka-cam-degisimi-fiyatlari/,2026-09-29,tek katmanlı sütun; kaynak kalite etiketi yok
APPLE,iPhone 8 Plus,,iPhone,8 Plus,BACK_GLASS,UNKNOWN,card: KDV dahil net fiyat,FULL_REPAIR,1300,TRY,true,telefon_profesoru,INDEPENDENT_REPAIR_SERVICE,https://telefonprofesoru.com/iphone-arka-cam-degisimi-fiyatlari/,2026-09-29,kart satırı; katman etiketi sayfada yok
APPLE,iPhone 17 Pro Max,,iPhone,17 Pro Max,CHARGING_PORT,UNKNOWN,Şarj Soketi 6 Ay Garanti,FULL_REPAIR,6500,TRY,true,telefon_profesoru,INDEPENDENT_REPAIR_SERVICE,https://telefonprofesoru.com/iphone-sarj-soketi-degisimi-fiyatlari/,2026-09-29,tek katmanlı sütun; kaynak kalite etiketi yok
APPLE,iPhone 17 Pro,,iPhone,17 Pro,CHARGING_PORT,UNKNOWN,Şarj Soketi 6 Ay Garanti,FULL_REPAIR,6000,TRY,true,telefon_profesoru,INDEPENDENT_REPAIR_SERVICE,https://telefonprofesoru.com/iphone-sarj-soketi-degisimi-fiyatlari/,2026-09-29,tek katmanlı sütun; kaynak kalite etiketi yok
APPLE,iPhone 17,,iPhone,17,CHARGING_PORT,UNKNOWN,Şarj Soketi 6 Ay Garanti,FULL_REPAIR,5500,TRY,true,telefon_profesoru,INDEPENDENT_REPAIR_SERVICE,https://telefonprofesoru.com/iphone-sarj-soketi-degisimi-fiyatlari/,2026-09-29,tek katmanlı sütun; kaynak kalite etiketi yok
APPLE,iPhone 16 Pro Max,,iPhone,16 Pro Max,CHARGING_PORT,UNKNOWN,Şarj Soketi 6 Ay Garanti,FULL_REPAIR,5500,TRY,true,telefon_profesoru,INDEPENDENT_REPAIR_SERVICE,https://telefonprofesoru.com/iphone-sarj-soketi-degisimi-fiyatlari/,2026-09-29,tek katmanlı sütun; kaynak kalite etiketi yok
APPLE,iPhone 16 Pro,,iPhone,16 Pro,CHARGING_PORT,UNKNOWN,Şarj Soketi 6 Ay Garanti,FULL_REPAIR,5500,TRY,true,telefon_profesoru,INDEPENDENT_REPAIR_SERVICE,https://telefonprofesoru.com/iphone-sarj-soketi-degisimi-fiyatlari/,2026-09-29,tek katmanlı sütun; kaynak kalite etiketi yok
APPLE,iPhone 16 Plus,,iPhone,16 Plus,CHARGING_PORT,UNKNOWN,Şarj Soketi 6 Ay Garanti,FULL_REPAIR,5500,TRY,true,telefon_profesoru,INDEPENDENT_REPAIR_SERVICE,https://telefonprofesoru.com/iphone-sarj-soketi-degisimi-fiyatlari/,2026-09-29,tek katmanlı sütun; kaynak kalite etiketi yok
APPLE,iPhone 16,,iPhone,16,CHARGING_PORT,UNKNOWN,Şarj Soketi 6 Ay Garanti,FULL_REPAIR,4500,TRY,true,telefon_profesoru,INDEPENDENT_REPAIR_SERVICE,https://telefonprofesoru.com/iphone-sarj-soketi-degisimi-fiyatlari/,2026-09-29,tek katmanlı sütun; kaynak kalite etiketi yok
APPLE,iPhone 15 Pro Max,,iPhone,15 Pro Max,CHARGING_PORT,UNKNOWN,Şarj Soketi 6 Ay Garanti,FULL_REPAIR,5000,TRY,true,telefon_profesoru,INDEPENDENT_REPAIR_SERVICE,https://telefonprofesoru.com/iphone-sarj-soketi-degisimi-fiyatlari/,2026-09-29,tek katmanlı sütun; kaynak kalite etiketi yok
APPLE,iPhone 15 Pro,,iPhone,15 Pro,CHARGING_PORT,UNKNOWN,Şarj Soketi 6 Ay Garanti,FULL_REPAIR,4500,TRY,true,telefon_profesoru,INDEPENDENT_REPAIR_SERVICE,https://telefonprofesoru.com/iphone-sarj-soketi-degisimi-fiyatlari/,2026-09-29,tek katmanlı sütun; kaynak kalite etiketi yok
APPLE,iPhone 15 Plus,,iPhone,15 Plus,CHARGING_PORT,UNKNOWN,Şarj Soketi 6 Ay Garanti,FULL_REPAIR,4000,TRY,true,telefon_profesoru,INDEPENDENT_REPAIR_SERVICE,https://telefonprofesoru.com/iphone-sarj-soketi-degisimi-fiyatlari/,2026-09-29,tek katmanlı sütun; kaynak kalite etiketi yok
APPLE,iPhone 15,,iPhone,15,CHARGING_PORT,UNKNOWN,Şarj Soketi 6 Ay Garanti,FULL_REPAIR,4000,TRY,true,telefon_profesoru,INDEPENDENT_REPAIR_SERVICE,https://telefonprofesoru.com/iphone-sarj-soketi-degisimi-fiyatlari/,2026-09-29,tek katmanlı sütun; kaynak kalite etiketi yok
APPLE,iPhone 14 Pro Max,,iPhone,14 Pro Max,CHARGING_PORT,UNKNOWN,Şarj Soketi 6 Ay Garanti,FULL_REPAIR,3500,TRY,true,telefon_profesoru,INDEPENDENT_REPAIR_SERVICE,https://telefonprofesoru.com/iphone-sarj-soketi-degisimi-fiyatlari/,2026-09-29,tek katmanlı sütun; kaynak kalite etiketi yok
APPLE,iPhone 14 Pro,,iPhone,14 Pro,CHARGING_PORT,UNKNOWN,Şarj Soketi 6 Ay Garanti,FULL_REPAIR,3500,TRY,true,telefon_profesoru,INDEPENDENT_REPAIR_SERVICE,https://telefonprofesoru.com/iphone-sarj-soketi-degisimi-fiyatlari/,2026-09-29,tek katmanlı sütun; kaynak kalite etiketi yok
APPLE,iPhone 14 Plus,,iPhone,14 Plus,CHARGING_PORT,UNKNOWN,Şarj Soketi 6 Ay Garanti,FULL_REPAIR,3000,TRY,true,telefon_profesoru,INDEPENDENT_REPAIR_SERVICE,https://telefonprofesoru.com/iphone-sarj-soketi-degisimi-fiyatlari/,2026-09-29,tek katmanlı sütun; kaynak kalite etiketi yok
APPLE,iPhone 14,,iPhone,14,CHARGING_PORT,UNKNOWN,Şarj Soketi 6 Ay Garanti,FULL_REPAIR,3000,TRY,true,telefon_profesoru,INDEPENDENT_REPAIR_SERVICE,https://telefonprofesoru.com/iphone-sarj-soketi-degisimi-fiyatlari/,2026-09-29,tek katmanlı sütun; kaynak kalite etiketi yok
APPLE,iPhone 13 Pro Max,,iPhone,13 Pro Max,CHARGING_PORT,UNKNOWN,Şarj Soketi 6 Ay Garanti,FULL_REPAIR,3500,TRY,true,telefon_profesoru,INDEPENDENT_REPAIR_SERVICE,https://telefonprofesoru.com/iphone-sarj-soketi-degisimi-fiyatlari/,2026-09-29,tek katmanlı sütun; kaynak kalite etiketi yok
APPLE,iPhone 13 Pro,,iPhone,13 Pro,CHARGING_PORT,UNKNOWN,Şarj Soketi 6 Ay Garanti,FULL_REPAIR,3000,TRY,true,telefon_profesoru,INDEPENDENT_REPAIR_SERVICE,https://telefonprofesoru.com/iphone-sarj-soketi-degisimi-fiyatlari/,2026-09-29,tek katmanlı sütun; kaynak kalite etiketi yok
APPLE,iPhone 13,,iPhone,13,CHARGING_PORT,UNKNOWN,Şarj Soketi 6 Ay Garanti,FULL_REPAIR,2500,TRY,true,telefon_profesoru,INDEPENDENT_REPAIR_SERVICE,https://telefonprofesoru.com/iphone-sarj-soketi-degisimi-fiyatlari/,2026-09-29,tek katmanlı sütun; kaynak kalite etiketi yok
APPLE,iPhone 13 Mini,,iPhone,13 Mini,CHARGING_PORT,UNKNOWN,Şarj Soketi 6 Ay Garanti,FULL_REPAIR,2500,TRY,true,telefon_profesoru,INDEPENDENT_REPAIR_SERVICE,https://telefonprofesoru.com/iphone-sarj-soketi-degisimi-fiyatlari/,2026-09-29,tek katmanlı sütun; kaynak kalite etiketi yok
APPLE,iPhone 12 Pro Max,,iPhone,12 Pro Max,CHARGING_PORT,UNKNOWN,Şarj Soketi 6 Ay Garanti,FULL_REPAIR,2500,TRY,true,telefon_profesoru,INDEPENDENT_REPAIR_SERVICE,https://telefonprofesoru.com/iphone-sarj-soketi-degisimi-fiyatlari/,2026-09-29,tek katmanlı sütun; kaynak kalite etiketi yok
APPLE,iPhone 12 Pro,,iPhone,12 Pro,CHARGING_PORT,UNKNOWN,Şarj Soketi 6 Ay Garanti,FULL_REPAIR,2500,TRY,true,telefon_profesoru,INDEPENDENT_REPAIR_SERVICE,https://telefonprofesoru.com/iphone-sarj-soketi-degisimi-fiyatlari/,2026-09-29,tek katmanlı sütun; kaynak kalite etiketi yok
APPLE,iPhone 12,,iPhone,12,CHARGING_PORT,UNKNOWN,Şarj Soketi 6 Ay Garanti,FULL_REPAIR,2000,TRY,true,telefon_profesoru,INDEPENDENT_REPAIR_SERVICE,https://telefonprofesoru.com/iphone-sarj-soketi-degisimi-fiyatlari/,2026-09-29,tek katmanlı sütun; kaynak kalite etiketi yok
APPLE,iPhone 12 Mini,,iPhone,12 Mini,CHARGING_PORT,UNKNOWN,Şarj Soketi 6 Ay Garanti,FULL_REPAIR,2000,TRY,true,telefon_profesoru,INDEPENDENT_REPAIR_SERVICE,https://telefonprofesoru.com/iphone-sarj-soketi-degisimi-fiyatlari/,2026-09-29,tek katmanlı sütun; kaynak kalite etiketi yok
APPLE,iPhone 11 Pro Max,,iPhone,11 Pro Max,CHARGING_PORT,UNKNOWN,Şarj Soketi 6 Ay Garanti,FULL_REPAIR,2000,TRY,true,telefon_profesoru,INDEPENDENT_REPAIR_SERVICE,https://telefonprofesoru.com/iphone-sarj-soketi-degisimi-fiyatlari/,2026-09-29,tek katmanlı sütun; kaynak kalite etiketi yok
APPLE,iPhone 11 Pro,,iPhone,11 Pro,CHARGING_PORT,UNKNOWN,Şarj Soketi 6 Ay Garanti,FULL_REPAIR,2000,TRY,true,telefon_profesoru,INDEPENDENT_REPAIR_SERVICE,https://telefonprofesoru.com/iphone-sarj-soketi-degisimi-fiyatlari/,2026-09-29,tek katmanlı sütun; kaynak kalite etiketi yok
APPLE,iPhone 11,,iPhone,11,CHARGING_PORT,UNKNOWN,Şarj Soketi 6 Ay Garanti,FULL_REPAIR,2000,TRY,true,telefon_profesoru,INDEPENDENT_REPAIR_SERVICE,https://telefonprofesoru.com/iphone-sarj-soketi-degisimi-fiyatlari/,2026-09-29,tek katmanlı sütun; kaynak kalite etiketi yok
APPLE,iPhone 6/6S Plus,,iPhone,6/6S Plus,CHARGING_PORT,UNKNOWN,Şarj Soketi 6 Ay Garanti,FULL_REPAIR,500,TRY,true,telefon_profesoru,INDEPENDENT_REPAIR_SERVICE,https://telefonprofesoru.com/iphone-sarj-soketi-degisimi-fiyatlari/,2026-09-29,tek katmanlı sütun; kaynak kalite etiketi yok
APPLE,iPhone 6/6S,,iPhone,6/6S,CHARGING_PORT,UNKNOWN,Şarj Soketi 6 Ay Garanti,FULL_REPAIR,500,TRY,true,telefon_profesoru,INDEPENDENT_REPAIR_SERVICE,https://telefonprofesoru.com/iphone-sarj-soketi-degisimi-fiyatlari/,2026-09-29,tek katmanlı sütun; kaynak kalite etiketi yok
APPLE,iPhone SE 2020,,iPhone,SE 2020,CHARGING_PORT,UNKNOWN,Şarj Soketi 6 Ay Garanti,FULL_REPAIR,1000,TRY,true,telefon_profesoru,INDEPENDENT_REPAIR_SERVICE,https://telefonprofesoru.com/iphone-sarj-soketi-degisimi-fiyatlari/,2026-09-29,tek katmanlı sütun; kaynak kalite etiketi yok
APPLE,iPhone 8 Plus,,iPhone,8 Plus,CHARGING_PORT,UNKNOWN,card: KDV dahil net fiyat,FULL_REPAIR,900,TRY,true,telefon_profesoru,INDEPENDENT_REPAIR_SERVICE,https://telefonprofesoru.com/iphone-sarj-soketi-degisimi-fiyatlari/,2026-09-29,kart satırı; katman etiketi sayfada yok
APPLE,iPhone 7 Plus,,iPhone,7 Plus,CHARGING_PORT,UNKNOWN,card: KDV dahil net fiyat,FULL_REPAIR,850,TRY,true,telefon_profesoru,INDEPENDENT_REPAIR_SERVICE,https://telefonprofesoru.com/iphone-sarj-soketi-degisimi-fiyatlari/,2026-09-29,kart satırı; katman etiketi sayfada yok
APPLE,iPhone 17 Pro Max,,iPhone,17 Pro Max,CAMERA_REAR,UNKNOWN,Arka Kamera 6 Ay Garanti,FULL_REPAIR,6500,TRY,true,telefon_profesoru,INDEPENDENT_REPAIR_SERVICE,https://telefonprofesoru.com/iphone-arka-kamera-degisimi-fiyatlari/,2026-09-29,tek katmanlı sütun; kaynak kalite etiketi yok
APPLE,iPhone 17 Pro,,iPhone,17 Pro,CAMERA_REAR,UNKNOWN,Arka Kamera 6 Ay Garanti,FULL_REPAIR,6500,TRY,true,telefon_profesoru,INDEPENDENT_REPAIR_SERVICE,https://telefonprofesoru.com/iphone-arka-kamera-degisimi-fiyatlari/,2026-09-29,tek katmanlı sütun; kaynak kalite etiketi yok
APPLE,iPhone 17,,iPhone,17,CAMERA_REAR,UNKNOWN,Arka Kamera 6 Ay Garanti,FULL_REPAIR,6000,TRY,true,telefon_profesoru,INDEPENDENT_REPAIR_SERVICE,https://telefonprofesoru.com/iphone-arka-kamera-degisimi-fiyatlari/,2026-09-29,tek katmanlı sütun; kaynak kalite etiketi yok
APPLE,iPhone 16 Pro Max,,iPhone,16 Pro Max,CAMERA_REAR,UNKNOWN,Arka Kamera 6 Ay Garanti,FULL_REPAIR,7500,TRY,true,telefon_profesoru,INDEPENDENT_REPAIR_SERVICE,https://telefonprofesoru.com/iphone-arka-kamera-degisimi-fiyatlari/,2026-09-29,tek katmanlı sütun; kaynak kalite etiketi yok
APPLE,iPhone 16 Pro,,iPhone,16 Pro,CAMERA_REAR,UNKNOWN,Arka Kamera 6 Ay Garanti,FULL_REPAIR,7500,TRY,true,telefon_profesoru,INDEPENDENT_REPAIR_SERVICE,https://telefonprofesoru.com/iphone-arka-kamera-degisimi-fiyatlari/,2026-09-29,tek katmanlı sütun; kaynak kalite etiketi yok
APPLE,iPhone 16 Plus,,iPhone,16 Plus,CAMERA_REAR,UNKNOWN,Arka Kamera 6 Ay Garanti,FULL_REPAIR,7000,TRY,true,telefon_profesoru,INDEPENDENT_REPAIR_SERVICE,https://telefonprofesoru.com/iphone-arka-kamera-degisimi-fiyatlari/,2026-09-29,tek katmanlı sütun; kaynak kalite etiketi yok
APPLE,iPhone 16,,iPhone,16,CAMERA_REAR,UNKNOWN,Arka Kamera 6 Ay Garanti,FULL_REPAIR,7000,TRY,true,telefon_profesoru,INDEPENDENT_REPAIR_SERVICE,https://telefonprofesoru.com/iphone-arka-kamera-degisimi-fiyatlari/,2026-09-29,tek katmanlı sütun; kaynak kalite etiketi yok
APPLE,iPhone 15 Pro Max,,iPhone,15 Pro Max,CAMERA_REAR,UNKNOWN,Arka Kamera 6 Ay Garanti,FULL_REPAIR,7000,TRY,true,telefon_profesoru,INDEPENDENT_REPAIR_SERVICE,https://telefonprofesoru.com/iphone-arka-kamera-degisimi-fiyatlari/,2026-09-29,tek katmanlı sütun; kaynak kalite etiketi yok
APPLE,iPhone 15 Pro,,iPhone,15 Pro,CAMERA_REAR,UNKNOWN,Arka Kamera 6 Ay Garanti,FULL_REPAIR,7000,TRY,true,telefon_profesoru,INDEPENDENT_REPAIR_SERVICE,https://telefonprofesoru.com/iphone-arka-kamera-degisimi-fiyatlari/,2026-09-29,tek katmanlı sütun; kaynak kalite etiketi yok
APPLE,iPhone 15 Plus,,iPhone,15 Plus,CAMERA_REAR,UNKNOWN,Arka Kamera 6 Ay Garanti,FULL_REPAIR,4500,TRY,true,telefon_profesoru,INDEPENDENT_REPAIR_SERVICE,https://telefonprofesoru.com/iphone-arka-kamera-degisimi-fiyatlari/,2026-09-29,tek katmanlı sütun; kaynak kalite etiketi yok
APPLE,iPhone 15,,iPhone,15,CAMERA_REAR,UNKNOWN,Arka Kamera 6 Ay Garanti,FULL_REPAIR,4500,TRY,true,telefon_profesoru,INDEPENDENT_REPAIR_SERVICE,https://telefonprofesoru.com/iphone-arka-kamera-degisimi-fiyatlari/,2026-09-29,tek katmanlı sütun; kaynak kalite etiketi yok
APPLE,iPhone 14 Pro Max,,iPhone,14 Pro Max,CAMERA_REAR,UNKNOWN,Arka Kamera 6 Ay Garanti,FULL_REPAIR,5250,TRY,true,telefon_profesoru,INDEPENDENT_REPAIR_SERVICE,https://telefonprofesoru.com/iphone-arka-kamera-degisimi-fiyatlari/,2026-09-29,tek katmanlı sütun; kaynak kalite etiketi yok
APPLE,iPhone 14 Pro,,iPhone,14 Pro,CAMERA_REAR,UNKNOWN,Arka Kamera 6 Ay Garanti,FULL_REPAIR,5250,TRY,true,telefon_profesoru,INDEPENDENT_REPAIR_SERVICE,https://telefonprofesoru.com/iphone-arka-kamera-degisimi-fiyatlari/,2026-09-29,tek katmanlı sütun; kaynak kalite etiketi yok
APPLE,iPhone 14 Plus,,iPhone,14 Plus,CAMERA_REAR,UNKNOWN,Arka Kamera 6 Ay Garanti,FULL_REPAIR,5250,TRY,true,telefon_profesoru,INDEPENDENT_REPAIR_SERVICE,https://telefonprofesoru.com/iphone-arka-kamera-degisimi-fiyatlari/,2026-09-29,tek katmanlı sütun; kaynak kalite etiketi yok
APPLE,iPhone 14,,iPhone,14,CAMERA_REAR,UNKNOWN,Arka Kamera 6 Ay Garanti,FULL_REPAIR,5000,TRY,true,telefon_profesoru,INDEPENDENT_REPAIR_SERVICE,https://telefonprofesoru.com/iphone-arka-kamera-degisimi-fiyatlari/,2026-09-29,tek katmanlı sütun; kaynak kalite etiketi yok
APPLE,iPhone 13 Pro Max,,iPhone,13 Pro Max,CAMERA_REAR,UNKNOWN,Arka Kamera 6 Ay Garanti,FULL_REPAIR,5000,TRY,true,telefon_profesoru,INDEPENDENT_REPAIR_SERVICE,https://telefonprofesoru.com/iphone-arka-kamera-degisimi-fiyatlari/,2026-09-29,tek katmanlı sütun; kaynak kalite etiketi yok
APPLE,iPhone 13 Pro,,iPhone,13 Pro,CAMERA_REAR,UNKNOWN,Arka Kamera 6 Ay Garanti,FULL_REPAIR,4950,TRY,true,telefon_profesoru,INDEPENDENT_REPAIR_SERVICE,https://telefonprofesoru.com/iphone-arka-kamera-degisimi-fiyatlari/,2026-09-29,tek katmanlı sütun; kaynak kalite etiketi yok
APPLE,iPhone 13,,iPhone,13,CAMERA_REAR,UNKNOWN,Arka Kamera 6 Ay Garanti,FULL_REPAIR,3900,TRY,true,telefon_profesoru,INDEPENDENT_REPAIR_SERVICE,https://telefonprofesoru.com/iphone-arka-kamera-degisimi-fiyatlari/,2026-09-29,tek katmanlı sütun; kaynak kalite etiketi yok
APPLE,iPhone 13 Mini,,iPhone,13 Mini,CAMERA_REAR,UNKNOWN,Arka Kamera 6 Ay Garanti,FULL_REPAIR,3900,TRY,true,telefon_profesoru,INDEPENDENT_REPAIR_SERVICE,https://telefonprofesoru.com/iphone-arka-kamera-degisimi-fiyatlari/,2026-09-29,tek katmanlı sütun; kaynak kalite etiketi yok
APPLE,iPhone 12 Pro Max,,iPhone,12 Pro Max,CAMERA_REAR,UNKNOWN,Arka Kamera 6 Ay Garanti,FULL_REPAIR,3900,TRY,true,telefon_profesoru,INDEPENDENT_REPAIR_SERVICE,https://telefonprofesoru.com/iphone-arka-kamera-degisimi-fiyatlari/,2026-09-29,tek katmanlı sütun; kaynak kalite etiketi yok
APPLE,iPhone 12 Pro,,iPhone,12 Pro,CAMERA_REAR,UNKNOWN,Arka Kamera 6 Ay Garanti,FULL_REPAIR,3900,TRY,true,telefon_profesoru,INDEPENDENT_REPAIR_SERVICE,https://telefonprofesoru.com/iphone-arka-kamera-degisimi-fiyatlari/,2026-09-29,tek katmanlı sütun; kaynak kalite etiketi yok
APPLE,iPhone 12,,iPhone,12,CAMERA_REAR,UNKNOWN,Arka Kamera 6 Ay Garanti,FULL_REPAIR,3250,TRY,true,telefon_profesoru,INDEPENDENT_REPAIR_SERVICE,https://telefonprofesoru.com/iphone-arka-kamera-degisimi-fiyatlari/,2026-09-29,tek katmanlı sütun; kaynak kalite etiketi yok
APPLE,iPhone 12 Mini,,iPhone,12 Mini,CAMERA_REAR,UNKNOWN,Arka Kamera 6 Ay Garanti,FULL_REPAIR,3250,TRY,true,telefon_profesoru,INDEPENDENT_REPAIR_SERVICE,https://telefonprofesoru.com/iphone-arka-kamera-degisimi-fiyatlari/,2026-09-29,tek katmanlı sütun; kaynak kalite etiketi yok
APPLE,iPhone 11 Pro Max,,iPhone,11 Pro Max,CAMERA_REAR,UNKNOWN,Arka Kamera 6 Ay Garanti,FULL_REPAIR,2500,TRY,true,telefon_profesoru,INDEPENDENT_REPAIR_SERVICE,https://telefonprofesoru.com/iphone-arka-kamera-degisimi-fiyatlari/,2026-09-29,tek katmanlı sütun; kaynak kalite etiketi yok
APPLE,iPhone 11 Pro,,iPhone,11 Pro,CAMERA_REAR,UNKNOWN,Arka Kamera 6 Ay Garanti,FULL_REPAIR,2500,TRY,true,telefon_profesoru,INDEPENDENT_REPAIR_SERVICE,https://telefonprofesoru.com/iphone-arka-kamera-degisimi-fiyatlari/,2026-09-29,tek katmanlı sütun; kaynak kalite etiketi yok
APPLE,iPhone 11,,iPhone,11,CAMERA_REAR,UNKNOWN,Arka Kamera 6 Ay Garanti,FULL_REPAIR,2200,TRY,true,telefon_profesoru,INDEPENDENT_REPAIR_SERVICE,https://telefonprofesoru.com/iphone-arka-kamera-degisimi-fiyatlari/,2026-09-29,tek katmanlı sütun; kaynak kalite etiketi yok
APPLE,iPhone SE 2020,,iPhone,SE 2020,CAMERA_REAR,UNKNOWN,Arka Kamera 6 Ay Garanti,FULL_REPAIR,1500,TRY,true,telefon_profesoru,INDEPENDENT_REPAIR_SERVICE,https://telefonprofesoru.com/iphone-arka-kamera-degisimi-fiyatlari/,2026-09-29,tek katmanlı sütun; kaynak kalite etiketi yok
APPLE,iPhone 8 Plus,,iPhone,8 Plus,CAMERA_REAR,UNKNOWN,card: KDV dahil net fiyat,FULL_REPAIR,1500,TRY,true,telefon_profesoru,INDEPENDENT_REPAIR_SERVICE,https://telefonprofesoru.com/iphone-arka-kamera-degisimi-fiyatlari/,2026-09-29,kart satırı; katman etiketi sayfada yok
APPLE,iPhone 7 Plus,,iPhone,7 Plus,CAMERA_REAR,UNKNOWN,card: KDV dahil net fiyat,FULL_REPAIR,1750,TRY,true,telefon_profesoru,INDEPENDENT_REPAIR_SERVICE,https://telefonprofesoru.com/iphone-arka-kamera-degisimi-fiyatlari/,2026-09-29,kart satırı; katman etiketi sayfada yok
APPLE,iPhone 6/6S Plus,,iPhone,6/6S Plus,CAMERA_REAR,UNKNOWN,card: KDV dahil net fiyat,FULL_REPAIR,750,TRY,true,telefon_profesoru,INDEPENDENT_REPAIR_SERVICE,https://telefonprofesoru.com/iphone-arka-kamera-degisimi-fiyatlari/,2026-09-29,kart satırı; katman etiketi sayfada yok
SAMSUNG,Galaxy Z Fold 7,,Galaxy Z,Z Fold 7,BATTERY,COMPATIBLE,Standart Pil 6 Ay Garanti,FULL_REPAIR,1950,TRY,true,telefon_profesoru,INDEPENDENT_REPAIR_SERVICE,https://telefonprofesoru.com/samsung-pil-degisimi-fiyatlari/,2026-09-29,
SAMSUNG,Galaxy Z Fold 7,,Galaxy Z,Z Fold 7,BATTERY,PREMIUM,Premium Pil 15 Ay Garanti,FULL_REPAIR,2750,TRY,true,telefon_profesoru,INDEPENDENT_REPAIR_SERVICE,https://telefonprofesoru.com/samsung-pil-degisimi-fiyatlari/,2026-09-29,
SAMSUNG,Galaxy Z Fold 7,,Galaxy Z,Z Fold 7,BATTERY,ORIGINAL,Orijinal 15 Ay Garanti,FULL_REPAIR,4000,TRY,true,telefon_profesoru,INDEPENDENT_REPAIR_SERVICE,https://telefonprofesoru.com/samsung-pil-degisimi-fiyatlari/,2026-09-29,
SAMSUNG,Galaxy Z Fold 6,,Galaxy Z,Z Fold 6,BATTERY,COMPATIBLE,Standart Pil 6 Ay Garanti,FULL_REPAIR,1950,TRY,true,telefon_profesoru,INDEPENDENT_REPAIR_SERVICE,https://telefonprofesoru.com/samsung-pil-degisimi-fiyatlari/,2026-09-29,
SAMSUNG,Galaxy Z Fold 6,,Galaxy Z,Z Fold 6,BATTERY,PREMIUM,Premium Pil 15 Ay Garanti,FULL_REPAIR,2750,TRY,true,telefon_profesoru,INDEPENDENT_REPAIR_SERVICE,https://telefonprofesoru.com/samsung-pil-degisimi-fiyatlari/,2026-09-29,
SAMSUNG,Galaxy Z Fold 6,,Galaxy Z,Z Fold 6,BATTERY,ORIGINAL,Orijinal 15 Ay Garanti,FULL_REPAIR,4000,TRY,true,telefon_profesoru,INDEPENDENT_REPAIR_SERVICE,https://telefonprofesoru.com/samsung-pil-degisimi-fiyatlari/,2026-09-29,
SAMSUNG,Galaxy Z Fold 5,,Galaxy Z,Z Fold 5,BATTERY,COMPATIBLE,Standart Pil 6 Ay Garanti,FULL_REPAIR,1950,TRY,true,telefon_profesoru,INDEPENDENT_REPAIR_SERVICE,https://telefonprofesoru.com/samsung-pil-degisimi-fiyatlari/,2026-09-29,
SAMSUNG,Galaxy Z Fold 5,,Galaxy Z,Z Fold 5,BATTERY,PREMIUM,Premium Pil 15 Ay Garanti,FULL_REPAIR,2750,TRY,true,telefon_profesoru,INDEPENDENT_REPAIR_SERVICE,https://telefonprofesoru.com/samsung-pil-degisimi-fiyatlari/,2026-09-29,
SAMSUNG,Galaxy Z Fold 5,,Galaxy Z,Z Fold 5,BATTERY,ORIGINAL,Orijinal 15 Ay Garanti,FULL_REPAIR,4000,TRY,true,telefon_profesoru,INDEPENDENT_REPAIR_SERVICE,https://telefonprofesoru.com/samsung-pil-degisimi-fiyatlari/,2026-09-29,
SAMSUNG,Galaxy Z Fold 4,,Galaxy Z,Z Fold 4,BATTERY,COMPATIBLE,Standart Pil 6 Ay Garanti,FULL_REPAIR,1950,TRY,true,telefon_profesoru,INDEPENDENT_REPAIR_SERVICE,https://telefonprofesoru.com/samsung-pil-degisimi-fiyatlari/,2026-09-29,
SAMSUNG,Galaxy Z Fold 4,,Galaxy Z,Z Fold 4,BATTERY,PREMIUM,Premium Pil 15 Ay Garanti,FULL_REPAIR,2750,TRY,true,telefon_profesoru,INDEPENDENT_REPAIR_SERVICE,https://telefonprofesoru.com/samsung-pil-degisimi-fiyatlari/,2026-09-29,
SAMSUNG,Galaxy Z Fold 4,,Galaxy Z,Z Fold 4,BATTERY,ORIGINAL,Orijinal 15 Ay Garanti,FULL_REPAIR,4000,TRY,true,telefon_profesoru,INDEPENDENT_REPAIR_SERVICE,https://telefonprofesoru.com/samsung-pil-degisimi-fiyatlari/,2026-09-29,
SAMSUNG,Galaxy Z Fold 3,,Galaxy Z,Z Fold 3,BATTERY,COMPATIBLE,Standart Pil 6 Ay Garanti,FULL_REPAIR,1950,TRY,true,telefon_profesoru,INDEPENDENT_REPAIR_SERVICE,https://telefonprofesoru.com/samsung-pil-degisimi-fiyatlari/,2026-09-29,
SAMSUNG,Galaxy Z Fold 3,,Galaxy Z,Z Fold 3,BATTERY,PREMIUM,Premium Pil 15 Ay Garanti,FULL_REPAIR,2750,TRY,true,telefon_profesoru,INDEPENDENT_REPAIR_SERVICE,https://telefonprofesoru.com/samsung-pil-degisimi-fiyatlari/,2026-09-29,
SAMSUNG,Galaxy Z Fold 3,,Galaxy Z,Z Fold 3,BATTERY,ORIGINAL,Orijinal 15 Ay Garanti,FULL_REPAIR,4000,TRY,true,telefon_profesoru,INDEPENDENT_REPAIR_SERVICE,https://telefonprofesoru.com/samsung-pil-degisimi-fiyatlari/,2026-09-29,
SAMSUNG,Galaxy Z Fold 2,,Galaxy Z,Z Fold 2,BATTERY,COMPATIBLE,Standart Pil 6 Ay Garanti,FULL_REPAIR,1950,TRY,true,telefon_profesoru,INDEPENDENT_REPAIR_SERVICE,https://telefonprofesoru.com/samsung-pil-degisimi-fiyatlari/,2026-09-29,
SAMSUNG,Galaxy Z Fold 2,,Galaxy Z,Z Fold 2,BATTERY,PREMIUM,Premium Pil 15 Ay Garanti,FULL_REPAIR,2750,TRY,true,telefon_profesoru,INDEPENDENT_REPAIR_SERVICE,https://telefonprofesoru.com/samsung-pil-degisimi-fiyatlari/,2026-09-29,
SAMSUNG,Galaxy Z Fold 2,,Galaxy Z,Z Fold 2,BATTERY,ORIGINAL,Orijinal 15 Ay Garanti,FULL_REPAIR,4000,TRY,true,telefon_profesoru,INDEPENDENT_REPAIR_SERVICE,https://telefonprofesoru.com/samsung-pil-degisimi-fiyatlari/,2026-09-29,
SAMSUNG,Galaxy Z Fold,,Galaxy Z,Z Fold,BATTERY,COMPATIBLE,Standart Pil 6 Ay Garanti,FULL_REPAIR,1950,TRY,true,telefon_profesoru,INDEPENDENT_REPAIR_SERVICE,https://telefonprofesoru.com/samsung-pil-degisimi-fiyatlari/,2026-09-29,
SAMSUNG,Galaxy Z Fold,,Galaxy Z,Z Fold,BATTERY,PREMIUM,Premium Pil 15 Ay Garanti,FULL_REPAIR,2750,TRY,true,telefon_profesoru,INDEPENDENT_REPAIR_SERVICE,https://telefonprofesoru.com/samsung-pil-degisimi-fiyatlari/,2026-09-29,
SAMSUNG,Galaxy Z Fold,,Galaxy Z,Z Fold,BATTERY,ORIGINAL,Orijinal 15 Ay Garanti,FULL_REPAIR,4000,TRY,true,telefon_profesoru,INDEPENDENT_REPAIR_SERVICE,https://telefonprofesoru.com/samsung-pil-degisimi-fiyatlari/,2026-09-29,
SAMSUNG,Galaxy Z Flip 7,,Galaxy Z,Z Flip 7,BATTERY,COMPATIBLE,Standart Pil 6 Ay Garanti,FULL_REPAIR,1950,TRY,true,telefon_profesoru,INDEPENDENT_REPAIR_SERVICE,https://telefonprofesoru.com/samsung-pil-degisimi-fiyatlari/,2026-09-29,
SAMSUNG,Galaxy Z Flip 7,,Galaxy Z,Z Flip 7,BATTERY,PREMIUM,Premium Pil 15 Ay Garanti,FULL_REPAIR,2750,TRY,true,telefon_profesoru,INDEPENDENT_REPAIR_SERVICE,https://telefonprofesoru.com/samsung-pil-degisimi-fiyatlari/,2026-09-29,
SAMSUNG,Galaxy Z Flip 7,,Galaxy Z,Z Flip 7,BATTERY,ORIGINAL,Orijinal 15 Ay Garanti,FULL_REPAIR,4000,TRY,true,telefon_profesoru,INDEPENDENT_REPAIR_SERVICE,https://telefonprofesoru.com/samsung-pil-degisimi-fiyatlari/,2026-09-29,
SAMSUNG,Galaxy Z Flip 6,,Galaxy Z,Z Flip 6,BATTERY,COMPATIBLE,Standart Pil 6 Ay Garanti,FULL_REPAIR,1950,TRY,true,telefon_profesoru,INDEPENDENT_REPAIR_SERVICE,https://telefonprofesoru.com/samsung-pil-degisimi-fiyatlari/,2026-09-29,
SAMSUNG,Galaxy Z Flip 6,,Galaxy Z,Z Flip 6,BATTERY,PREMIUM,Premium Pil 15 Ay Garanti,FULL_REPAIR,2750,TRY,true,telefon_profesoru,INDEPENDENT_REPAIR_SERVICE,https://telefonprofesoru.com/samsung-pil-degisimi-fiyatlari/,2026-09-29,
SAMSUNG,Galaxy Z Flip 6,,Galaxy Z,Z Flip 6,BATTERY,ORIGINAL,Orijinal 15 Ay Garanti,FULL_REPAIR,4000,TRY,true,telefon_profesoru,INDEPENDENT_REPAIR_SERVICE,https://telefonprofesoru.com/samsung-pil-degisimi-fiyatlari/,2026-09-29,
SAMSUNG,Galaxy Z Flip 5,,Galaxy Z,Z Flip 5,BATTERY,COMPATIBLE,Standart Pil 6 Ay Garanti,FULL_REPAIR,1950,TRY,true,telefon_profesoru,INDEPENDENT_REPAIR_SERVICE,https://telefonprofesoru.com/samsung-pil-degisimi-fiyatlari/,2026-09-29,
SAMSUNG,Galaxy Z Flip 5,,Galaxy Z,Z Flip 5,BATTERY,PREMIUM,Premium Pil 15 Ay Garanti,FULL_REPAIR,2750,TRY,true,telefon_profesoru,INDEPENDENT_REPAIR_SERVICE,https://telefonprofesoru.com/samsung-pil-degisimi-fiyatlari/,2026-09-29,
SAMSUNG,Galaxy Z Flip 5,,Galaxy Z,Z Flip 5,BATTERY,ORIGINAL,Orijinal 15 Ay Garanti,FULL_REPAIR,4000,TRY,true,telefon_profesoru,INDEPENDENT_REPAIR_SERVICE,https://telefonprofesoru.com/samsung-pil-degisimi-fiyatlari/,2026-09-29,
SAMSUNG,Galaxy Z Flip 5G,,Galaxy Z,Z Flip 5G,BATTERY,COMPATIBLE,Standart Pil 6 Ay Garanti,FULL_REPAIR,1950,TRY,true,telefon_profesoru,INDEPENDENT_REPAIR_SERVICE,https://telefonprofesoru.com/samsung-pil-degisimi-fiyatlari/,2026-09-29,
SAMSUNG,Galaxy Z Flip 5G,,Galaxy Z,Z Flip 5G,BATTERY,PREMIUM,Premium Pil 15 Ay Garanti,FULL_REPAIR,2750,TRY,true,telefon_profesoru,INDEPENDENT_REPAIR_SERVICE,https://telefonprofesoru.com/samsung-pil-degisimi-fiyatlari/,2026-09-29,
SAMSUNG,Galaxy Z Flip 5G,,Galaxy Z,Z Flip 5G,BATTERY,ORIGINAL,Orijinal 15 Ay Garanti,FULL_REPAIR,4000,TRY,true,telefon_profesoru,INDEPENDENT_REPAIR_SERVICE,https://telefonprofesoru.com/samsung-pil-degisimi-fiyatlari/,2026-09-29,
SAMSUNG,Galaxy Z Flip 4,,Galaxy Z,Z Flip 4,BATTERY,COMPATIBLE,Standart Pil 6 Ay Garanti,FULL_REPAIR,1950,TRY,true,telefon_profesoru,INDEPENDENT_REPAIR_SERVICE,https://telefonprofesoru.com/samsung-pil-degisimi-fiyatlari/,2026-09-29,
SAMSUNG,Galaxy Z Flip 4,,Galaxy Z,Z Flip 4,BATTERY,PREMIUM,Premium Pil 15 Ay Garanti,FULL_REPAIR,2750,TRY,true,telefon_profesoru,INDEPENDENT_REPAIR_SERVICE,https://telefonprofesoru.com/samsung-pil-degisimi-fiyatlari/,2026-09-29,
SAMSUNG,Galaxy Z Flip 4,,Galaxy Z,Z Flip 4,BATTERY,ORIGINAL,Orijinal 15 Ay Garanti,FULL_REPAIR,4000,TRY,true,telefon_profesoru,INDEPENDENT_REPAIR_SERVICE,https://telefonprofesoru.com/samsung-pil-degisimi-fiyatlari/,2026-09-29,
SAMSUNG,Galaxy Z Flip 3,,Galaxy Z,Z Flip 3,BATTERY,COMPATIBLE,Standart Pil 6 Ay Garanti,FULL_REPAIR,1950,TRY,true,telefon_profesoru,INDEPENDENT_REPAIR_SERVICE,https://telefonprofesoru.com/samsung-pil-degisimi-fiyatlari/,2026-09-29,
SAMSUNG,Galaxy Z Flip 3,,Galaxy Z,Z Flip 3,BATTERY,PREMIUM,Premium Pil 15 Ay Garanti,FULL_REPAIR,2750,TRY,true,telefon_profesoru,INDEPENDENT_REPAIR_SERVICE,https://telefonprofesoru.com/samsung-pil-degisimi-fiyatlari/,2026-09-29,
SAMSUNG,Galaxy Z Flip 3,,Galaxy Z,Z Flip 3,BATTERY,ORIGINAL,Orijinal 15 Ay Garanti,FULL_REPAIR,4000,TRY,true,telefon_profesoru,INDEPENDENT_REPAIR_SERVICE,https://telefonprofesoru.com/samsung-pil-degisimi-fiyatlari/,2026-09-29,
SAMSUNG,Galaxy Z Flip,,Galaxy Z,Z Flip,BATTERY,COMPATIBLE,Standart Pil 6 Ay Garanti,FULL_REPAIR,1950,TRY,true,telefon_profesoru,INDEPENDENT_REPAIR_SERVICE,https://telefonprofesoru.com/samsung-pil-degisimi-fiyatlari/,2026-09-29,
SAMSUNG,Galaxy Z Flip,,Galaxy Z,Z Flip,BATTERY,PREMIUM,Premium Pil 15 Ay Garanti,FULL_REPAIR,2750,TRY,true,telefon_profesoru,INDEPENDENT_REPAIR_SERVICE,https://telefonprofesoru.com/samsung-pil-degisimi-fiyatlari/,2026-09-29,
SAMSUNG,Galaxy Z Flip,,Galaxy Z,Z Flip,BATTERY,ORIGINAL,Orijinal 15 Ay Garanti,FULL_REPAIR,4000,TRY,true,telefon_profesoru,INDEPENDENT_REPAIR_SERVICE,https://telefonprofesoru.com/samsung-pil-degisimi-fiyatlari/,2026-09-29,
SAMSUNG,Galaxy S25 Ultra,,Galaxy S,S25 Ultra,BATTERY,COMPATIBLE,Standart Pil 6 Ay Garanti,FULL_REPAIR,1950,TRY,true,telefon_profesoru,INDEPENDENT_REPAIR_SERVICE,https://telefonprofesoru.com/samsung-pil-degisimi-fiyatlari/,2026-09-29,
SAMSUNG,Galaxy S25 Ultra,,Galaxy S,S25 Ultra,BATTERY,PREMIUM,Premium Pil 15 Ay Garanti,FULL_REPAIR,2750,TRY,true,telefon_profesoru,INDEPENDENT_REPAIR_SERVICE,https://telefonprofesoru.com/samsung-pil-degisimi-fiyatlari/,2026-09-29,
SAMSUNG,Galaxy S25 Ultra,,Galaxy S,S25 Ultra,BATTERY,ORIGINAL,Orijinal 15 Ay Garanti,FULL_REPAIR,4000,TRY,true,telefon_profesoru,INDEPENDENT_REPAIR_SERVICE,https://telefonprofesoru.com/samsung-pil-degisimi-fiyatlari/,2026-09-29,
SAMSUNG,Galaxy S25 Plus,,Galaxy S,S25 Plus,BATTERY,COMPATIBLE,Standart Pil 6 Ay Garanti,FULL_REPAIR,1950,TRY,true,telefon_profesoru,INDEPENDENT_REPAIR_SERVICE,https://telefonprofesoru.com/samsung-pil-degisimi-fiyatlari/,2026-09-29,
SAMSUNG,Galaxy S25 Plus,,Galaxy S,S25 Plus,BATTERY,PREMIUM,Premium Pil 15 Ay Garanti,FULL_REPAIR,2750,TRY,true,telefon_profesoru,INDEPENDENT_REPAIR_SERVICE,https://telefonprofesoru.com/samsung-pil-degisimi-fiyatlari/,2026-09-29,
SAMSUNG,Galaxy S25 Plus,,Galaxy S,S25 Plus,BATTERY,ORIGINAL,Orijinal 15 Ay Garanti,FULL_REPAIR,4000,TRY,true,telefon_profesoru,INDEPENDENT_REPAIR_SERVICE,https://telefonprofesoru.com/samsung-pil-degisimi-fiyatlari/,2026-09-29,
SAMSUNG,Galaxy S25,,Galaxy S,S25,BATTERY,COMPATIBLE,Standart Pil 6 Ay Garanti,FULL_REPAIR,1950,TRY,true,telefon_profesoru,INDEPENDENT_REPAIR_SERVICE,https://telefonprofesoru.com/samsung-pil-degisimi-fiyatlari/,2026-09-29,
SAMSUNG,Galaxy S25,,Galaxy S,S25,BATTERY,PREMIUM,Premium Pil 15 Ay Garanti,FULL_REPAIR,2750,TRY,true,telefon_profesoru,INDEPENDENT_REPAIR_SERVICE,https://telefonprofesoru.com/samsung-pil-degisimi-fiyatlari/,2026-09-29,
SAMSUNG,Galaxy S25,,Galaxy S,S25,BATTERY,ORIGINAL,Orijinal 15 Ay Garanti,FULL_REPAIR,4000,TRY,true,telefon_profesoru,INDEPENDENT_REPAIR_SERVICE,https://telefonprofesoru.com/samsung-pil-degisimi-fiyatlari/,2026-09-29,
SAMSUNG,Galaxy S25 Edge,,Galaxy S,S25 Edge,BATTERY,COMPATIBLE,Standart Pil 6 Ay Garanti,FULL_REPAIR,1950,TRY,true,telefon_profesoru,INDEPENDENT_REPAIR_SERVICE,https://telefonprofesoru.com/samsung-pil-degisimi-fiyatlari/,2026-09-29,
SAMSUNG,Galaxy S25 Edge,,Galaxy S,S25 Edge,BATTERY,PREMIUM,Premium Pil 15 Ay Garanti,FULL_REPAIR,2750,TRY,true,telefon_profesoru,INDEPENDENT_REPAIR_SERVICE,https://telefonprofesoru.com/samsung-pil-degisimi-fiyatlari/,2026-09-29,
SAMSUNG,Galaxy S25 Edge,,Galaxy S,S25 Edge,BATTERY,ORIGINAL,Orijinal 15 Ay Garanti,FULL_REPAIR,4000,TRY,true,telefon_profesoru,INDEPENDENT_REPAIR_SERVICE,https://telefonprofesoru.com/samsung-pil-degisimi-fiyatlari/,2026-09-29,
SAMSUNG,Galaxy S25 FE,,Galaxy S,S25 FE,BATTERY,COMPATIBLE,Standart Pil 6 Ay Garanti,FULL_REPAIR,1950,TRY,true,telefon_profesoru,INDEPENDENT_REPAIR_SERVICE,https://telefonprofesoru.com/samsung-pil-degisimi-fiyatlari/,2026-09-29,
SAMSUNG,Galaxy S25 FE,,Galaxy S,S25 FE,BATTERY,PREMIUM,Premium Pil 15 Ay Garanti,FULL_REPAIR,2750,TRY,true,telefon_profesoru,INDEPENDENT_REPAIR_SERVICE,https://telefonprofesoru.com/samsung-pil-degisimi-fiyatlari/,2026-09-29,
SAMSUNG,Galaxy S25 FE,,Galaxy S,S25 FE,BATTERY,ORIGINAL,Orijinal 15 Ay Garanti,FULL_REPAIR,4000,TRY,true,telefon_profesoru,INDEPENDENT_REPAIR_SERVICE,https://telefonprofesoru.com/samsung-pil-degisimi-fiyatlari/,2026-09-29,
SAMSUNG,Galaxy S23 Ultra,,Galaxy S,S23 Ultra,BATTERY,COMPATIBLE,Standart Pil 6 Ay Garanti,FULL_REPAIR,1850,TRY,true,telefon_profesoru,INDEPENDENT_REPAIR_SERVICE,https://telefonprofesoru.com/samsung-pil-degisimi-fiyatlari/,2026-09-29,
SAMSUNG,Galaxy S23 Ultra,,Galaxy S,S23 Ultra,BATTERY,PREMIUM,Premium Pil 15 Ay Garanti,FULL_REPAIR,2500,TRY,true,telefon_profesoru,INDEPENDENT_REPAIR_SERVICE,https://telefonprofesoru.com/samsung-pil-degisimi-fiyatlari/,2026-09-29,
SAMSUNG,Galaxy S23 Ultra,,Galaxy S,S23 Ultra,BATTERY,ORIGINAL,Orijinal 15 Ay Garanti,FULL_REPAIR,3500,TRY,true,telefon_profesoru,INDEPENDENT_REPAIR_SERVICE,https://telefonprofesoru.com/samsung-pil-degisimi-fiyatlari/,2026-09-29,
SAMSUNG,Galaxy S23 Plus,,Galaxy S,S23 Plus,BATTERY,COMPATIBLE,Standart Pil 6 Ay Garanti,FULL_REPAIR,1850,TRY,true,telefon_profesoru,INDEPENDENT_REPAIR_SERVICE,https://telefonprofesoru.com/samsung-pil-degisimi-fiyatlari/,2026-09-29,
SAMSUNG,Galaxy S23 Plus,,Galaxy S,S23 Plus,BATTERY,PREMIUM,Premium Pil 15 Ay Garanti,FULL_REPAIR,2500,TRY,true,telefon_profesoru,INDEPENDENT_REPAIR_SERVICE,https://telefonprofesoru.com/samsung-pil-degisimi-fiyatlari/,2026-09-29,
SAMSUNG,Galaxy S23 Plus,,Galaxy S,S23 Plus,BATTERY,ORIGINAL,Orijinal 15 Ay Garanti,FULL_REPAIR,3500,TRY,true,telefon_profesoru,INDEPENDENT_REPAIR_SERVICE,https://telefonprofesoru.com/samsung-pil-degisimi-fiyatlari/,2026-09-29,
SAMSUNG,Galaxy S23,,Galaxy S,S23,BATTERY,COMPATIBLE,Standart Pil 6 Ay Garanti,FULL_REPAIR,1850,TRY,true,telefon_profesoru,INDEPENDENT_REPAIR_SERVICE,https://telefonprofesoru.com/samsung-pil-degisimi-fiyatlari/,2026-09-29,
SAMSUNG,Galaxy S23,,Galaxy S,S23,BATTERY,PREMIUM,Premium Pil 15 Ay Garanti,FULL_REPAIR,2500,TRY,true,telefon_profesoru,INDEPENDENT_REPAIR_SERVICE,https://telefonprofesoru.com/samsung-pil-degisimi-fiyatlari/,2026-09-29,
SAMSUNG,Galaxy S23,,Galaxy S,S23,BATTERY,ORIGINAL,Orijinal 15 Ay Garanti,FULL_REPAIR,3500,TRY,true,telefon_profesoru,INDEPENDENT_REPAIR_SERVICE,https://telefonprofesoru.com/samsung-pil-degisimi-fiyatlari/,2026-09-29,
SAMSUNG,Galaxy S23 FE,,Galaxy S,S23 FE,BATTERY,COMPATIBLE,Standart Pil 6 Ay Garanti,FULL_REPAIR,1850,TRY,true,telefon_profesoru,INDEPENDENT_REPAIR_SERVICE,https://telefonprofesoru.com/samsung-pil-degisimi-fiyatlari/,2026-09-29,
SAMSUNG,Galaxy S23 FE,,Galaxy S,S23 FE,BATTERY,PREMIUM,Premium Pil 15 Ay Garanti,FULL_REPAIR,2500,TRY,true,telefon_profesoru,INDEPENDENT_REPAIR_SERVICE,https://telefonprofesoru.com/samsung-pil-degisimi-fiyatlari/,2026-09-29,
SAMSUNG,Galaxy S23 FE,,Galaxy S,S23 FE,BATTERY,ORIGINAL,Orijinal 15 Ay Garanti,FULL_REPAIR,3500,TRY,true,telefon_profesoru,INDEPENDENT_REPAIR_SERVICE,https://telefonprofesoru.com/samsung-pil-degisimi-fiyatlari/,2026-09-29,
SAMSUNG,Galaxy S22 Ultra,,Galaxy S,S22 Ultra,BATTERY,COMPATIBLE,Standart Pil 6 Ay Garanti,FULL_REPAIR,1850,TRY,true,telefon_profesoru,INDEPENDENT_REPAIR_SERVICE,https://telefonprofesoru.com/samsung-pil-degisimi-fiyatlari/,2026-09-29,
SAMSUNG,Galaxy S22 Ultra,,Galaxy S,S22 Ultra,BATTERY,PREMIUM,Premium Pil 15 Ay Garanti,FULL_REPAIR,2500,TRY,true,telefon_profesoru,INDEPENDENT_REPAIR_SERVICE,https://telefonprofesoru.com/samsung-pil-degisimi-fiyatlari/,2026-09-29,
SAMSUNG,Galaxy S22 Ultra,,Galaxy S,S22 Ultra,BATTERY,ORIGINAL,Orijinal 15 Ay Garanti,FULL_REPAIR,3500,TRY,true,telefon_profesoru,INDEPENDENT_REPAIR_SERVICE,https://telefonprofesoru.com/samsung-pil-degisimi-fiyatlari/,2026-09-29,
SAMSUNG,Galaxy S22 Plus,,Galaxy S,S22 Plus,BATTERY,COMPATIBLE,Standart Pil 6 Ay Garanti,FULL_REPAIR,1850,TRY,true,telefon_profesoru,INDEPENDENT_REPAIR_SERVICE,https://telefonprofesoru.com/samsung-pil-degisimi-fiyatlari/,2026-09-29,
SAMSUNG,Galaxy S22 Plus,,Galaxy S,S22 Plus,BATTERY,PREMIUM,Premium Pil 15 Ay Garanti,FULL_REPAIR,2500,TRY,true,telefon_profesoru,INDEPENDENT_REPAIR_SERVICE,https://telefonprofesoru.com/samsung-pil-degisimi-fiyatlari/,2026-09-29,
SAMSUNG,Galaxy S22 Plus,,Galaxy S,S22 Plus,BATTERY,ORIGINAL,Orijinal 15 Ay Garanti,FULL_REPAIR,3500,TRY,true,telefon_profesoru,INDEPENDENT_REPAIR_SERVICE,https://telefonprofesoru.com/samsung-pil-degisimi-fiyatlari/,2026-09-29,
SAMSUNG,Galaxy S22,,Galaxy S,S22,BATTERY,COMPATIBLE,Standart Pil 6 Ay Garanti,FULL_REPAIR,1850,TRY,true,telefon_profesoru,INDEPENDENT_REPAIR_SERVICE,https://telefonprofesoru.com/samsung-pil-degisimi-fiyatlari/,2026-09-29,
SAMSUNG,Galaxy S22,,Galaxy S,S22,BATTERY,PREMIUM,Premium Pil 15 Ay Garanti,FULL_REPAIR,2500,TRY,true,telefon_profesoru,INDEPENDENT_REPAIR_SERVICE,https://telefonprofesoru.com/samsung-pil-degisimi-fiyatlari/,2026-09-29,
SAMSUNG,Galaxy S22,,Galaxy S,S22,BATTERY,ORIGINAL,Orijinal 15 Ay Garanti,FULL_REPAIR,3500,TRY,true,telefon_profesoru,INDEPENDENT_REPAIR_SERVICE,https://telefonprofesoru.com/samsung-pil-degisimi-fiyatlari/,2026-09-29,
SAMSUNG,Galaxy S21 Ultra,,Galaxy S,S21 Ultra,BATTERY,COMPATIBLE,Standart Pil 6 Ay Garanti,FULL_REPAIR,1850,TRY,true,telefon_profesoru,INDEPENDENT_REPAIR_SERVICE,https://telefonprofesoru.com/samsung-pil-degisimi-fiyatlari/,2026-09-29,
SAMSUNG,Galaxy S21 Ultra,,Galaxy S,S21 Ultra,BATTERY,PREMIUM,Premium Pil 15 Ay Garanti,FULL_REPAIR,2500,TRY,true,telefon_profesoru,INDEPENDENT_REPAIR_SERVICE,https://telefonprofesoru.com/samsung-pil-degisimi-fiyatlari/,2026-09-29,
SAMSUNG,Galaxy S21 Ultra,,Galaxy S,S21 Ultra,BATTERY,ORIGINAL,Orijinal 15 Ay Garanti,FULL_REPAIR,3500,TRY,true,telefon_profesoru,INDEPENDENT_REPAIR_SERVICE,https://telefonprofesoru.com/samsung-pil-degisimi-fiyatlari/,2026-09-29,
SAMSUNG,Galaxy S21 Plus,,Galaxy S,S21 Plus,BATTERY,COMPATIBLE,Standart Pil 6 Ay Garanti,FULL_REPAIR,1850,TRY,true,telefon_profesoru,INDEPENDENT_REPAIR_SERVICE,https://telefonprofesoru.com/samsung-pil-degisimi-fiyatlari/,2026-09-29,
SAMSUNG,Galaxy S21 Plus,,Galaxy S,S21 Plus,BATTERY,PREMIUM,Premium Pil 15 Ay Garanti,FULL_REPAIR,2500,TRY,true,telefon_profesoru,INDEPENDENT_REPAIR_SERVICE,https://telefonprofesoru.com/samsung-pil-degisimi-fiyatlari/,2026-09-29,
SAMSUNG,Galaxy S21 Plus,,Galaxy S,S21 Plus,BATTERY,ORIGINAL,Orijinal 15 Ay Garanti,FULL_REPAIR,3250,TRY,true,telefon_profesoru,INDEPENDENT_REPAIR_SERVICE,https://telefonprofesoru.com/samsung-pil-degisimi-fiyatlari/,2026-09-29,
SAMSUNG,Galaxy S21,,Galaxy S,S21,BATTERY,COMPATIBLE,Standart Pil 6 Ay Garanti,FULL_REPAIR,1850,TRY,true,telefon_profesoru,INDEPENDENT_REPAIR_SERVICE,https://telefonprofesoru.com/samsung-pil-degisimi-fiyatlari/,2026-09-29,
SAMSUNG,Galaxy S21,,Galaxy S,S21,BATTERY,PREMIUM,Premium Pil 15 Ay Garanti,FULL_REPAIR,2500,TRY,true,telefon_profesoru,INDEPENDENT_REPAIR_SERVICE,https://telefonprofesoru.com/samsung-pil-degisimi-fiyatlari/,2026-09-29,
SAMSUNG,Galaxy S21,,Galaxy S,S21,BATTERY,ORIGINAL,Orijinal 15 Ay Garanti,FULL_REPAIR,3250,TRY,true,telefon_profesoru,INDEPENDENT_REPAIR_SERVICE,https://telefonprofesoru.com/samsung-pil-degisimi-fiyatlari/,2026-09-29,
SAMSUNG,Galaxy S21 FE,,Galaxy S,S21 FE,BATTERY,COMPATIBLE,Standart Pil 6 Ay Garanti,FULL_REPAIR,1850,TRY,true,telefon_profesoru,INDEPENDENT_REPAIR_SERVICE,https://telefonprofesoru.com/samsung-pil-degisimi-fiyatlari/,2026-09-29,
SAMSUNG,Galaxy S21 FE,,Galaxy S,S21 FE,BATTERY,PREMIUM,Premium Pil 15 Ay Garanti,FULL_REPAIR,2500,TRY,true,telefon_profesoru,INDEPENDENT_REPAIR_SERVICE,https://telefonprofesoru.com/samsung-pil-degisimi-fiyatlari/,2026-09-29,
SAMSUNG,Galaxy S21 FE,,Galaxy S,S21 FE,BATTERY,ORIGINAL,Orijinal 15 Ay Garanti,FULL_REPAIR,3250,TRY,true,telefon_profesoru,INDEPENDENT_REPAIR_SERVICE,https://telefonprofesoru.com/samsung-pil-degisimi-fiyatlari/,2026-09-29,
SAMSUNG,Galaxy S20 Ultra,,Galaxy S,S20 Ultra,BATTERY,COMPATIBLE,Standart Pil 6 Ay Garanti,FULL_REPAIR,1850,TRY,true,telefon_profesoru,INDEPENDENT_REPAIR_SERVICE,https://telefonprofesoru.com/samsung-pil-degisimi-fiyatlari/,2026-09-29,
SAMSUNG,Galaxy S20 Ultra,,Galaxy S,S20 Ultra,BATTERY,PREMIUM,Premium Pil 15 Ay Garanti,FULL_REPAIR,2500,TRY,true,telefon_profesoru,INDEPENDENT_REPAIR_SERVICE,https://telefonprofesoru.com/samsung-pil-degisimi-fiyatlari/,2026-09-29,
SAMSUNG,Galaxy S20 Ultra,,Galaxy S,S20 Ultra,BATTERY,ORIGINAL,Orijinal 15 Ay Garanti,FULL_REPAIR,3250,TRY,true,telefon_profesoru,INDEPENDENT_REPAIR_SERVICE,https://telefonprofesoru.com/samsung-pil-degisimi-fiyatlari/,2026-09-29,
SAMSUNG,Galaxy S20 Plus,,Galaxy S,S20 Plus,BATTERY,COMPATIBLE,Standart Pil 6 Ay Garanti,FULL_REPAIR,1850,TRY,true,telefon_profesoru,INDEPENDENT_REPAIR_SERVICE,https://telefonprofesoru.com/samsung-pil-degisimi-fiyatlari/,2026-09-29,
SAMSUNG,Galaxy S20 Plus,,Galaxy S,S20 Plus,BATTERY,PREMIUM,Premium Pil 15 Ay Garanti,FULL_REPAIR,2500,TRY,true,telefon_profesoru,INDEPENDENT_REPAIR_SERVICE,https://telefonprofesoru.com/samsung-pil-degisimi-fiyatlari/,2026-09-29,
SAMSUNG,Galaxy S20 Plus,,Galaxy S,S20 Plus,BATTERY,ORIGINAL,Orijinal 15 Ay Garanti,FULL_REPAIR,3250,TRY,true,telefon_profesoru,INDEPENDENT_REPAIR_SERVICE,https://telefonprofesoru.com/samsung-pil-degisimi-fiyatlari/,2026-09-29,
SAMSUNG,Galaxy S20,,Galaxy S,S20,BATTERY,COMPATIBLE,Standart Pil 6 Ay Garanti,FULL_REPAIR,1850,TRY,true,telefon_profesoru,INDEPENDENT_REPAIR_SERVICE,https://telefonprofesoru.com/samsung-pil-degisimi-fiyatlari/,2026-09-29,
SAMSUNG,Galaxy S20,,Galaxy S,S20,BATTERY,PREMIUM,Premium Pil 15 Ay Garanti,FULL_REPAIR,2500,TRY,true,telefon_profesoru,INDEPENDENT_REPAIR_SERVICE,https://telefonprofesoru.com/samsung-pil-degisimi-fiyatlari/,2026-09-29,
SAMSUNG,Galaxy S20,,Galaxy S,S20,BATTERY,ORIGINAL,Orijinal 15 Ay Garanti,FULL_REPAIR,3250,TRY,true,telefon_profesoru,INDEPENDENT_REPAIR_SERVICE,https://telefonprofesoru.com/samsung-pil-degisimi-fiyatlari/,2026-09-29,
SAMSUNG,Galaxy S20 FE,,Galaxy S,S20 FE,BATTERY,COMPATIBLE,Standart Pil 6 Ay Garanti,FULL_REPAIR,1850,TRY,true,telefon_profesoru,INDEPENDENT_REPAIR_SERVICE,https://telefonprofesoru.com/samsung-pil-degisimi-fiyatlari/,2026-09-29,
SAMSUNG,Galaxy S20 FE,,Galaxy S,S20 FE,BATTERY,PREMIUM,Premium Pil 15 Ay Garanti,FULL_REPAIR,2500,TRY,true,telefon_profesoru,INDEPENDENT_REPAIR_SERVICE,https://telefonprofesoru.com/samsung-pil-degisimi-fiyatlari/,2026-09-29,
SAMSUNG,Galaxy S20 FE,,Galaxy S,S20 FE,BATTERY,ORIGINAL,Orijinal 15 Ay Garanti,FULL_REPAIR,3250,TRY,true,telefon_profesoru,INDEPENDENT_REPAIR_SERVICE,https://telefonprofesoru.com/samsung-pil-degisimi-fiyatlari/,2026-09-29,
SAMSUNG,Galaxy S10 Plus,,Galaxy S,S10 Plus,BATTERY,COMPATIBLE,Standart Pil 6 Ay Garanti,FULL_REPAIR,1850,TRY,true,telefon_profesoru,INDEPENDENT_REPAIR_SERVICE,https://telefonprofesoru.com/samsung-pil-degisimi-fiyatlari/,2026-09-29,
SAMSUNG,Galaxy S10 Plus,,Galaxy S,S10 Plus,BATTERY,PREMIUM,Premium Pil 15 Ay Garanti,FULL_REPAIR,2500,TRY,true,telefon_profesoru,INDEPENDENT_REPAIR_SERVICE,https://telefonprofesoru.com/samsung-pil-degisimi-fiyatlari/,2026-09-29,
SAMSUNG,Galaxy S10 Plus,,Galaxy S,S10 Plus,BATTERY,ORIGINAL,Orijinal 15 Ay Garanti,FULL_REPAIR,3250,TRY,true,telefon_profesoru,INDEPENDENT_REPAIR_SERVICE,https://telefonprofesoru.com/samsung-pil-degisimi-fiyatlari/,2026-09-29,
SAMSUNG,Galaxy S10,,Galaxy S,S10,BATTERY,COMPATIBLE,Standart Pil 6 Ay Garanti,FULL_REPAIR,1850,TRY,true,telefon_profesoru,INDEPENDENT_REPAIR_SERVICE,https://telefonprofesoru.com/samsung-pil-degisimi-fiyatlari/,2026-09-29,
SAMSUNG,Galaxy S10,,Galaxy S,S10,BATTERY,PREMIUM,Premium Pil 15 Ay Garanti,FULL_REPAIR,2500,TRY,true,telefon_profesoru,INDEPENDENT_REPAIR_SERVICE,https://telefonprofesoru.com/samsung-pil-degisimi-fiyatlari/,2026-09-29,
SAMSUNG,Galaxy S10,,Galaxy S,S10,BATTERY,ORIGINAL,Orijinal 15 Ay Garanti,FULL_REPAIR,3250,TRY,true,telefon_profesoru,INDEPENDENT_REPAIR_SERVICE,https://telefonprofesoru.com/samsung-pil-degisimi-fiyatlari/,2026-09-29,
SAMSUNG,Galaxy S10 5G,,Galaxy S,S10 5G,BATTERY,COMPATIBLE,Standart Pil 6 Ay Garanti,FULL_REPAIR,1850,TRY,true,telefon_profesoru,INDEPENDENT_REPAIR_SERVICE,https://telefonprofesoru.com/samsung-pil-degisimi-fiyatlari/,2026-09-29,
SAMSUNG,Galaxy S10 5G,,Galaxy S,S10 5G,BATTERY,PREMIUM,Premium Pil 15 Ay Garanti,FULL_REPAIR,2500,TRY,true,telefon_profesoru,INDEPENDENT_REPAIR_SERVICE,https://telefonprofesoru.com/samsung-pil-degisimi-fiyatlari/,2026-09-29,
SAMSUNG,Galaxy S10 5G,,Galaxy S,S10 5G,BATTERY,ORIGINAL,Orijinal 15 Ay Garanti,FULL_REPAIR,3250,TRY,true,telefon_profesoru,INDEPENDENT_REPAIR_SERVICE,https://telefonprofesoru.com/samsung-pil-degisimi-fiyatlari/,2026-09-29,
SAMSUNG,Galaxy S10e,,Galaxy S,S10e,BATTERY,COMPATIBLE,Standart Pil 6 Ay Garanti,FULL_REPAIR,1850,TRY,true,telefon_profesoru,INDEPENDENT_REPAIR_SERVICE,https://telefonprofesoru.com/samsung-pil-degisimi-fiyatlari/,2026-09-29,
SAMSUNG,Galaxy S10e,,Galaxy S,S10e,BATTERY,PREMIUM,Premium Pil 15 Ay Garanti,FULL_REPAIR,2500,TRY,true,telefon_profesoru,INDEPENDENT_REPAIR_SERVICE,https://telefonprofesoru.com/samsung-pil-degisimi-fiyatlari/,2026-09-29,
SAMSUNG,Galaxy S10e,,Galaxy S,S10e,BATTERY,ORIGINAL,Orijinal 15 Ay Garanti,FULL_REPAIR,3250,TRY,true,telefon_profesoru,INDEPENDENT_REPAIR_SERVICE,https://telefonprofesoru.com/samsung-pil-degisimi-fiyatlari/,2026-09-29,
SAMSUNG,Galaxy S10 Lite,,Galaxy S,S10 Lite,BATTERY,COMPATIBLE,Standart Pil 6 Ay Garanti,FULL_REPAIR,1850,TRY,true,telefon_profesoru,INDEPENDENT_REPAIR_SERVICE,https://telefonprofesoru.com/samsung-pil-degisimi-fiyatlari/,2026-09-29,
SAMSUNG,Galaxy S10 Lite,,Galaxy S,S10 Lite,BATTERY,PREMIUM,Premium Pil 15 Ay Garanti,FULL_REPAIR,2500,TRY,true,telefon_profesoru,INDEPENDENT_REPAIR_SERVICE,https://telefonprofesoru.com/samsung-pil-degisimi-fiyatlari/,2026-09-29,
SAMSUNG,Galaxy S10 Lite,,Galaxy S,S10 Lite,BATTERY,ORIGINAL,Orijinal 15 Ay Garanti,FULL_REPAIR,3250,TRY,true,telefon_profesoru,INDEPENDENT_REPAIR_SERVICE,https://telefonprofesoru.com/samsung-pil-degisimi-fiyatlari/,2026-09-29,
SAMSUNG,Galaxy S9 Plus,,Galaxy S,S9 Plus,BATTERY,COMPATIBLE,Standart Pil 6 Ay Garanti,FULL_REPAIR,1500,TRY,true,telefon_profesoru,INDEPENDENT_REPAIR_SERVICE,https://telefonprofesoru.com/samsung-pil-degisimi-fiyatlari/,2026-09-29,
SAMSUNG,Galaxy S9 Plus,,Galaxy S,S9 Plus,BATTERY,PREMIUM,Premium Pil 15 Ay Garanti,FULL_REPAIR,2000,TRY,true,telefon_profesoru,INDEPENDENT_REPAIR_SERVICE,https://telefonprofesoru.com/samsung-pil-degisimi-fiyatlari/,2026-09-29,
SAMSUNG,Galaxy S9,,Galaxy S,S9,BATTERY,COMPATIBLE,Standart Pil 6 Ay Garanti,FULL_REPAIR,1500,TRY,true,telefon_profesoru,INDEPENDENT_REPAIR_SERVICE,https://telefonprofesoru.com/samsung-pil-degisimi-fiyatlari/,2026-09-29,
SAMSUNG,Galaxy S9,,Galaxy S,S9,BATTERY,PREMIUM,Premium Pil 15 Ay Garanti,FULL_REPAIR,2000,TRY,true,telefon_profesoru,INDEPENDENT_REPAIR_SERVICE,https://telefonprofesoru.com/samsung-pil-degisimi-fiyatlari/,2026-09-29,
SAMSUNG,Galaxy S8 Plus,,Galaxy S,S8 Plus,BATTERY,COMPATIBLE,Standart Pil 6 Ay Garanti,FULL_REPAIR,1500,TRY,true,telefon_profesoru,INDEPENDENT_REPAIR_SERVICE,https://telefonprofesoru.com/samsung-pil-degisimi-fiyatlari/,2026-09-29,
SAMSUNG,Galaxy S8 Plus,,Galaxy S,S8 Plus,BATTERY,PREMIUM,Premium Pil 15 Ay Garanti,FULL_REPAIR,2000,TRY,true,telefon_profesoru,INDEPENDENT_REPAIR_SERVICE,https://telefonprofesoru.com/samsung-pil-degisimi-fiyatlari/,2026-09-29,
SAMSUNG,Galaxy S8,,Galaxy S,S8,BATTERY,COMPATIBLE,Standart Pil 6 Ay Garanti,FULL_REPAIR,1500,TRY,true,telefon_profesoru,INDEPENDENT_REPAIR_SERVICE,https://telefonprofesoru.com/samsung-pil-degisimi-fiyatlari/,2026-09-29,
SAMSUNG,Galaxy S8,,Galaxy S,S8,BATTERY,PREMIUM,Premium Pil 15 Ay Garanti,FULL_REPAIR,2000,TRY,true,telefon_profesoru,INDEPENDENT_REPAIR_SERVICE,https://telefonprofesoru.com/samsung-pil-degisimi-fiyatlari/,2026-09-29,
SAMSUNG,Galaxy S7,,Galaxy S,S7,BATTERY,COMPATIBLE,Standart Pil 6 Ay Garanti,FULL_REPAIR,1500,TRY,true,telefon_profesoru,INDEPENDENT_REPAIR_SERVICE,https://telefonprofesoru.com/samsung-pil-degisimi-fiyatlari/,2026-09-29,
SAMSUNG,Galaxy S7,,Galaxy S,S7,BATTERY,PREMIUM,Premium Pil 15 Ay Garanti,FULL_REPAIR,2000,TRY,true,telefon_profesoru,INDEPENDENT_REPAIR_SERVICE,https://telefonprofesoru.com/samsung-pil-degisimi-fiyatlari/,2026-09-29,
SAMSUNG,Galaxy S7 Edge,,Galaxy S,S7 Edge,BATTERY,COMPATIBLE,Standart Pil 6 Ay Garanti,FULL_REPAIR,1500,TRY,true,telefon_profesoru,INDEPENDENT_REPAIR_SERVICE,https://telefonprofesoru.com/samsung-pil-degisimi-fiyatlari/,2026-09-29,
SAMSUNG,Galaxy S7 Edge,,Galaxy S,S7 Edge,BATTERY,PREMIUM,Premium Pil 15 Ay Garanti,FULL_REPAIR,2000,TRY,true,telefon_profesoru,INDEPENDENT_REPAIR_SERVICE,https://telefonprofesoru.com/samsung-pil-degisimi-fiyatlari/,2026-09-29,
SAMSUNG,Galaxy S6 Edge Plus,,Galaxy S,S6 Edge Plus,BATTERY,COMPATIBLE,Standart Pil 6 Ay Garanti,FULL_REPAIR,1500,TRY,true,telefon_profesoru,INDEPENDENT_REPAIR_SERVICE,https://telefonprofesoru.com/samsung-pil-degisimi-fiyatlari/,2026-09-29,
SAMSUNG,Galaxy S6 Edge Plus,,Galaxy S,S6 Edge Plus,BATTERY,PREMIUM,Premium Pil 15 Ay Garanti,FULL_REPAIR,2000,TRY,true,telefon_profesoru,INDEPENDENT_REPAIR_SERVICE,https://telefonprofesoru.com/samsung-pil-degisimi-fiyatlari/,2026-09-29,
SAMSUNG,Galaxy S6,,Galaxy S,S6,BATTERY,COMPATIBLE,Standart Pil 6 Ay Garanti,FULL_REPAIR,1500,TRY,true,telefon_profesoru,INDEPENDENT_REPAIR_SERVICE,https://telefonprofesoru.com/samsung-pil-degisimi-fiyatlari/,2026-09-29,
SAMSUNG,Galaxy S6,,Galaxy S,S6,BATTERY,PREMIUM,Premium Pil 15 Ay Garanti,FULL_REPAIR,2000,TRY,true,telefon_profesoru,INDEPENDENT_REPAIR_SERVICE,https://telefonprofesoru.com/samsung-pil-degisimi-fiyatlari/,2026-09-29,
SAMSUNG,Galaxy S6 Edge,,Galaxy S,S6 Edge,BATTERY,COMPATIBLE,Standart Pil 6 Ay Garanti,FULL_REPAIR,1500,TRY,true,telefon_profesoru,INDEPENDENT_REPAIR_SERVICE,https://telefonprofesoru.com/samsung-pil-degisimi-fiyatlari/,2026-09-29,
SAMSUNG,Galaxy S6 Edge,,Galaxy S,S6 Edge,BATTERY,PREMIUM,Premium Pil 15 Ay Garanti,FULL_REPAIR,2000,TRY,true,telefon_profesoru,INDEPENDENT_REPAIR_SERVICE,https://telefonprofesoru.com/samsung-pil-degisimi-fiyatlari/,2026-09-29,
SAMSUNG,Galaxy S5 Mini,,Galaxy S,S5 Mini,BATTERY,COMPATIBLE,Standart Pil 6 Ay Garanti,FULL_REPAIR,1500,TRY,true,telefon_profesoru,INDEPENDENT_REPAIR_SERVICE,https://telefonprofesoru.com/samsung-pil-degisimi-fiyatlari/,2026-09-29,
SAMSUNG,Galaxy S5 Mini,,Galaxy S,S5 Mini,BATTERY,PREMIUM,Premium Pil 15 Ay Garanti,FULL_REPAIR,2000,TRY,true,telefon_profesoru,INDEPENDENT_REPAIR_SERVICE,https://telefonprofesoru.com/samsung-pil-degisimi-fiyatlari/,2026-09-29,
SAMSUNG,Galaxy A80,,Galaxy A,A80,BATTERY,COMPATIBLE,Standart Pil 6 Ay Garanti,FULL_REPAIR,1500,TRY,true,telefon_profesoru,INDEPENDENT_REPAIR_SERVICE,https://telefonprofesoru.com/samsung-pil-degisimi-fiyatlari/,2026-09-29,
SAMSUNG,Galaxy A80,,Galaxy A,A80,BATTERY,PREMIUM,Premium Pil 15 Ay Garanti,FULL_REPAIR,2000,TRY,true,telefon_profesoru,INDEPENDENT_REPAIR_SERVICE,https://telefonprofesoru.com/samsung-pil-degisimi-fiyatlari/,2026-09-29,
SAMSUNG,Galaxy A8 Plus (2018),,Galaxy A,A8 Plus (2018),BATTERY,COMPATIBLE,Standart Pil 6 Ay Garanti,FULL_REPAIR,1500,TRY,true,telefon_profesoru,INDEPENDENT_REPAIR_SERVICE,https://telefonprofesoru.com/samsung-pil-degisimi-fiyatlari/,2026-09-29,
SAMSUNG,Galaxy A8 Plus (2018),,Galaxy A,A8 Plus (2018),BATTERY,PREMIUM,Premium Pil 15 Ay Garanti,FULL_REPAIR,2000,TRY,true,telefon_profesoru,INDEPENDENT_REPAIR_SERVICE,https://telefonprofesoru.com/samsung-pil-degisimi-fiyatlari/,2026-09-29,
SAMSUNG,Galaxy A8,,Galaxy A,A8,BATTERY,COMPATIBLE,Standart Pil 6 Ay Garanti,FULL_REPAIR,1500,TRY,true,telefon_profesoru,INDEPENDENT_REPAIR_SERVICE,https://telefonprofesoru.com/samsung-pil-degisimi-fiyatlari/,2026-09-29,
SAMSUNG,Galaxy A8,,Galaxy A,A8,BATTERY,PREMIUM,Premium Pil 15 Ay Garanti,FULL_REPAIR,2000,TRY,true,telefon_profesoru,INDEPENDENT_REPAIR_SERVICE,https://telefonprofesoru.com/samsung-pil-degisimi-fiyatlari/,2026-09-29,
SAMSUNG,Galaxy A8 (2016),,Galaxy A,A8 (2016),BATTERY,COMPATIBLE,Standart Pil 6 Ay Garanti,FULL_REPAIR,1500,TRY,true,telefon_profesoru,INDEPENDENT_REPAIR_SERVICE,https://telefonprofesoru.com/samsung-pil-degisimi-fiyatlari/,2026-09-29,
SAMSUNG,Galaxy A8 (2016),,Galaxy A,A8 (2016),BATTERY,PREMIUM,Premium Pil 15 Ay Garanti,FULL_REPAIR,2000,TRY,true,telefon_profesoru,INDEPENDENT_REPAIR_SERVICE,https://telefonprofesoru.com/samsung-pil-degisimi-fiyatlari/,2026-09-29,
SAMSUNG,Galaxy A8 (2018),,Galaxy A,A8 (2018),BATTERY,COMPATIBLE,Standart Pil 6 Ay Garanti,FULL_REPAIR,1500,TRY,true,telefon_profesoru,INDEPENDENT_REPAIR_SERVICE,https://telefonprofesoru.com/samsung-pil-degisimi-fiyatlari/,2026-09-29,
SAMSUNG,Galaxy A8 (2018),,Galaxy A,A8 (2018),BATTERY,PREMIUM,Premium Pil 15 Ay Garanti,FULL_REPAIR,2000,TRY,true,telefon_profesoru,INDEPENDENT_REPAIR_SERVICE,https://telefonprofesoru.com/samsung-pil-degisimi-fiyatlari/,2026-09-29,
SAMSUNG,Galaxy A73,,Galaxy A,A73,BATTERY,COMPATIBLE,Standart Pil 6 Ay Garanti,FULL_REPAIR,1500,TRY,true,telefon_profesoru,INDEPENDENT_REPAIR_SERVICE,https://telefonprofesoru.com/samsung-pil-degisimi-fiyatlari/,2026-09-29,
SAMSUNG,Galaxy A73,,Galaxy A,A73,BATTERY,PREMIUM,Premium Pil 15 Ay Garanti,FULL_REPAIR,2000,TRY,true,telefon_profesoru,INDEPENDENT_REPAIR_SERVICE,https://telefonprofesoru.com/samsung-pil-degisimi-fiyatlari/,2026-09-29,
SAMSUNG,Galaxy A73,,Galaxy A,A73,BATTERY,ORIGINAL,Orijinal 15 Ay Garanti,FULL_REPAIR,3250,TRY,true,telefon_profesoru,INDEPENDENT_REPAIR_SERVICE,https://telefonprofesoru.com/samsung-pil-degisimi-fiyatlari/,2026-09-29,
SAMSUNG,Galaxy A72,,Galaxy A,A72,BATTERY,COMPATIBLE,Standart Pil 6 Ay Garanti,FULL_REPAIR,1500,TRY,true,telefon_profesoru,INDEPENDENT_REPAIR_SERVICE,https://telefonprofesoru.com/samsung-pil-degisimi-fiyatlari/,2026-09-29,
SAMSUNG,Galaxy A72,,Galaxy A,A72,BATTERY,PREMIUM,Premium Pil 15 Ay Garanti,FULL_REPAIR,2000,TRY,true,telefon_profesoru,INDEPENDENT_REPAIR_SERVICE,https://telefonprofesoru.com/samsung-pil-degisimi-fiyatlari/,2026-09-29,
SAMSUNG,Galaxy A72,,Galaxy A,A72,BATTERY,ORIGINAL,Orijinal 15 Ay Garanti,FULL_REPAIR,3250,TRY,true,telefon_profesoru,INDEPENDENT_REPAIR_SERVICE,https://telefonprofesoru.com/samsung-pil-degisimi-fiyatlari/,2026-09-29,
SAMSUNG,Galaxy A71,,Galaxy A,A71,BATTERY,COMPATIBLE,Standart Pil 6 Ay Garanti,FULL_REPAIR,1500,TRY,true,telefon_profesoru,INDEPENDENT_REPAIR_SERVICE,https://telefonprofesoru.com/samsung-pil-degisimi-fiyatlari/,2026-09-29,
SAMSUNG,Galaxy A71,,Galaxy A,A71,BATTERY,PREMIUM,Premium Pil 15 Ay Garanti,FULL_REPAIR,2000,TRY,true,telefon_profesoru,INDEPENDENT_REPAIR_SERVICE,https://telefonprofesoru.com/samsung-pil-degisimi-fiyatlari/,2026-09-29,
SAMSUNG,Galaxy A71,,Galaxy A,A71,BATTERY,ORIGINAL,Orijinal 15 Ay Garanti,FULL_REPAIR,3250,TRY,true,telefon_profesoru,INDEPENDENT_REPAIR_SERVICE,https://telefonprofesoru.com/samsung-pil-degisimi-fiyatlari/,2026-09-29,
SAMSUNG,Galaxy A70,,Galaxy A,A70,BATTERY,COMPATIBLE,Standart Pil 6 Ay Garanti,FULL_REPAIR,1500,TRY,true,telefon_profesoru,INDEPENDENT_REPAIR_SERVICE,https://telefonprofesoru.com/samsung-pil-degisimi-fiyatlari/,2026-09-29,
SAMSUNG,Galaxy A70,,Galaxy A,A70,BATTERY,PREMIUM,Premium Pil 15 Ay Garanti,FULL_REPAIR,2000,TRY,true,telefon_profesoru,INDEPENDENT_REPAIR_SERVICE,https://telefonprofesoru.com/samsung-pil-degisimi-fiyatlari/,2026-09-29,
SAMSUNG,Galaxy A70,,Galaxy A,A70,BATTERY,ORIGINAL,Orijinal 15 Ay Garanti,FULL_REPAIR,3250,TRY,true,telefon_profesoru,INDEPENDENT_REPAIR_SERVICE,https://telefonprofesoru.com/samsung-pil-degisimi-fiyatlari/,2026-09-29,
SAMSUNG,Galaxy A7,,Galaxy A,A7,BATTERY,COMPATIBLE,Standart Pil 6 Ay Garanti,FULL_REPAIR,1500,TRY,true,telefon_profesoru,INDEPENDENT_REPAIR_SERVICE,https://telefonprofesoru.com/samsung-pil-degisimi-fiyatlari/,2026-09-29,
SAMSUNG,Galaxy A7,,Galaxy A,A7,BATTERY,PREMIUM,Premium Pil 15 Ay Garanti,FULL_REPAIR,2000,TRY,true,telefon_profesoru,INDEPENDENT_REPAIR_SERVICE,https://telefonprofesoru.com/samsung-pil-degisimi-fiyatlari/,2026-09-29,
SAMSUNG,Galaxy A7 (2016),,Galaxy A,A7 (2016),BATTERY,COMPATIBLE,Standart Pil 6 Ay Garanti,FULL_REPAIR,1500,TRY,true,telefon_profesoru,INDEPENDENT_REPAIR_SERVICE,https://telefonprofesoru.com/samsung-pil-degisimi-fiyatlari/,2026-09-29,
SAMSUNG,Galaxy A7 (2016),,Galaxy A,A7 (2016),BATTERY,PREMIUM,Premium Pil 15 Ay Garanti,FULL_REPAIR,2000,TRY,true,telefon_profesoru,INDEPENDENT_REPAIR_SERVICE,https://telefonprofesoru.com/samsung-pil-degisimi-fiyatlari/,2026-09-29,
SAMSUNG,Galaxy A7 (2017),,Galaxy A,A7 (2017),BATTERY,COMPATIBLE,Standart Pil 6 Ay Garanti,FULL_REPAIR,1500,TRY,true,telefon_profesoru,INDEPENDENT_REPAIR_SERVICE,https://telefonprofesoru.com/samsung-pil-degisimi-fiyatlari/,2026-09-29,
SAMSUNG,Galaxy A7 (2017),,Galaxy A,A7 (2017),BATTERY,PREMIUM,Premium Pil 15 Ay Garanti,FULL_REPAIR,2000,TRY,true,telefon_profesoru,INDEPENDENT_REPAIR_SERVICE,https://telefonprofesoru.com/samsung-pil-degisimi-fiyatlari/,2026-09-29,
SAMSUNG,Galaxy A7 (2018),,Galaxy A,A7 (2018),BATTERY,COMPATIBLE,Standart Pil 6 Ay Garanti,FULL_REPAIR,1500,TRY,true,telefon_profesoru,INDEPENDENT_REPAIR_SERVICE,https://telefonprofesoru.com/samsung-pil-degisimi-fiyatlari/,2026-09-29,
SAMSUNG,Galaxy A7 (2018),,Galaxy A,A7 (2018),BATTERY,PREMIUM,Premium Pil 15 Ay Garanti,FULL_REPAIR,2000,TRY,true,telefon_profesoru,INDEPENDENT_REPAIR_SERVICE,https://telefonprofesoru.com/samsung-pil-degisimi-fiyatlari/,2026-09-29,
SAMSUNG,Galaxy A60,,Galaxy A,A60,BATTERY,COMPATIBLE,Standart Pil 6 Ay Garanti,FULL_REPAIR,1500,TRY,true,telefon_profesoru,INDEPENDENT_REPAIR_SERVICE,https://telefonprofesoru.com/samsung-pil-degisimi-fiyatlari/,2026-09-29,
SAMSUNG,Galaxy A60,,Galaxy A,A60,BATTERY,PREMIUM,Premium Pil 15 Ay Garanti,FULL_REPAIR,2000,TRY,true,telefon_profesoru,INDEPENDENT_REPAIR_SERVICE,https://telefonprofesoru.com/samsung-pil-degisimi-fiyatlari/,2026-09-29,
SAMSUNG,Galaxy A60,,Galaxy A,A60,BATTERY,ORIGINAL,Orijinal 15 Ay Garanti,FULL_REPAIR,3250,TRY,true,telefon_profesoru,INDEPENDENT_REPAIR_SERVICE,https://telefonprofesoru.com/samsung-pil-degisimi-fiyatlari/,2026-09-29,
SAMSUNG,Galaxy A6 Plus,,Galaxy A,A6 Plus,BATTERY,COMPATIBLE,Standart Pil 6 Ay Garanti,FULL_REPAIR,1500,TRY,true,telefon_profesoru,INDEPENDENT_REPAIR_SERVICE,https://telefonprofesoru.com/samsung-pil-degisimi-fiyatlari/,2026-09-29,
SAMSUNG,Galaxy A6 Plus,,Galaxy A,A6 Plus,BATTERY,PREMIUM,Premium Pil 15 Ay Garanti,FULL_REPAIR,2000,TRY,true,telefon_profesoru,INDEPENDENT_REPAIR_SERVICE,https://telefonprofesoru.com/samsung-pil-degisimi-fiyatlari/,2026-09-29,
SAMSUNG,Galaxy A6 Plus (2018),,Galaxy A,A6 Plus (2018),BATTERY,COMPATIBLE,Standart Pil 6 Ay Garanti,FULL_REPAIR,1500,TRY,true,telefon_profesoru,INDEPENDENT_REPAIR_SERVICE,https://telefonprofesoru.com/samsung-pil-degisimi-fiyatlari/,2026-09-29,
SAMSUNG,Galaxy A6 Plus (2018),,Galaxy A,A6 Plus (2018),BATTERY,PREMIUM,Premium Pil 15 Ay Garanti,FULL_REPAIR,2000,TRY,true,telefon_profesoru,INDEPENDENT_REPAIR_SERVICE,https://telefonprofesoru.com/samsung-pil-degisimi-fiyatlari/,2026-09-29,
SAMSUNG,Galaxy A6 (2018),,Galaxy A,A6 (2018),BATTERY,COMPATIBLE,Standart Pil 6 Ay Garanti,FULL_REPAIR,1500,TRY,true,telefon_profesoru,INDEPENDENT_REPAIR_SERVICE,https://telefonprofesoru.com/samsung-pil-degisimi-fiyatlari/,2026-09-29,
SAMSUNG,Galaxy A6 (2018),,Galaxy A,A6 (2018),BATTERY,PREMIUM,Premium Pil 15 Ay Garanti,FULL_REPAIR,2000,TRY,true,telefon_profesoru,INDEPENDENT_REPAIR_SERVICE,https://telefonprofesoru.com/samsung-pil-degisimi-fiyatlari/,2026-09-29,
SAMSUNG,Galaxy A6 (2018),,Galaxy A,A6 (2018),BATTERY,ORIGINAL,Orijinal 15 Ay Garanti,FULL_REPAIR,2800,TRY,true,telefon_profesoru,INDEPENDENT_REPAIR_SERVICE,https://telefonprofesoru.com/samsung-pil-degisimi-fiyatlari/,2026-09-29,
SAMSUNG,Galaxy A56,,Galaxy A,A56,BATTERY,COMPATIBLE,Standart Pil 6 Ay Garanti,FULL_REPAIR,1500,TRY,true,telefon_profesoru,INDEPENDENT_REPAIR_SERVICE,https://telefonprofesoru.com/samsung-pil-degisimi-fiyatlari/,2026-09-29,
SAMSUNG,Galaxy A56,,Galaxy A,A56,BATTERY,PREMIUM,Premium Pil 15 Ay Garanti,FULL_REPAIR,2000,TRY,true,telefon_profesoru,INDEPENDENT_REPAIR_SERVICE,https://telefonprofesoru.com/samsung-pil-degisimi-fiyatlari/,2026-09-29,
SAMSUNG,Galaxy A56,,Galaxy A,A56,BATTERY,ORIGINAL,Orijinal 15 Ay Garanti,FULL_REPAIR,3500,TRY,true,telefon_profesoru,INDEPENDENT_REPAIR_SERVICE,https://telefonprofesoru.com/samsung-pil-degisimi-fiyatlari/,2026-09-29,
SAMSUNG,Galaxy A55,,Galaxy A,A55,BATTERY,COMPATIBLE,Standart Pil 6 Ay Garanti,FULL_REPAIR,1500,TRY,true,telefon_profesoru,INDEPENDENT_REPAIR_SERVICE,https://telefonprofesoru.com/samsung-pil-degisimi-fiyatlari/,2026-09-29,
SAMSUNG,Galaxy A55,,Galaxy A,A55,BATTERY,PREMIUM,Premium Pil 15 Ay Garanti,FULL_REPAIR,2000,TRY,true,telefon_profesoru,INDEPENDENT_REPAIR_SERVICE,https://telefonprofesoru.com/samsung-pil-degisimi-fiyatlari/,2026-09-29,
SAMSUNG,Galaxy A55,,Galaxy A,A55,BATTERY,ORIGINAL,Orijinal 15 Ay Garanti,FULL_REPAIR,3500,TRY,true,telefon_profesoru,INDEPENDENT_REPAIR_SERVICE,https://telefonprofesoru.com/samsung-pil-degisimi-fiyatlari/,2026-09-29,
SAMSUNG,Galaxy A54,,Galaxy A,A54,BATTERY,COMPATIBLE,Standart Pil 6 Ay Garanti,FULL_REPAIR,1500,TRY,true,telefon_profesoru,INDEPENDENT_REPAIR_SERVICE,https://telefonprofesoru.com/samsung-pil-degisimi-fiyatlari/,2026-09-29,
SAMSUNG,Galaxy A54,,Galaxy A,A54,BATTERY,PREMIUM,Premium Pil 15 Ay Garanti,FULL_REPAIR,2000,TRY,true,telefon_profesoru,INDEPENDENT_REPAIR_SERVICE,https://telefonprofesoru.com/samsung-pil-degisimi-fiyatlari/,2026-09-29,
SAMSUNG,Galaxy A54,,Galaxy A,A54,BATTERY,ORIGINAL,Orijinal 15 Ay Garanti,FULL_REPAIR,3500,TRY,true,telefon_profesoru,INDEPENDENT_REPAIR_SERVICE,https://telefonprofesoru.com/samsung-pil-degisimi-fiyatlari/,2026-09-29,
SAMSUNG,Galaxy Z Fold 7,,Galaxy Z,Z Fold 7,SCREEN_MODULE,ORIGINAL,Orijinal Ekran 6 Ay Garanti,FULL_REPAIR,45600,TRY,true,telefon_profesoru,INDEPENDENT_REPAIR_SERVICE,https://telefonprofesoru.com/samsung-ekran-degisimi-fiyatlari/,2026-09-29,
SAMSUNG,Galaxy Z Fold 6,,Galaxy Z,Z Fold 6,SCREEN_MODULE,ORIGINAL,Orijinal Ekran 6 Ay Garanti,FULL_REPAIR,38900,TRY,true,telefon_profesoru,INDEPENDENT_REPAIR_SERVICE,https://telefonprofesoru.com/samsung-ekran-degisimi-fiyatlari/,2026-09-29,
SAMSUNG,Galaxy Z Fold 5,,Galaxy Z,Z Fold 5,SCREEN_MODULE,ORIGINAL,Orijinal Ekran 6 Ay Garanti,FULL_REPAIR,32400,TRY,true,telefon_profesoru,INDEPENDENT_REPAIR_SERVICE,https://telefonprofesoru.com/samsung-ekran-degisimi-fiyatlari/,2026-09-29,
SAMSUNG,Galaxy Z Fold 4,,Galaxy Z,Z Fold 4,SCREEN_MODULE,ORIGINAL,Orijinal Ekran 6 Ay Garanti,FULL_REPAIR,32400,TRY,true,telefon_profesoru,INDEPENDENT_REPAIR_SERVICE,https://telefonprofesoru.com/samsung-ekran-degisimi-fiyatlari/,2026-09-29,
SAMSUNG,Galaxy Z Fold 2,,Galaxy Z,Z Fold 2,SCREEN_MODULE,ORIGINAL,Orijinal Ekran 6 Ay Garanti,FULL_REPAIR,32000,TRY,true,telefon_profesoru,INDEPENDENT_REPAIR_SERVICE,https://telefonprofesoru.com/samsung-ekran-degisimi-fiyatlari/,2026-09-29,
SAMSUNG,Galaxy Z Fold 2,,Galaxy Z,Z Fold 2,OTHER,UNKNOWN,Arka Ekran 6 Ay Garanti,FULL_REPAIR,9000,TRY,true,telefon_profesoru,INDEPENDENT_REPAIR_SERVICE,https://telefonprofesoru.com/samsung-ekran-degisimi-fiyatlari/,2026-09-29,arka/kapak ekranı (ana panel değil)
SAMSUNG,Galaxy Z Fold,,Galaxy Z,Z Fold,SCREEN_MODULE,ORIGINAL,Orijinal Ekran 6 Ay Garanti,FULL_REPAIR,26000,TRY,true,telefon_profesoru,INDEPENDENT_REPAIR_SERVICE,https://telefonprofesoru.com/samsung-ekran-degisimi-fiyatlari/,2026-09-29,
SAMSUNG,Galaxy Z Flip 7,,Galaxy Z,Z Flip 7,SCREEN_MODULE,ORIGINAL,Orijinal Ekran 6 Ay Garanti,FULL_REPAIR,21400,TRY,true,telefon_profesoru,INDEPENDENT_REPAIR_SERVICE,https://telefonprofesoru.com/samsung-ekran-degisimi-fiyatlari/,2026-09-29,
SAMSUNG,Galaxy Z Flip 6,,Galaxy Z,Z Flip 6,SCREEN_MODULE,ORIGINAL,Orijinal Ekran 6 Ay Garanti,FULL_REPAIR,20200,TRY,true,telefon_profesoru,INDEPENDENT_REPAIR_SERVICE,https://telefonprofesoru.com/samsung-ekran-degisimi-fiyatlari/,2026-09-29,
SAMSUNG,Galaxy Z Flip 5,,Galaxy Z,Z Flip 5,SCREEN_MODULE,ORIGINAL,Orijinal Ekran 6 Ay Garanti,FULL_REPAIR,20200,TRY,true,telefon_profesoru,INDEPENDENT_REPAIR_SERVICE,https://telefonprofesoru.com/samsung-ekran-degisimi-fiyatlari/,2026-09-29,
SAMSUNG,Galaxy Z Flip 5G,,Galaxy Z,Z Flip 5G,SCREEN_MODULE,ORIGINAL,Orijinal Ekran 6 Ay Garanti,FULL_REPAIR,21200,TRY,true,telefon_profesoru,INDEPENDENT_REPAIR_SERVICE,https://telefonprofesoru.com/samsung-ekran-degisimi-fiyatlari/,2026-09-29,
SAMSUNG,Galaxy Z Flip 4,,Galaxy Z,Z Flip 4,SCREEN_MODULE,ORIGINAL,Orijinal Ekran 6 Ay Garanti,FULL_REPAIR,20200,TRY,true,telefon_profesoru,INDEPENDENT_REPAIR_SERVICE,https://telefonprofesoru.com/samsung-ekran-degisimi-fiyatlari/,2026-09-29,
SAMSUNG,Galaxy Z Flip 4,,Galaxy Z,Z Flip 4,SCREEN_MODULE,ORIGINAL,Orijinal Çıtasız 6 Ay Garanti,FULL_REPAIR,14900,TRY,true,telefon_profesoru,INDEPENDENT_REPAIR_SERVICE,https://telefonprofesoru.com/samsung-ekran-degisimi-fiyatlari/,2026-09-29,
SAMSUNG,Galaxy Z Flip 3,,Galaxy Z,Z Flip 3,SCREEN_MODULE,ORIGINAL,Orijinal Ekran 6 Ay Garanti,FULL_REPAIR,20000,TRY,true,telefon_profesoru,INDEPENDENT_REPAIR_SERVICE,https://telefonprofesoru.com/samsung-ekran-degisimi-fiyatlari/,2026-09-29,
SAMSUNG,Galaxy Z Flip 3,,Galaxy Z,Z Flip 3,OTHER,UNKNOWN,Arka Ekran 6 Ay Garanti,FULL_REPAIR,5600,TRY,true,telefon_profesoru,INDEPENDENT_REPAIR_SERVICE,https://telefonprofesoru.com/samsung-ekran-degisimi-fiyatlari/,2026-09-29,arka/kapak ekranı (ana panel değil)
SAMSUNG,Galaxy S25 Ultra,,Galaxy S,S25 Ultra,SCREEN_MODULE,ORIGINAL,Orijinal Ekran 6 Ay Garanti,FULL_REPAIR,13200,TRY,true,telefon_profesoru,INDEPENDENT_REPAIR_SERVICE,https://telefonprofesoru.com/samsung-ekran-degisimi-fiyatlari/,2026-09-29,
SAMSUNG,Galaxy S25 Plus,,Galaxy S,S25 Plus,SCREEN_MODULE,ORIGINAL,Orijinal Çıtasız 6 Ay Garanti,FULL_REPAIR,9000,TRY,true,telefon_profesoru,INDEPENDENT_REPAIR_SERVICE,https://telefonprofesoru.com/samsung-ekran-degisimi-fiyatlari/,2026-09-29,
SAMSUNG,Galaxy S25,,Galaxy S,S25,SCREEN_MODULE,ORIGINAL,Orijinal Çıtasız 6 Ay Garanti,FULL_REPAIR,8100,TRY,true,telefon_profesoru,INDEPENDENT_REPAIR_SERVICE,https://telefonprofesoru.com/samsung-ekran-degisimi-fiyatlari/,2026-09-29,
SAMSUNG,Galaxy S25 Edge,,Galaxy S,S25 Edge,SCREEN_MODULE,ORIGINAL,Orijinal Ekran 6 Ay Garanti,FULL_REPAIR,15400,TRY,true,telefon_profesoru,INDEPENDENT_REPAIR_SERVICE,https://telefonprofesoru.com/samsung-ekran-degisimi-fiyatlari/,2026-09-29,
SAMSUNG,Galaxy S25 FE,,Galaxy S,S25 FE,SCREEN_MODULE,ORIGINAL,Orijinal Çıtasız 6 Ay Garanti,FULL_REPAIR,6000,TRY,true,telefon_profesoru,INDEPENDENT_REPAIR_SERVICE,https://telefonprofesoru.com/samsung-ekran-degisimi-fiyatlari/,2026-09-29,
SAMSUNG,Galaxy S24 Ultra,,Galaxy S,S24 Ultra,SCREEN_MODULE,ORIGINAL,Orijinal Ekran 6 Ay Garanti,FULL_REPAIR,14900,TRY,true,telefon_profesoru,INDEPENDENT_REPAIR_SERVICE,https://telefonprofesoru.com/samsung-ekran-degisimi-fiyatlari/,2026-09-29,
SAMSUNG,Galaxy S24 Ultra,,Galaxy S,S24 Ultra,SCREEN_MODULE,ORIGINAL,Orijinal Çıtasız 6 Ay Garanti,FULL_REPAIR,13000,TRY,true,telefon_profesoru,INDEPENDENT_REPAIR_SERVICE,https://telefonprofesoru.com/samsung-ekran-degisimi-fiyatlari/,2026-09-29,
SAMSUNG,Galaxy S24 Plus,,Galaxy S,S24 Plus,SCREEN_MODULE,ORIGINAL,Orijinal Ekran 6 Ay Garanti,FULL_REPAIR,9500,TRY,true,telefon_profesoru,INDEPENDENT_REPAIR_SERVICE,https://telefonprofesoru.com/samsung-ekran-degisimi-fiyatlari/,2026-09-29,
SAMSUNG,Galaxy S24,,Galaxy S,S24,SCREEN_MODULE,ORIGINAL,Orijinal Ekran 6 Ay Garanti,FULL_REPAIR,9700,TRY,true,telefon_profesoru,INDEPENDENT_REPAIR_SERVICE,https://telefonprofesoru.com/samsung-ekran-degisimi-fiyatlari/,2026-09-29,
SAMSUNG,Galaxy S24,,Galaxy S,S24,SCREEN_MODULE,ORIGINAL,Orijinal Çıtasız 6 Ay Garanti,FULL_REPAIR,8500,TRY,true,telefon_profesoru,INDEPENDENT_REPAIR_SERVICE,https://telefonprofesoru.com/samsung-ekran-degisimi-fiyatlari/,2026-09-29,
SAMSUNG,Galaxy S24 FE,,Galaxy S,S24 FE,SCREEN_MODULE,ORIGINAL,Orijinal Ekran 6 Ay Garanti,FULL_REPAIR,6500,TRY,true,telefon_profesoru,INDEPENDENT_REPAIR_SERVICE,https://telefonprofesoru.com/samsung-ekran-degisimi-fiyatlari/,2026-09-29,
SAMSUNG,Galaxy S24 FE,,Galaxy S,S24 FE,SCREEN_MODULE,ORIGINAL,Orijinal Çıtasız 6 Ay Garanti,FULL_REPAIR,5600,TRY,true,telefon_profesoru,INDEPENDENT_REPAIR_SERVICE,https://telefonprofesoru.com/samsung-ekran-degisimi-fiyatlari/,2026-09-29,
SAMSUNG,Galaxy S23 Ultra,,Galaxy S,S23 Ultra,SCREEN_MODULE,ORIGINAL,Orijinal Ekran 6 Ay Garanti,FULL_REPAIR,16400,TRY,true,telefon_profesoru,INDEPENDENT_REPAIR_SERVICE,https://telefonprofesoru.com/samsung-ekran-degisimi-fiyatlari/,2026-09-29,
SAMSUNG,Galaxy S23 Ultra,,Galaxy S,S23 Ultra,SCREEN_MODULE,ORIGINAL,Orijinal Çıtasız 6 Ay Garanti,FULL_REPAIR,14700,TRY,true,telefon_profesoru,INDEPENDENT_REPAIR_SERVICE,https://telefonprofesoru.com/samsung-ekran-degisimi-fiyatlari/,2026-09-29,
SAMSUNG,Galaxy S23 Plus,,Galaxy S,S23 Plus,SCREEN_MODULE,ORIGINAL,Orijinal Ekran 6 Ay Garanti,FULL_REPAIR,9300,TRY,true,telefon_profesoru,INDEPENDENT_REPAIR_SERVICE,https://telefonprofesoru.com/samsung-ekran-degisimi-fiyatlari/,2026-09-29,
SAMSUNG,Galaxy S23,,Galaxy S,S23,SCREEN_MODULE,ORIGINAL,Orijinal Ekran 6 Ay Garanti,FULL_REPAIR,11000,TRY,true,telefon_profesoru,INDEPENDENT_REPAIR_SERVICE,https://telefonprofesoru.com/samsung-ekran-degisimi-fiyatlari/,2026-09-29,
SAMSUNG,Galaxy S23,,Galaxy S,S23,SCREEN_MODULE,ORIGINAL,Orijinal Çıtasız 6 Ay Garanti,FULL_REPAIR,8500,TRY,true,telefon_profesoru,INDEPENDENT_REPAIR_SERVICE,https://telefonprofesoru.com/samsung-ekran-degisimi-fiyatlari/,2026-09-29,
SAMSUNG,Galaxy S23 FE,,Galaxy S,S23 FE,SCREEN_MODULE,ORIGINAL,Orijinal Ekran 6 Ay Garanti,FULL_REPAIR,8100,TRY,true,telefon_profesoru,INDEPENDENT_REPAIR_SERVICE,https://telefonprofesoru.com/samsung-ekran-degisimi-fiyatlari/,2026-09-29,
SAMSUNG,Galaxy S23 FE,,Galaxy S,S23 FE,SCREEN_MODULE,ORIGINAL,Orijinal Çıtasız 6 Ay Garanti,FULL_REPAIR,5600,TRY,true,telefon_profesoru,INDEPENDENT_REPAIR_SERVICE,https://telefonprofesoru.com/samsung-ekran-degisimi-fiyatlari/,2026-09-29,
SAMSUNG,Galaxy S22 Ultra,,Galaxy S,S22 Ultra,SCREEN_MODULE,ORIGINAL,Orijinal Ekran 6 Ay Garanti,FULL_REPAIR,14200,TRY,true,telefon_profesoru,INDEPENDENT_REPAIR_SERVICE,https://telefonprofesoru.com/samsung-ekran-degisimi-fiyatlari/,2026-09-29,
SAMSUNG,Galaxy S22 Ultra,,Galaxy S,S22 Ultra,SCREEN_MODULE,ORIGINAL,Orijinal Çıtasız 6 Ay Garanti,FULL_REPAIR,12500,TRY,true,telefon_profesoru,INDEPENDENT_REPAIR_SERVICE,https://telefonprofesoru.com/samsung-ekran-degisimi-fiyatlari/,2026-09-29,
SAMSUNG,Galaxy S22 Plus,,Galaxy S,S22 Plus,SCREEN_MODULE,ORIGINAL,Orijinal Ekran 6 Ay Garanti,FULL_REPAIR,10000,TRY,true,telefon_profesoru,INDEPENDENT_REPAIR_SERVICE,https://telefonprofesoru.com/samsung-ekran-degisimi-fiyatlari/,2026-09-29,
SAMSUNG,Galaxy S22 Plus,,Galaxy S,S22 Plus,SCREEN_MODULE,ORIGINAL,Orijinal Çıtasız 6 Ay Garanti,FULL_REPAIR,8800,TRY,true,telefon_profesoru,INDEPENDENT_REPAIR_SERVICE,https://telefonprofesoru.com/samsung-ekran-degisimi-fiyatlari/,2026-09-29,
SAMSUNG,Galaxy S22,,Galaxy S,S22,SCREEN_MODULE,ORIGINAL,Orijinal Ekran 6 Ay Garanti,FULL_REPAIR,10000,TRY,true,telefon_profesoru,INDEPENDENT_REPAIR_SERVICE,https://telefonprofesoru.com/samsung-ekran-degisimi-fiyatlari/,2026-09-29,
SAMSUNG,Galaxy S22,,Galaxy S,S22,SCREEN_MODULE,ORIGINAL,Orijinal Çıtasız 6 Ay Garanti,FULL_REPAIR,8500,TRY,true,telefon_profesoru,INDEPENDENT_REPAIR_SERVICE,https://telefonprofesoru.com/samsung-ekran-degisimi-fiyatlari/,2026-09-29,
SAMSUNG,Galaxy S21 Ultra,,Galaxy S,S21 Ultra,SCREEN_MODULE,ORIGINAL,Orijinal Ekran 6 Ay Garanti,FULL_REPAIR,14000,TRY,true,telefon_profesoru,INDEPENDENT_REPAIR_SERVICE,https://telefonprofesoru.com/samsung-ekran-degisimi-fiyatlari/,2026-09-29,
SAMSUNG,Galaxy S21 Plus,,Galaxy S,S21 Plus,SCREEN_MODULE,ORIGINAL,Orijinal Ekran 6 Ay Garanti,FULL_REPAIR,10200,TRY,true,telefon_profesoru,INDEPENDENT_REPAIR_SERVICE,https://telefonprofesoru.com/samsung-ekran-degisimi-fiyatlari/,2026-09-29,
SAMSUNG,Galaxy S21,,Galaxy S,S21,SCREEN_MODULE,ORIGINAL,Orijinal Ekran 6 Ay Garanti,FULL_REPAIR,9500,TRY,true,telefon_profesoru,INDEPENDENT_REPAIR_SERVICE,https://telefonprofesoru.com/samsung-ekran-degisimi-fiyatlari/,2026-09-29,
SAMSUNG,Galaxy S21,,Galaxy S,S21,SCREEN_MODULE,ORIGINAL,Orijinal Çıtasız 6 Ay Garanti,FULL_REPAIR,7000,TRY,true,telefon_profesoru,INDEPENDENT_REPAIR_SERVICE,https://telefonprofesoru.com/samsung-ekran-degisimi-fiyatlari/,2026-09-29,
SAMSUNG,Galaxy S21 FE,,Galaxy S,S21 FE,SCREEN_MODULE,ORIGINAL,Orijinal Ekran 6 Ay Garanti,FULL_REPAIR,8300,TRY,true,telefon_profesoru,INDEPENDENT_REPAIR_SERVICE,https://telefonprofesoru.com/samsung-ekran-degisimi-fiyatlari/,2026-09-29,
SAMSUNG,Galaxy S20 Ultra,,Galaxy S,S20 Ultra,SCREEN_MODULE,ORIGINAL,Orijinal Ekran 6 Ay Garanti,FULL_REPAIR,12500,TRY,true,telefon_profesoru,INDEPENDENT_REPAIR_SERVICE,https://telefonprofesoru.com/samsung-ekran-degisimi-fiyatlari/,2026-09-29,
SAMSUNG,Galaxy S20 Plus,,Galaxy S,S20 Plus,SCREEN_MODULE,ORIGINAL,Orijinal Ekran 6 Ay Garanti,FULL_REPAIR,11800,TRY,true,telefon_profesoru,INDEPENDENT_REPAIR_SERVICE,https://telefonprofesoru.com/samsung-ekran-degisimi-fiyatlari/,2026-09-29,
SAMSUNG,Galaxy S20,,Galaxy S,S20,SCREEN_MODULE,ORIGINAL,Orijinal Ekran 6 Ay Garanti,FULL_REPAIR,12000,TRY,true,telefon_profesoru,INDEPENDENT_REPAIR_SERVICE,https://telefonprofesoru.com/samsung-ekran-degisimi-fiyatlari/,2026-09-29,
SAMSUNG,Galaxy S20 FE,,Galaxy S,S20 FE,SCREEN_MODULE,ORIGINAL,Orijinal Ekran 6 Ay Garanti,FULL_REPAIR,7200,TRY,true,telefon_profesoru,INDEPENDENT_REPAIR_SERVICE,https://telefonprofesoru.com/samsung-ekran-degisimi-fiyatlari/,2026-09-29,
SAMSUNG,Galaxy S10 Plus,,Galaxy S,S10 Plus,SCREEN_MODULE,ORIGINAL,Orijinal Ekran 6 Ay Garanti,FULL_REPAIR,11300,TRY,true,telefon_profesoru,INDEPENDENT_REPAIR_SERVICE,https://telefonprofesoru.com/samsung-ekran-degisimi-fiyatlari/,2026-09-29,
SAMSUNG,Galaxy S10,,Galaxy S,S10,SCREEN_MODULE,ORIGINAL,Orijinal Ekran 6 Ay Garanti,FULL_REPAIR,11000,TRY,true,telefon_profesoru,INDEPENDENT_REPAIR_SERVICE,https://telefonprofesoru.com/samsung-ekran-degisimi-fiyatlari/,2026-09-29,
SAMSUNG,Galaxy S10 5G,,Galaxy S,S10 5G,SCREEN_MODULE,ORIGINAL,Orijinal Ekran 6 Ay Garanti,FULL_REPAIR,10200,TRY,true,telefon_profesoru,INDEPENDENT_REPAIR_SERVICE,https://telefonprofesoru.com/samsung-ekran-degisimi-fiyatlari/,2026-09-29,
SAMSUNG,Galaxy S10e,,Galaxy S,S10e,SCREEN_MODULE,ORIGINAL,Orijinal Ekran 6 Ay Garanti,FULL_REPAIR,8800,TRY,true,telefon_profesoru,INDEPENDENT_REPAIR_SERVICE,https://telefonprofesoru.com/samsung-ekran-degisimi-fiyatlari/,2026-09-29,
SAMSUNG,Galaxy S10 Lite,,Galaxy S,S10 Lite,SCREEN_MODULE,ORIGINAL,Orijinal Ekran 6 Ay Garanti,FULL_REPAIR,8100,TRY,true,telefon_profesoru,INDEPENDENT_REPAIR_SERVICE,https://telefonprofesoru.com/samsung-ekran-degisimi-fiyatlari/,2026-09-29,
SAMSUNG,Galaxy S9 Plus,,Galaxy S,S9 Plus,SCREEN_MODULE,ORIGINAL,Orijinal Ekran 6 Ay Garanti,FULL_REPAIR,8500,TRY,true,telefon_profesoru,INDEPENDENT_REPAIR_SERVICE,https://telefonprofesoru.com/samsung-ekran-degisimi-fiyatlari/,2026-09-29,
SAMSUNG,Galaxy S9,,Galaxy S,S9,SCREEN_MODULE,ORIGINAL,Orijinal Ekran 6 Ay Garanti,FULL_REPAIR,7000,TRY,true,telefon_profesoru,INDEPENDENT_REPAIR_SERVICE,https://telefonprofesoru.com/samsung-ekran-degisimi-fiyatlari/,2026-09-29,
SAMSUNG,Galaxy S8 Plus,,Galaxy S,S8 Plus,SCREEN_MODULE,ORIGINAL,Orijinal Ekran 6 Ay Garanti,FULL_REPAIR,8500,TRY,true,telefon_profesoru,INDEPENDENT_REPAIR_SERVICE,https://telefonprofesoru.com/samsung-ekran-degisimi-fiyatlari/,2026-09-29,
SAMSUNG,Galaxy S8,,Galaxy S,S8,SCREEN_MODULE,ORIGINAL,Orijinal Ekran 6 Ay Garanti,FULL_REPAIR,9300,TRY,true,telefon_profesoru,INDEPENDENT_REPAIR_SERVICE,https://telefonprofesoru.com/samsung-ekran-degisimi-fiyatlari/,2026-09-29,
SAMSUNG,Galaxy S6 Edge Plus,,Galaxy S,S6 Edge Plus,SCREEN_MODULE,ORIGINAL,Orijinal Ekran 6 Ay Garanti,FULL_REPAIR,5800,TRY,true,telefon_profesoru,INDEPENDENT_REPAIR_SERVICE,https://telefonprofesoru.com/samsung-ekran-degisimi-fiyatlari/,2026-09-29,
SAMSUNG,Galaxy S6,,Galaxy S,S6,SCREEN_MODULE,HIGH_QUALITY,Yüksek Kalite 6 Ay Garanti,FULL_REPAIR,4500,TRY,true,telefon_profesoru,INDEPENDENT_REPAIR_SERVICE,https://telefonprofesoru.com/samsung-ekran-degisimi-fiyatlari/,2026-09-29,
SAMSUNG,Galaxy S6 Edge,,Galaxy S,S6 Edge,SCREEN_MODULE,ORIGINAL,Orijinal Ekran 6 Ay Garanti,FULL_REPAIR,4300,TRY,true,telefon_profesoru,INDEPENDENT_REPAIR_SERVICE,https://telefonprofesoru.com/samsung-ekran-degisimi-fiyatlari/,2026-09-29,
SAMSUNG,Galaxy A80,,Galaxy A,A80,SCREEN_MODULE,ORIGINAL,Orijinal Ekran 6 Ay Garanti,FULL_REPAIR,6800,TRY,true,telefon_profesoru,INDEPENDENT_REPAIR_SERVICE,https://telefonprofesoru.com/samsung-ekran-degisimi-fiyatlari/,2026-09-29,
SAMSUNG,Galaxy A8 Plus (2018),,Galaxy A,A8 Plus (2018),SCREEN_MODULE,ORIGINAL,Orijinal Ekran 6 Ay Garanti,FULL_REPAIR,4000,TRY,true,telefon_profesoru,INDEPENDENT_REPAIR_SERVICE,https://telefonprofesoru.com/samsung-ekran-degisimi-fiyatlari/,2026-09-29,
SAMSUNG,Galaxy A8 Plus (2018),,Galaxy A,A8 Plus (2018),SCREEN_MODULE,HIGH_QUALITY,Yüksek Kalite 6 Ay Garanti,FULL_REPAIR,2800,TRY,true,telefon_profesoru,INDEPENDENT_REPAIR_SERVICE,https://telefonprofesoru.com/samsung-ekran-degisimi-fiyatlari/,2026-09-29,
SAMSUNG,Galaxy A8,,Galaxy A,A8,SCREEN_MODULE,HIGH_QUALITY,Yüksek Kalite 6 Ay Garanti,FULL_REPAIR,2400,TRY,true,telefon_profesoru,INDEPENDENT_REPAIR_SERVICE,https://telefonprofesoru.com/samsung-ekran-degisimi-fiyatlari/,2026-09-29,
SAMSUNG,Galaxy A8 (2016),,Galaxy A,A8 (2016),SCREEN_MODULE,HIGH_QUALITY,Yüksek Kalite 6 Ay Garanti,FULL_REPAIR,2600,TRY,true,telefon_profesoru,INDEPENDENT_REPAIR_SERVICE,https://telefonprofesoru.com/samsung-ekran-degisimi-fiyatlari/,2026-09-29,
SAMSUNG,Galaxy A8 (2018),,Galaxy A,A8 (2018),SCREEN_MODULE,HIGH_QUALITY,Yüksek Kalite 6 Ay Garanti,FULL_REPAIR,2400,TRY,true,telefon_profesoru,INDEPENDENT_REPAIR_SERVICE,https://telefonprofesoru.com/samsung-ekran-degisimi-fiyatlari/,2026-09-29,
SAMSUNG,Galaxy A73,,Galaxy A,A73,SCREEN_MODULE,ORIGINAL,Orijinal Ekran 6 Ay Garanti,FULL_REPAIR,5700,TRY,true,telefon_profesoru,INDEPENDENT_REPAIR_SERVICE,https://telefonprofesoru.com/samsung-ekran-degisimi-fiyatlari/,2026-09-29,
SAMSUNG,Galaxy A73,,Galaxy A,A73,SCREEN_MODULE,ORIGINAL,Orijinal Çıtasız 6 Ay Garanti,FULL_REPAIR,4500,TRY,true,telefon_profesoru,INDEPENDENT_REPAIR_SERVICE,https://telefonprofesoru.com/samsung-ekran-degisimi-fiyatlari/,2026-09-29,
SAMSUNG,Galaxy A73,,Galaxy A,A73,SCREEN_MODULE,HIGH_QUALITY,Yüksek Kalite 6 Ay Garanti,FULL_REPAIR,3700,TRY,true,telefon_profesoru,INDEPENDENT_REPAIR_SERVICE,https://telefonprofesoru.com/samsung-ekran-degisimi-fiyatlari/,2026-09-29,
SAMSUNG,Galaxy A72,,Galaxy A,A72,SCREEN_MODULE,ORIGINAL,Orijinal Ekran 6 Ay Garanti,FULL_REPAIR,6400,TRY,true,telefon_profesoru,INDEPENDENT_REPAIR_SERVICE,https://telefonprofesoru.com/samsung-ekran-degisimi-fiyatlari/,2026-09-29,
SAMSUNG,Galaxy A72,,Galaxy A,A72,SCREEN_MODULE,HIGH_QUALITY,Yüksek Kalite 6 Ay Garanti,FULL_REPAIR,3600,TRY,true,telefon_profesoru,INDEPENDENT_REPAIR_SERVICE,https://telefonprofesoru.com/samsung-ekran-degisimi-fiyatlari/,2026-09-29,
SAMSUNG,Galaxy A71,,Galaxy A,A71,SCREEN_MODULE,ORIGINAL,Orijinal Ekran 6 Ay Garanti,FULL_REPAIR,6800,TRY,true,telefon_profesoru,INDEPENDENT_REPAIR_SERVICE,https://telefonprofesoru.com/samsung-ekran-degisimi-fiyatlari/,2026-09-29,
SAMSUNG,Galaxy A71,,Galaxy A,A71,SCREEN_MODULE,HIGH_QUALITY,Yüksek Kalite 6 Ay Garanti,FULL_REPAIR,3600,TRY,true,telefon_profesoru,INDEPENDENT_REPAIR_SERVICE,https://telefonprofesoru.com/samsung-ekran-degisimi-fiyatlari/,2026-09-29,
SAMSUNG,Galaxy A70,,Galaxy A,A70,SCREEN_MODULE,ORIGINAL,Orijinal Ekran 6 Ay Garanti,FULL_REPAIR,6100,TRY,true,telefon_profesoru,INDEPENDENT_REPAIR_SERVICE,https://telefonprofesoru.com/samsung-ekran-degisimi-fiyatlari/,2026-09-29,
SAMSUNG,Galaxy A70,,Galaxy A,A70,SCREEN_MODULE,HIGH_QUALITY,Yüksek Kalite 6 Ay Garanti,FULL_REPAIR,3600,TRY,true,telefon_profesoru,INDEPENDENT_REPAIR_SERVICE,https://telefonprofesoru.com/samsung-ekran-degisimi-fiyatlari/,2026-09-29,
SAMSUNG,Galaxy A7,,Galaxy A,A7,SCREEN_MODULE,ORIGINAL,Orijinal Ekran 6 Ay Garanti,FULL_REPAIR,4000,TRY,true,telefon_profesoru,INDEPENDENT_REPAIR_SERVICE,https://telefonprofesoru.com/samsung-ekran-degisimi-fiyatlari/,2026-09-29,
SAMSUNG,Galaxy A7,,Galaxy A,A7,SCREEN_MODULE,HIGH_QUALITY,Yüksek Kalite 6 Ay Garanti,FULL_REPAIR,2400,TRY,true,telefon_profesoru,INDEPENDENT_REPAIR_SERVICE,https://telefonprofesoru.com/samsung-ekran-degisimi-fiyatlari/,2026-09-29,
SAMSUNG,Galaxy A7 (2016),,Galaxy A,A7 (2016),SCREEN_MODULE,HIGH_QUALITY,Yüksek Kalite 6 Ay Garanti,FULL_REPAIR,2400,TRY,true,telefon_profesoru,INDEPENDENT_REPAIR_SERVICE,https://telefonprofesoru.com/samsung-ekran-degisimi-fiyatlari/,2026-09-29,
SAMSUNG,Galaxy A7 (2017),,Galaxy A,A7 (2017),SCREEN_MODULE,ORIGINAL,Orijinal Ekran 6 Ay Garanti,FULL_REPAIR,4300,TRY,true,telefon_profesoru,INDEPENDENT_REPAIR_SERVICE,https://telefonprofesoru.com/samsung-ekran-degisimi-fiyatlari/,2026-09-29,
SAMSUNG,Galaxy A7 (2017),,Galaxy A,A7 (2017),SCREEN_MODULE,HIGH_QUALITY,Yüksek Kalite 6 Ay Garanti,FULL_REPAIR,2600,TRY,true,telefon_profesoru,INDEPENDENT_REPAIR_SERVICE,https://telefonprofesoru.com/samsung-ekran-degisimi-fiyatlari/,2026-09-29,
SAMSUNG,Galaxy A7 (2018),,Galaxy A,A7 (2018),SCREEN_MODULE,HIGH_QUALITY,Yüksek Kalite 6 Ay Garanti,FULL_REPAIR,2800,TRY,true,telefon_profesoru,INDEPENDENT_REPAIR_SERVICE,https://telefonprofesoru.com/samsung-ekran-degisimi-fiyatlari/,2026-09-29,
SAMSUNG,Galaxy A60,,Galaxy A,A60,SCREEN_MODULE,ORIGINAL,Orijinal Çıtasız 6 Ay Garanti,FULL_REPAIR,2800,TRY,true,telefon_profesoru,INDEPENDENT_REPAIR_SERVICE,https://telefonprofesoru.com/samsung-ekran-degisimi-fiyatlari/,2026-09-29,
SAMSUNG,Galaxy A6 Plus,,Galaxy A,A6 Plus,SCREEN_MODULE,ORIGINAL,Orijinal Ekran 6 Ay Garanti,FULL_REPAIR,4500,TRY,true,telefon_profesoru,INDEPENDENT_REPAIR_SERVICE,https://telefonprofesoru.com/samsung-ekran-degisimi-fiyatlari/,2026-09-29,
SAMSUNG,Galaxy A6 Plus,,Galaxy A,A6 Plus,SCREEN_MODULE,HIGH_QUALITY,Yüksek Kalite 6 Ay Garanti,FULL_REPAIR,2800,TRY,true,telefon_profesoru,INDEPENDENT_REPAIR_SERVICE,https://telefonprofesoru.com/samsung-ekran-degisimi-fiyatlari/,2026-09-29,
SAMSUNG,Galaxy A6 Plus (2018),,Galaxy A,A6 Plus (2018),SCREEN_MODULE,HIGH_QUALITY,Yüksek Kalite 6 Ay Garanti,FULL_REPAIR,3600,TRY,true,telefon_profesoru,INDEPENDENT_REPAIR_SERVICE,https://telefonprofesoru.com/samsung-ekran-degisimi-fiyatlari/,2026-09-29,
SAMSUNG,Galaxy A6 (2018),,Galaxy A,A6 (2018),SCREEN_MODULE,HIGH_QUALITY,Yüksek Kalite 6 Ay Garanti,FULL_REPAIR,2800,TRY,true,telefon_profesoru,INDEPENDENT_REPAIR_SERVICE,https://telefonprofesoru.com/samsung-ekran-degisimi-fiyatlari/,2026-09-29,
SAMSUNG,Galaxy A56,,Galaxy A,A56,SCREEN_MODULE,ORIGINAL,Orijinal Ekran 6 Ay Garanti,FULL_REPAIR,6300,TRY,true,telefon_profesoru,INDEPENDENT_REPAIR_SERVICE,https://telefonprofesoru.com/samsung-ekran-degisimi-fiyatlari/,2026-09-29,
SAMSUNG,Galaxy A56,,Galaxy A,A56,SCREEN_MODULE,ORIGINAL,Orijinal Çıtasız 6 Ay Garanti,FULL_REPAIR,5400,TRY,true,telefon_profesoru,INDEPENDENT_REPAIR_SERVICE,https://telefonprofesoru.com/samsung-ekran-degisimi-fiyatlari/,2026-09-29,
SAMSUNG,Galaxy A55,,Galaxy A,A55,SCREEN_MODULE,ORIGINAL,Orijinal Ekran 6 Ay Garanti,FULL_REPAIR,5900,TRY,true,telefon_profesoru,INDEPENDENT_REPAIR_SERVICE,https://telefonprofesoru.com/samsung-ekran-degisimi-fiyatlari/,2026-09-29,
SAMSUNG,Galaxy A55,,Galaxy A,A55,SCREEN_MODULE,ORIGINAL,Orijinal Çıtasız 6 Ay Garanti,FULL_REPAIR,4500,TRY,true,telefon_profesoru,INDEPENDENT_REPAIR_SERVICE,https://telefonprofesoru.com/samsung-ekran-degisimi-fiyatlari/,2026-09-29,
SAMSUNG,Galaxy A55,,Galaxy A,A55,SCREEN_MODULE,HIGH_QUALITY,Yüksek Kalite 6 Ay Garanti,FULL_REPAIR,3600,TRY,true,telefon_profesoru,INDEPENDENT_REPAIR_SERVICE,https://telefonprofesoru.com/samsung-ekran-degisimi-fiyatlari/,2026-09-29,
SAMSUNG,Galaxy A54,,Galaxy A,A54,SCREEN_MODULE,ORIGINAL,Orijinal Ekran 6 Ay Garanti,FULL_REPAIR,6300,TRY,true,telefon_profesoru,INDEPENDENT_REPAIR_SERVICE,https://telefonprofesoru.com/samsung-ekran-degisimi-fiyatlari/,2026-09-29,
SAMSUNG,Galaxy A54,,Galaxy A,A54,SCREEN_MODULE,ORIGINAL,Orijinal Çıtasız 6 Ay Garanti,FULL_REPAIR,4300,TRY,true,telefon_profesoru,INDEPENDENT_REPAIR_SERVICE,https://telefonprofesoru.com/samsung-ekran-degisimi-fiyatlari/,2026-09-29,
SAMSUNG,Galaxy A54,,Galaxy A,A54,SCREEN_MODULE,HIGH_QUALITY,Yüksek Kalite 6 Ay Garanti,FULL_REPAIR,3600,TRY,true,telefon_profesoru,INDEPENDENT_REPAIR_SERVICE,https://telefonprofesoru.com/samsung-ekran-degisimi-fiyatlari/,2026-09-29,
SAMSUNG,Galaxy A53,,Galaxy A,A53,SCREEN_MODULE,ORIGINAL,Orijinal Ekran 6 Ay Garanti,FULL_REPAIR,6200,TRY,true,telefon_profesoru,INDEPENDENT_REPAIR_SERVICE,https://telefonprofesoru.com/samsung-ekran-degisimi-fiyatlari/,2026-09-29,
SAMSUNG,Galaxy A53,,Galaxy A,A53,SCREEN_MODULE,ORIGINAL,Orijinal Çıtasız 6 Ay Garanti,FULL_REPAIR,5900,TRY,true,telefon_profesoru,INDEPENDENT_REPAIR_SERVICE,https://telefonprofesoru.com/samsung-ekran-degisimi-fiyatlari/,2026-09-29,
SAMSUNG,Galaxy A53,,Galaxy A,A53,SCREEN_MODULE,HIGH_QUALITY,Yüksek Kalite 6 Ay Garanti,FULL_REPAIR,2800,TRY,true,telefon_profesoru,INDEPENDENT_REPAIR_SERVICE,https://telefonprofesoru.com/samsung-ekran-degisimi-fiyatlari/,2026-09-29,
SAMSUNG,Galaxy A52,,Galaxy A,A52,SCREEN_MODULE,ORIGINAL,Orijinal Ekran 6 Ay Garanti,FULL_REPAIR,6300,TRY,true,telefon_profesoru,INDEPENDENT_REPAIR_SERVICE,https://telefonprofesoru.com/samsung-ekran-degisimi-fiyatlari/,2026-09-29,
SAMSUNG,Galaxy A52,,Galaxy A,A52,SCREEN_MODULE,HIGH_QUALITY,Yüksek Kalite 6 Ay Garanti,FULL_REPAIR,2800,TRY,true,telefon_profesoru,INDEPENDENT_REPAIR_SERVICE,https://telefonprofesoru.com/samsung-ekran-degisimi-fiyatlari/,2026-09-29,
SAMSUNG,Galaxy A52,,Galaxy A,A52,SCREEN_MODULE,REFURBISHED,Yenilenmiş Orijinal 6 Ay Garanti,FULL_REPAIR,4000,TRY,true,telefon_profesoru,INDEPENDENT_REPAIR_SERVICE,https://telefonprofesoru.com/samsung-ekran-degisimi-fiyatlari/,2026-09-29,
SAMSUNG,Galaxy A52s,,Galaxy A,A52s,SCREEN_MODULE,ORIGINAL,Orijinal Ekran 6 Ay Garanti,FULL_REPAIR,6500,TRY,true,telefon_profesoru,INDEPENDENT_REPAIR_SERVICE,https://telefonprofesoru.com/samsung-ekran-degisimi-fiyatlari/,2026-09-29,
SAMSUNG,Galaxy A52s,,Galaxy A,A52s,SCREEN_MODULE,HIGH_QUALITY,Yüksek Kalite 6 Ay Garanti,FULL_REPAIR,2800,TRY,true,telefon_profesoru,INDEPENDENT_REPAIR_SERVICE,https://telefonprofesoru.com/samsung-ekran-degisimi-fiyatlari/,2026-09-29,
SAMSUNG,Galaxy A51,,Galaxy A,A51,SCREEN_MODULE,ORIGINAL,Orijinal Ekran 6 Ay Garanti,FULL_REPAIR,6000,TRY,true,telefon_profesoru,INDEPENDENT_REPAIR_SERVICE,https://telefonprofesoru.com/samsung-ekran-degisimi-fiyatlari/,2026-09-29,
SAMSUNG,Galaxy A51,,Galaxy A,A51,SCREEN_MODULE,HIGH_QUALITY,Yüksek Kalite 6 Ay Garanti,FULL_REPAIR,2800,TRY,true,telefon_profesoru,INDEPENDENT_REPAIR_SERVICE,https://telefonprofesoru.com/samsung-ekran-degisimi-fiyatlari/,2026-09-29,
SAMSUNG,Galaxy A50,,Galaxy A,A50,SCREEN_MODULE,ORIGINAL,Orijinal Ekran 6 Ay Garanti,FULL_REPAIR,5900,TRY,true,telefon_profesoru,INDEPENDENT_REPAIR_SERVICE,https://telefonprofesoru.com/samsung-ekran-degisimi-fiyatlari/,2026-09-29,
SAMSUNG,Galaxy A50,,Galaxy A,A50,SCREEN_MODULE,HIGH_QUALITY,Yüksek Kalite 6 Ay Garanti,FULL_REPAIR,2600,TRY,true,telefon_profesoru,INDEPENDENT_REPAIR_SERVICE,https://telefonprofesoru.com/samsung-ekran-degisimi-fiyatlari/,2026-09-29,
SAMSUNG,Galaxy A50s,,Galaxy A,A50s,SCREEN_MODULE,ORIGINAL,Orijinal Ekran 6 Ay Garanti,FULL_REPAIR,5900,TRY,true,telefon_profesoru,INDEPENDENT_REPAIR_SERVICE,https://telefonprofesoru.com/samsung-ekran-degisimi-fiyatlari/,2026-09-29,
SAMSUNG,Galaxy A50s,,Galaxy A,A50s,SCREEN_MODULE,HIGH_QUALITY,Yüksek Kalite 6 Ay Garanti,FULL_REPAIR,3800,TRY,true,telefon_profesoru,INDEPENDENT_REPAIR_SERVICE,https://telefonprofesoru.com/samsung-ekran-degisimi-fiyatlari/,2026-09-29,
SAMSUNG,Galaxy A5 (2016),,Galaxy A,A5 (2016),SCREEN_MODULE,ORIGINAL,Orijinal Ekran 6 Ay Garanti,FULL_REPAIR,4300,TRY,true,telefon_profesoru,INDEPENDENT_REPAIR_SERVICE,https://telefonprofesoru.com/samsung-ekran-degisimi-fiyatlari/,2026-09-29,
SAMSUNG,Galaxy A5 (2016),,Galaxy A,A5 (2016),SCREEN_MODULE,HIGH_QUALITY,Yüksek Kalite 6 Ay Garanti,FULL_REPAIR,2600,TRY,true,telefon_profesoru,INDEPENDENT_REPAIR_SERVICE,https://telefonprofesoru.com/samsung-ekran-degisimi-fiyatlari/,2026-09-29,
SAMSUNG,Galaxy A5 (2017),,Galaxy A,A5 (2017),SCREEN_MODULE,ORIGINAL,Orijinal Ekran 6 Ay Garanti,FULL_REPAIR,4300,TRY,true,telefon_profesoru,INDEPENDENT_REPAIR_SERVICE,https://telefonprofesoru.com/samsung-ekran-degisimi-fiyatlari/,2026-09-29,
SAMSUNG,Galaxy A5 (2017),,Galaxy A,A5 (2017),SCREEN_MODULE,HIGH_QUALITY,Yüksek Kalite 6 Ay Garanti,FULL_REPAIR,2600,TRY,true,telefon_profesoru,INDEPENDENT_REPAIR_SERVICE,https://telefonprofesoru.com/samsung-ekran-degisimi-fiyatlari/,2026-09-29,
SAMSUNG,Galaxy S7,,Galaxy S,S7,SCREEN_MODULE,UNKNOWN,card: KDV dahil net fiyat,FULL_REPAIR,5600,TRY,true,telefon_profesoru,INDEPENDENT_REPAIR_SERVICE,https://telefonprofesoru.com/samsung-ekran-degisimi-fiyatlari/,2026-09-29,kart satırı; katman etiketi sayfada yok
SAMSUNG,Galaxy M54,,Galaxy M,M54,SCREEN_MODULE,UNKNOWN,card: KDV dahil net fiyat,FULL_REPAIR,5700,TRY,true,telefon_profesoru,INDEPENDENT_REPAIR_SERVICE,https://telefonprofesoru.com/samsung-ekran-degisimi-fiyatlari/,2026-09-29,kart satırı; katman etiketi sayfada yok
SAMSUNG,Galaxy S25 Ultra,,Galaxy S,S25 Ultra,OUTER_SCREEN,UNKNOWN,Ön Cam 6 Ay Garanti,FULL_REPAIR,7400,TRY,true,telefon_profesoru,INDEPENDENT_REPAIR_SERVICE,https://telefonprofesoru.com/samsung-on-cam-degisimi-fiyatlari/,2026-09-29,tek katmanlı sütun; kaynak kalite etiketi yok
SAMSUNG,Galaxy S25 Plus,,Galaxy S,S25 Plus,OUTER_SCREEN,UNKNOWN,Ön Cam 6 Ay Garanti,FULL_REPAIR,6400,TRY,true,telefon_profesoru,INDEPENDENT_REPAIR_SERVICE,https://telefonprofesoru.com/samsung-on-cam-degisimi-fiyatlari/,2026-09-29,tek katmanlı sütun; kaynak kalite etiketi yok
SAMSUNG,Galaxy S25,,Galaxy S,S25,OUTER_SCREEN,UNKNOWN,Ön Cam 6 Ay Garanti,FULL_REPAIR,4750,TRY,true,telefon_profesoru,INDEPENDENT_REPAIR_SERVICE,https://telefonprofesoru.com/samsung-on-cam-degisimi-fiyatlari/,2026-09-29,tek katmanlı sütun; kaynak kalite etiketi yok
SAMSUNG,Galaxy S25 Edge,,Galaxy S,S25 Edge,OUTER_SCREEN,UNKNOWN,Ön Cam 6 Ay Garanti,FULL_REPAIR,4950,TRY,true,telefon_profesoru,INDEPENDENT_REPAIR_SERVICE,https://telefonprofesoru.com/samsung-on-cam-degisimi-fiyatlari/,2026-09-29,tek katmanlı sütun; kaynak kalite etiketi yok
SAMSUNG,Galaxy S25 FE,,Galaxy S,S25 FE,OUTER_SCREEN,UNKNOWN,Ön Cam 6 Ay Garanti,FULL_REPAIR,4400,TRY,true,telefon_profesoru,INDEPENDENT_REPAIR_SERVICE,https://telefonprofesoru.com/samsung-on-cam-degisimi-fiyatlari/,2026-09-29,tek katmanlı sütun; kaynak kalite etiketi yok
SAMSUNG,Galaxy S24 Ultra,,Galaxy S,S24 Ultra,OUTER_SCREEN,UNKNOWN,Ön Cam 6 Ay Garanti,FULL_REPAIR,6100,TRY,true,telefon_profesoru,INDEPENDENT_REPAIR_SERVICE,https://telefonprofesoru.com/samsung-on-cam-degisimi-fiyatlari/,2026-09-29,tek katmanlı sütun; kaynak kalite etiketi yok
SAMSUNG,Galaxy S24 Plus,,Galaxy S,S24 Plus,OUTER_SCREEN,UNKNOWN,Ön Cam 6 Ay Garanti,FULL_REPAIR,4750,TRY,true,telefon_profesoru,INDEPENDENT_REPAIR_SERVICE,https://telefonprofesoru.com/samsung-on-cam-degisimi-fiyatlari/,2026-09-29,tek katmanlı sütun; kaynak kalite etiketi yok
SAMSUNG,Galaxy S24,,Galaxy S,S24,OUTER_SCREEN,UNKNOWN,Ön Cam 6 Ay Garanti,FULL_REPAIR,5500,TRY,true,telefon_profesoru,INDEPENDENT_REPAIR_SERVICE,https://telefonprofesoru.com/samsung-on-cam-degisimi-fiyatlari/,2026-09-29,tek katmanlı sütun; kaynak kalite etiketi yok
SAMSUNG,Galaxy S24 FE,,Galaxy S,S24 FE,OUTER_SCREEN,UNKNOWN,Ön Cam 6 Ay Garanti,FULL_REPAIR,3400,TRY,true,telefon_profesoru,INDEPENDENT_REPAIR_SERVICE,https://telefonprofesoru.com/samsung-on-cam-degisimi-fiyatlari/,2026-09-29,tek katmanlı sütun; kaynak kalite etiketi yok
SAMSUNG,Galaxy S9 Plus,,Galaxy S,S9 Plus,OUTER_SCREEN,UNKNOWN,Ön Cam 6 Ay Garanti,FULL_REPAIR,3100,TRY,true,telefon_profesoru,INDEPENDENT_REPAIR_SERVICE,https://telefonprofesoru.com/samsung-on-cam-degisimi-fiyatlari/,2026-09-29,tek katmanlı sütun; kaynak kalite etiketi yok
SAMSUNG,Galaxy S9,,Galaxy S,S9,OUTER_SCREEN,UNKNOWN,Ön Cam 6 Ay Garanti,FULL_REPAIR,3000,TRY,true,telefon_profesoru,INDEPENDENT_REPAIR_SERVICE,https://telefonprofesoru.com/samsung-on-cam-degisimi-fiyatlari/,2026-09-29,tek katmanlı sütun; kaynak kalite etiketi yok
SAMSUNG,Galaxy S8 Plus,,Galaxy S,S8 Plus,OUTER_SCREEN,UNKNOWN,Ön Cam 6 Ay Garanti,FULL_REPAIR,3000,TRY,true,telefon_profesoru,INDEPENDENT_REPAIR_SERVICE,https://telefonprofesoru.com/samsung-on-cam-degisimi-fiyatlari/,2026-09-29,tek katmanlı sütun; kaynak kalite etiketi yok
SAMSUNG,Galaxy S8,,Galaxy S,S8,OUTER_SCREEN,UNKNOWN,Ön Cam 6 Ay Garanti,FULL_REPAIR,3000,TRY,true,telefon_profesoru,INDEPENDENT_REPAIR_SERVICE,https://telefonprofesoru.com/samsung-on-cam-degisimi-fiyatlari/,2026-09-29,tek katmanlı sütun; kaynak kalite etiketi yok
SAMSUNG,Galaxy S7,,Galaxy S,S7,OUTER_SCREEN,UNKNOWN,Ön Cam 6 Ay Garanti,FULL_REPAIR,3000,TRY,true,telefon_profesoru,INDEPENDENT_REPAIR_SERVICE,https://telefonprofesoru.com/samsung-on-cam-degisimi-fiyatlari/,2026-09-29,tek katmanlı sütun; kaynak kalite etiketi yok
SAMSUNG,Galaxy S7 Edge,,Galaxy S,S7 Edge,OUTER_SCREEN,UNKNOWN,Ön Cam 6 Ay Garanti,FULL_REPAIR,3000,TRY,true,telefon_profesoru,INDEPENDENT_REPAIR_SERVICE,https://telefonprofesoru.com/samsung-on-cam-degisimi-fiyatlari/,2026-09-29,tek katmanlı sütun; kaynak kalite etiketi yok
SAMSUNG,Galaxy S6 Edge Plus,,Galaxy S,S6 Edge Plus,OUTER_SCREEN,UNKNOWN,Ön Cam 6 Ay Garanti,FULL_REPAIR,2700,TRY,true,telefon_profesoru,INDEPENDENT_REPAIR_SERVICE,https://telefonprofesoru.com/samsung-on-cam-degisimi-fiyatlari/,2026-09-29,tek katmanlı sütun; kaynak kalite etiketi yok
SAMSUNG,Galaxy S6,,Galaxy S,S6,OUTER_SCREEN,UNKNOWN,Ön Cam 6 Ay Garanti,FULL_REPAIR,2000,TRY,true,telefon_profesoru,INDEPENDENT_REPAIR_SERVICE,https://telefonprofesoru.com/samsung-on-cam-degisimi-fiyatlari/,2026-09-29,tek katmanlı sütun; kaynak kalite etiketi yok
SAMSUNG,Galaxy S6 Edge,,Galaxy S,S6 Edge,OUTER_SCREEN,UNKNOWN,Ön Cam 6 Ay Garanti,FULL_REPAIR,2700,TRY,true,telefon_profesoru,INDEPENDENT_REPAIR_SERVICE,https://telefonprofesoru.com/samsung-on-cam-degisimi-fiyatlari/,2026-09-29,tek katmanlı sütun; kaynak kalite etiketi yok
SAMSUNG,Galaxy A80,,Galaxy A,A80,OUTER_SCREEN,UNKNOWN,Ön Cam 6 Ay Garanti,FULL_REPAIR,2200,TRY,true,telefon_profesoru,INDEPENDENT_REPAIR_SERVICE,https://telefonprofesoru.com/samsung-on-cam-degisimi-fiyatlari/,2026-09-29,tek katmanlı sütun; kaynak kalite etiketi yok
SAMSUNG,Galaxy A8 Plus (2018),,Galaxy A,A8 Plus (2018),OUTER_SCREEN,UNKNOWN,Ön Cam 6 Ay Garanti,FULL_REPAIR,1500,TRY,true,telefon_profesoru,INDEPENDENT_REPAIR_SERVICE,https://telefonprofesoru.com/samsung-on-cam-degisimi-fiyatlari/,2026-09-29,tek katmanlı sütun; kaynak kalite etiketi yok
SAMSUNG,Galaxy A8,,Galaxy A,A8,OUTER_SCREEN,UNKNOWN,Ön Cam 6 Ay Garanti,FULL_REPAIR,1500,TRY,true,telefon_profesoru,INDEPENDENT_REPAIR_SERVICE,https://telefonprofesoru.com/samsung-on-cam-degisimi-fiyatlari/,2026-09-29,tek katmanlı sütun; kaynak kalite etiketi yok
SAMSUNG,Galaxy A8 (2016),,Galaxy A,A8 (2016),OUTER_SCREEN,UNKNOWN,Ön Cam 6 Ay Garanti,FULL_REPAIR,1500,TRY,true,telefon_profesoru,INDEPENDENT_REPAIR_SERVICE,https://telefonprofesoru.com/samsung-on-cam-degisimi-fiyatlari/,2026-09-29,tek katmanlı sütun; kaynak kalite etiketi yok
SAMSUNG,Galaxy A8 (2018),,Galaxy A,A8 (2018),OUTER_SCREEN,UNKNOWN,Ön Cam 6 Ay Garanti,FULL_REPAIR,1500,TRY,true,telefon_profesoru,INDEPENDENT_REPAIR_SERVICE,https://telefonprofesoru.com/samsung-on-cam-degisimi-fiyatlari/,2026-09-29,tek katmanlı sütun; kaynak kalite etiketi yok
SAMSUNG,Galaxy A60,,Galaxy A,A60,OUTER_SCREEN,UNKNOWN,Ön Cam 6 Ay Garanti,FULL_REPAIR,2200,TRY,true,telefon_profesoru,INDEPENDENT_REPAIR_SERVICE,https://telefonprofesoru.com/samsung-on-cam-degisimi-fiyatlari/,2026-09-29,tek katmanlı sütun; kaynak kalite etiketi yok
SAMSUNG,Galaxy A6 Plus,,Galaxy A,A6 Plus,OUTER_SCREEN,UNKNOWN,Ön Cam 6 Ay Garanti,FULL_REPAIR,1500,TRY,true,telefon_profesoru,INDEPENDENT_REPAIR_SERVICE,https://telefonprofesoru.com/samsung-on-cam-degisimi-fiyatlari/,2026-09-29,tek katmanlı sütun; kaynak kalite etiketi yok
SAMSUNG,Galaxy A6 Plus (2018),,Galaxy A,A6 Plus (2018),OUTER_SCREEN,UNKNOWN,Ön Cam 6 Ay Garanti,FULL_REPAIR,1500,TRY,true,telefon_profesoru,INDEPENDENT_REPAIR_SERVICE,https://telefonprofesoru.com/samsung-on-cam-degisimi-fiyatlari/,2026-09-29,tek katmanlı sütun; kaynak kalite etiketi yok
SAMSUNG,Galaxy A6 (2018),,Galaxy A,A6 (2018),OUTER_SCREEN,UNKNOWN,Ön Cam 6 Ay Garanti,FULL_REPAIR,1500,TRY,true,telefon_profesoru,INDEPENDENT_REPAIR_SERVICE,https://telefonprofesoru.com/samsung-on-cam-degisimi-fiyatlari/,2026-09-29,tek katmanlı sütun; kaynak kalite etiketi yok
SAMSUNG,Galaxy A56,,Galaxy A,A56,OUTER_SCREEN,UNKNOWN,Ön Cam 6 Ay Garanti,FULL_REPAIR,3300,TRY,true,telefon_profesoru,INDEPENDENT_REPAIR_SERVICE,https://telefonprofesoru.com/samsung-on-cam-degisimi-fiyatlari/,2026-09-29,tek katmanlı sütun; kaynak kalite etiketi yok
SAMSUNG,Galaxy A55,,Galaxy A,A55,OUTER_SCREEN,UNKNOWN,Ön Cam 6 Ay Garanti,FULL_REPAIR,2500,TRY,true,telefon_profesoru,INDEPENDENT_REPAIR_SERVICE,https://telefonprofesoru.com/samsung-on-cam-degisimi-fiyatlari/,2026-09-29,tek katmanlı sütun; kaynak kalite etiketi yok
SAMSUNG,Galaxy A54,,Galaxy A,A54,OUTER_SCREEN,UNKNOWN,Ön Cam 6 Ay Garanti,FULL_REPAIR,2200,TRY,true,telefon_profesoru,INDEPENDENT_REPAIR_SERVICE,https://telefonprofesoru.com/samsung-on-cam-degisimi-fiyatlari/,2026-09-29,tek katmanlı sütun; kaynak kalite etiketi yok
SAMSUNG,Galaxy A53,,Galaxy A,A53,OUTER_SCREEN,UNKNOWN,Ön Cam 6 Ay Garanti,FULL_REPAIR,2200,TRY,true,telefon_profesoru,INDEPENDENT_REPAIR_SERVICE,https://telefonprofesoru.com/samsung-on-cam-degisimi-fiyatlari/,2026-09-29,tek katmanlı sütun; kaynak kalite etiketi yok
SAMSUNG,Galaxy A52,,Galaxy A,A52,OUTER_SCREEN,UNKNOWN,Ön Cam 6 Ay Garanti,FULL_REPAIR,2200,TRY,true,telefon_profesoru,INDEPENDENT_REPAIR_SERVICE,https://telefonprofesoru.com/samsung-on-cam-degisimi-fiyatlari/,2026-09-29,tek katmanlı sütun; kaynak kalite etiketi yok
SAMSUNG,Galaxy A52s,,Galaxy A,A52s,OUTER_SCREEN,UNKNOWN,Ön Cam 6 Ay Garanti,FULL_REPAIR,2200,TRY,true,telefon_profesoru,INDEPENDENT_REPAIR_SERVICE,https://telefonprofesoru.com/samsung-on-cam-degisimi-fiyatlari/,2026-09-29,tek katmanlı sütun; kaynak kalite etiketi yok
SAMSUNG,Galaxy A51,,Galaxy A,A51,OUTER_SCREEN,UNKNOWN,Ön Cam 6 Ay Garanti,FULL_REPAIR,2200,TRY,true,telefon_profesoru,INDEPENDENT_REPAIR_SERVICE,https://telefonprofesoru.com/samsung-on-cam-degisimi-fiyatlari/,2026-09-29,tek katmanlı sütun; kaynak kalite etiketi yok
SAMSUNG,Galaxy A50,,Galaxy A,A50,OUTER_SCREEN,UNKNOWN,Ön Cam 6 Ay Garanti,FULL_REPAIR,2200,TRY,true,telefon_profesoru,INDEPENDENT_REPAIR_SERVICE,https://telefonprofesoru.com/samsung-on-cam-degisimi-fiyatlari/,2026-09-29,tek katmanlı sütun; kaynak kalite etiketi yok
SAMSUNG,Galaxy A50s,,Galaxy A,A50s,OUTER_SCREEN,UNKNOWN,Ön Cam 6 Ay Garanti,FULL_REPAIR,2200,TRY,true,telefon_profesoru,INDEPENDENT_REPAIR_SERVICE,https://telefonprofesoru.com/samsung-on-cam-degisimi-fiyatlari/,2026-09-29,tek katmanlı sütun; kaynak kalite etiketi yok
SAMSUNG,Galaxy A5 (2016),,Galaxy A,A5 (2016),OUTER_SCREEN,UNKNOWN,Ön Cam 6 Ay Garanti,FULL_REPAIR,1500,TRY,true,telefon_profesoru,INDEPENDENT_REPAIR_SERVICE,https://telefonprofesoru.com/samsung-on-cam-degisimi-fiyatlari/,2026-09-29,tek katmanlı sütun; kaynak kalite etiketi yok
SAMSUNG,Galaxy A5 (2017),,Galaxy A,A5 (2017),OUTER_SCREEN,UNKNOWN,Ön Cam 6 Ay Garanti,FULL_REPAIR,1500,TRY,true,telefon_profesoru,INDEPENDENT_REPAIR_SERVICE,https://telefonprofesoru.com/samsung-on-cam-degisimi-fiyatlari/,2026-09-29,tek katmanlı sütun; kaynak kalite etiketi yok
SAMSUNG,Galaxy M54,,Galaxy M,M54,OUTER_SCREEN,UNKNOWN,Ön Cam 6 Ay Garanti,FULL_REPAIR,2200,TRY,true,telefon_profesoru,INDEPENDENT_REPAIR_SERVICE,https://telefonprofesoru.com/samsung-on-cam-degisimi-fiyatlari/,2026-09-29,tek katmanlı sütun; kaynak kalite etiketi yok
SAMSUNG,Galaxy M53,,Galaxy M,M53,OUTER_SCREEN,UNKNOWN,Ön Cam 6 Ay Garanti,FULL_REPAIR,2200,TRY,true,telefon_profesoru,INDEPENDENT_REPAIR_SERVICE,https://telefonprofesoru.com/samsung-on-cam-degisimi-fiyatlari/,2026-09-29,tek katmanlı sütun; kaynak kalite etiketi yok
SAMSUNG,Galaxy M52,,Galaxy M,M52,OUTER_SCREEN,UNKNOWN,Ön Cam 6 Ay Garanti,FULL_REPAIR,2200,TRY,true,telefon_profesoru,INDEPENDENT_REPAIR_SERVICE,https://telefonprofesoru.com/samsung-on-cam-degisimi-fiyatlari/,2026-09-29,tek katmanlı sütun; kaynak kalite etiketi yok
SAMSUNG,Galaxy M51,,Galaxy M,M51,OUTER_SCREEN,UNKNOWN,Ön Cam 6 Ay Garanti,FULL_REPAIR,2200,TRY,true,telefon_profesoru,INDEPENDENT_REPAIR_SERVICE,https://telefonprofesoru.com/samsung-on-cam-degisimi-fiyatlari/,2026-09-29,tek katmanlı sütun; kaynak kalite etiketi yok
SAMSUNG,Galaxy A42,,Galaxy A,A42,OUTER_SCREEN,UNKNOWN,Ön Cam 6 Ay Garanti,FULL_REPAIR,2200,TRY,true,telefon_profesoru,INDEPENDENT_REPAIR_SERVICE,https://telefonprofesoru.com/samsung-on-cam-degisimi-fiyatlari/,2026-09-29,tek katmanlı sütun; kaynak kalite etiketi yok
SAMSUNG,Galaxy A41,,Galaxy A,A41,OUTER_SCREEN,UNKNOWN,Ön Cam 6 Ay Garanti,FULL_REPAIR,2200,TRY,true,telefon_profesoru,INDEPENDENT_REPAIR_SERVICE,https://telefonprofesoru.com/samsung-on-cam-degisimi-fiyatlari/,2026-09-29,tek katmanlı sütun; kaynak kalite etiketi yok
SAMSUNG,Galaxy A40,,Galaxy A,A40,OUTER_SCREEN,UNKNOWN,Ön Cam 6 Ay Garanti,FULL_REPAIR,2200,TRY,true,telefon_profesoru,INDEPENDENT_REPAIR_SERVICE,https://telefonprofesoru.com/samsung-on-cam-degisimi-fiyatlari/,2026-09-29,tek katmanlı sütun; kaynak kalite etiketi yok
SAMSUNG,Galaxy M42,,Galaxy M,M42,OUTER_SCREEN,UNKNOWN,Ön Cam 6 Ay Garanti,FULL_REPAIR,2200,TRY,true,telefon_profesoru,INDEPENDENT_REPAIR_SERVICE,https://telefonprofesoru.com/samsung-on-cam-degisimi-fiyatlari/,2026-09-29,tek katmanlı sütun; kaynak kalite etiketi yok
SAMSUNG,Galaxy M40,,Galaxy M,M40,OUTER_SCREEN,UNKNOWN,Ön Cam 6 Ay Garanti,FULL_REPAIR,2200,TRY,true,telefon_profesoru,INDEPENDENT_REPAIR_SERVICE,https://telefonprofesoru.com/samsung-on-cam-degisimi-fiyatlari/,2026-09-29,tek katmanlı sütun; kaynak kalite etiketi yok
SAMSUNG,Galaxy A36,,Galaxy A,A36,OUTER_SCREEN,UNKNOWN,Ön Cam 6 Ay Garanti,FULL_REPAIR,2700,TRY,true,telefon_profesoru,INDEPENDENT_REPAIR_SERVICE,https://telefonprofesoru.com/samsung-on-cam-degisimi-fiyatlari/,2026-09-29,tek katmanlı sütun; kaynak kalite etiketi yok
SAMSUNG,Galaxy A35,,Galaxy A,A35,OUTER_SCREEN,UNKNOWN,Ön Cam 6 Ay Garanti,FULL_REPAIR,2500,TRY,true,telefon_profesoru,INDEPENDENT_REPAIR_SERVICE,https://telefonprofesoru.com/samsung-on-cam-degisimi-fiyatlari/,2026-09-29,tek katmanlı sütun; kaynak kalite etiketi yok
SAMSUNG,Galaxy A34,,Galaxy A,A34,OUTER_SCREEN,UNKNOWN,Ön Cam 6 Ay Garanti,FULL_REPAIR,2200,TRY,true,telefon_profesoru,INDEPENDENT_REPAIR_SERVICE,https://telefonprofesoru.com/samsung-on-cam-degisimi-fiyatlari/,2026-09-29,tek katmanlı sütun; kaynak kalite etiketi yok
SAMSUNG,Galaxy A33,,Galaxy A,A33,OUTER_SCREEN,UNKNOWN,Ön Cam 6 Ay Garanti,FULL_REPAIR,2200,TRY,true,telefon_profesoru,INDEPENDENT_REPAIR_SERVICE,https://telefonprofesoru.com/samsung-on-cam-degisimi-fiyatlari/,2026-09-29,tek katmanlı sütun; kaynak kalite etiketi yok
SAMSUNG,Galaxy A32,,Galaxy A,A32,OUTER_SCREEN,UNKNOWN,Ön Cam 6 Ay Garanti,FULL_REPAIR,2200,TRY,true,telefon_profesoru,INDEPENDENT_REPAIR_SERVICE,https://telefonprofesoru.com/samsung-on-cam-degisimi-fiyatlari/,2026-09-29,tek katmanlı sütun; kaynak kalite etiketi yok
SAMSUNG,Galaxy A32 4G,,Galaxy A,A32 4G,OUTER_SCREEN,UNKNOWN,Ön Cam 6 Ay Garanti,FULL_REPAIR,2200,TRY,true,telefon_profesoru,INDEPENDENT_REPAIR_SERVICE,https://telefonprofesoru.com/samsung-on-cam-degisimi-fiyatlari/,2026-09-29,tek katmanlı sütun; kaynak kalite etiketi yok
SAMSUNG,Galaxy A32 5G,,Galaxy A,A32 5G,OUTER_SCREEN,UNKNOWN,Ön Cam 6 Ay Garanti,FULL_REPAIR,2200,TRY,true,telefon_profesoru,INDEPENDENT_REPAIR_SERVICE,https://telefonprofesoru.com/samsung-on-cam-degisimi-fiyatlari/,2026-09-29,tek katmanlı sütun; kaynak kalite etiketi yok
SAMSUNG,Galaxy A31,,Galaxy A,A31,OUTER_SCREEN,UNKNOWN,Ön Cam 6 Ay Garanti,FULL_REPAIR,2000,TRY,true,telefon_profesoru,INDEPENDENT_REPAIR_SERVICE,https://telefonprofesoru.com/samsung-on-cam-degisimi-fiyatlari/,2026-09-29,tek katmanlı sütun; kaynak kalite etiketi yok
SAMSUNG,Galaxy A30,,Galaxy A,A30,OUTER_SCREEN,UNKNOWN,Ön Cam 6 Ay Garanti,FULL_REPAIR,2000,TRY,true,telefon_profesoru,INDEPENDENT_REPAIR_SERVICE,https://telefonprofesoru.com/samsung-on-cam-degisimi-fiyatlari/,2026-09-29,tek katmanlı sütun; kaynak kalite etiketi yok
SAMSUNG,Galaxy A30s,,Galaxy A,A30s,OUTER_SCREEN,UNKNOWN,Ön Cam 6 Ay Garanti,FULL_REPAIR,2000,TRY,true,telefon_profesoru,INDEPENDENT_REPAIR_SERVICE,https://telefonprofesoru.com/samsung-on-cam-degisimi-fiyatlari/,2026-09-29,tek katmanlı sütun; kaynak kalite etiketi yok
SAMSUNG,Galaxy A3 (2016),,Galaxy A,A3 (2016),OUTER_SCREEN,UNKNOWN,Ön Cam 6 Ay Garanti,FULL_REPAIR,1500,TRY,true,telefon_profesoru,INDEPENDENT_REPAIR_SERVICE,https://telefonprofesoru.com/samsung-on-cam-degisimi-fiyatlari/,2026-09-29,tek katmanlı sütun; kaynak kalite etiketi yok
SAMSUNG,Galaxy A3 (2017),,Galaxy A,A3 (2017),OUTER_SCREEN,UNKNOWN,Ön Cam 6 Ay Garanti,FULL_REPAIR,1500,TRY,true,telefon_profesoru,INDEPENDENT_REPAIR_SERVICE,https://telefonprofesoru.com/samsung-on-cam-degisimi-fiyatlari/,2026-09-29,tek katmanlı sütun; kaynak kalite etiketi yok
SAMSUNG,Galaxy M34,,Galaxy M,M34,OUTER_SCREEN,UNKNOWN,Ön Cam 6 Ay Garanti,FULL_REPAIR,2200,TRY,true,telefon_profesoru,INDEPENDENT_REPAIR_SERVICE,https://telefonprofesoru.com/samsung-on-cam-degisimi-fiyatlari/,2026-09-29,tek katmanlı sütun; kaynak kalite etiketi yok
SAMSUNG,Galaxy M33,,Galaxy M,M33,OUTER_SCREEN,UNKNOWN,Ön Cam 6 Ay Garanti,FULL_REPAIR,2200,TRY,true,telefon_profesoru,INDEPENDENT_REPAIR_SERVICE,https://telefonprofesoru.com/samsung-on-cam-degisimi-fiyatlari/,2026-09-29,tek katmanlı sütun; kaynak kalite etiketi yok
SAMSUNG,Galaxy M32,,Galaxy M,M32,OUTER_SCREEN,UNKNOWN,Ön Cam 6 Ay Garanti,FULL_REPAIR,2200,TRY,true,telefon_profesoru,INDEPENDENT_REPAIR_SERVICE,https://telefonprofesoru.com/samsung-on-cam-degisimi-fiyatlari/,2026-09-29,tek katmanlı sütun; kaynak kalite etiketi yok
SAMSUNG,Galaxy M31,,Galaxy M,M31,OUTER_SCREEN,UNKNOWN,Ön Cam 6 Ay Garanti,FULL_REPAIR,2000,TRY,true,telefon_profesoru,INDEPENDENT_REPAIR_SERVICE,https://telefonprofesoru.com/samsung-on-cam-degisimi-fiyatlari/,2026-09-29,tek katmanlı sütun; kaynak kalite etiketi yok
SAMSUNG,Galaxy M31s,,Galaxy M,M31s,OUTER_SCREEN,UNKNOWN,Ön Cam 6 Ay Garanti,FULL_REPAIR,2000,TRY,true,telefon_profesoru,INDEPENDENT_REPAIR_SERVICE,https://telefonprofesoru.com/samsung-on-cam-degisimi-fiyatlari/,2026-09-29,tek katmanlı sütun; kaynak kalite etiketi yok
SAMSUNG,Galaxy M30,,Galaxy M,M30,OUTER_SCREEN,UNKNOWN,Ön Cam 6 Ay Garanti,FULL_REPAIR,2000,TRY,true,telefon_profesoru,INDEPENDENT_REPAIR_SERVICE,https://telefonprofesoru.com/samsung-on-cam-degisimi-fiyatlari/,2026-09-29,tek katmanlı sütun; kaynak kalite etiketi yok
SAMSUNG,Galaxy M30s,,Galaxy M,M30s,OUTER_SCREEN,UNKNOWN,Ön Cam 6 Ay Garanti,FULL_REPAIR,2000,TRY,true,telefon_profesoru,INDEPENDENT_REPAIR_SERVICE,https://telefonprofesoru.com/samsung-on-cam-degisimi-fiyatlari/,2026-09-29,tek katmanlı sütun; kaynak kalite etiketi yok
SAMSUNG,Galaxy A26,,Galaxy A,A26,OUTER_SCREEN,UNKNOWN,Ön Cam 6 Ay Garanti,FULL_REPAIR,2200,TRY,true,telefon_profesoru,INDEPENDENT_REPAIR_SERVICE,https://telefonprofesoru.com/samsung-on-cam-degisimi-fiyatlari/,2026-09-29,tek katmanlı sütun; kaynak kalite etiketi yok
SAMSUNG,Galaxy A25,,Galaxy A,A25,OUTER_SCREEN,UNKNOWN,Ön Cam 6 Ay Garanti,FULL_REPAIR,2200,TRY,true,telefon_profesoru,INDEPENDENT_REPAIR_SERVICE,https://telefonprofesoru.com/samsung-on-cam-degisimi-fiyatlari/,2026-09-29,tek katmanlı sütun; kaynak kalite etiketi yok
SAMSUNG,Galaxy A24,,Galaxy A,A24,OUTER_SCREEN,UNKNOWN,Ön Cam 6 Ay Garanti,FULL_REPAIR,2200,TRY,true,telefon_profesoru,INDEPENDENT_REPAIR_SERVICE,https://telefonprofesoru.com/samsung-on-cam-degisimi-fiyatlari/,2026-09-29,tek katmanlı sütun; kaynak kalite etiketi yok
SAMSUNG,Galaxy A23,,Galaxy A,A23,OUTER_SCREEN,UNKNOWN,Ön Cam 6 Ay Garanti,FULL_REPAIR,1400,TRY,true,telefon_profesoru,INDEPENDENT_REPAIR_SERVICE,https://telefonprofesoru.com/samsung-on-cam-degisimi-fiyatlari/,2026-09-29,tek katmanlı sütun; kaynak kalite etiketi yok
SAMSUNG,Galaxy A23 4G,,Galaxy A,A23 4G,OUTER_SCREEN,UNKNOWN,Ön Cam 6 Ay Garanti,FULL_REPAIR,1400,TRY,true,telefon_profesoru,INDEPENDENT_REPAIR_SERVICE,https://telefonprofesoru.com/samsung-on-cam-degisimi-fiyatlari/,2026-09-29,tek katmanlı sütun; kaynak kalite etiketi yok
SAMSUNG,Galaxy A23 5G,,Galaxy A,A23 5G,OUTER_SCREEN,UNKNOWN,Ön Cam 6 Ay Garanti,FULL_REPAIR,1400,TRY,true,telefon_profesoru,INDEPENDENT_REPAIR_SERVICE,https://telefonprofesoru.com/samsung-on-cam-degisimi-fiyatlari/,2026-09-29,tek katmanlı sütun; kaynak kalite etiketi yok
SAMSUNG,Galaxy A22,,Galaxy A,A22,OUTER_SCREEN,UNKNOWN,Ön Cam 6 Ay Garanti,FULL_REPAIR,2000,TRY,true,telefon_profesoru,INDEPENDENT_REPAIR_SERVICE,https://telefonprofesoru.com/samsung-on-cam-degisimi-fiyatlari/,2026-09-29,tek katmanlı sütun; kaynak kalite etiketi yok
SAMSUNG,Galaxy A22 4G,,Galaxy A,A22 4G,OUTER_SCREEN,UNKNOWN,Ön Cam 6 Ay Garanti,FULL_REPAIR,2000,TRY,true,telefon_profesoru,INDEPENDENT_REPAIR_SERVICE,https://telefonprofesoru.com/samsung-on-cam-degisimi-fiyatlari/,2026-09-29,tek katmanlı sütun; kaynak kalite etiketi yok
SAMSUNG,Galaxy A22 5G,,Galaxy A,A22 5G,OUTER_SCREEN,UNKNOWN,Ön Cam 6 Ay Garanti,FULL_REPAIR,2000,TRY,true,telefon_profesoru,INDEPENDENT_REPAIR_SERVICE,https://telefonprofesoru.com/samsung-on-cam-degisimi-fiyatlari/,2026-09-29,tek katmanlı sütun; kaynak kalite etiketi yok
SAMSUNG,Galaxy A21,,Galaxy A,A21,OUTER_SCREEN,UNKNOWN,Ön Cam 6 Ay Garanti,FULL_REPAIR,1500,TRY,true,telefon_profesoru,INDEPENDENT_REPAIR_SERVICE,https://telefonprofesoru.com/samsung-on-cam-degisimi-fiyatlari/,2026-09-29,tek katmanlı sütun; kaynak kalite etiketi yok
SAMSUNG,Galaxy A21s,,Galaxy A,A21s,OUTER_SCREEN,UNKNOWN,Ön Cam 6 Ay Garanti,FULL_REPAIR,1500,TRY,true,telefon_profesoru,INDEPENDENT_REPAIR_SERVICE,https://telefonprofesoru.com/samsung-on-cam-degisimi-fiyatlari/,2026-09-29,tek katmanlı sütun; kaynak kalite etiketi yok
SAMSUNG,Galaxy A20,,Galaxy A,A20,OUTER_SCREEN,UNKNOWN,Ön Cam 6 Ay Garanti,FULL_REPAIR,1700,TRY,true,telefon_profesoru,INDEPENDENT_REPAIR_SERVICE,https://telefonprofesoru.com/samsung-on-cam-degisimi-fiyatlari/,2026-09-29,tek katmanlı sütun; kaynak kalite etiketi yok
SAMSUNG,Galaxy A20e,,Galaxy A,A20e,OUTER_SCREEN,UNKNOWN,Ön Cam 6 Ay Garanti,FULL_REPAIR,1700,TRY,true,telefon_profesoru,INDEPENDENT_REPAIR_SERVICE,https://telefonprofesoru.com/samsung-on-cam-degisimi-fiyatlari/,2026-09-29,tek katmanlı sütun; kaynak kalite etiketi yok
SAMSUNG,Galaxy A20s,,Galaxy A,A20s,OUTER_SCREEN,UNKNOWN,Ön Cam 6 Ay Garanti,FULL_REPAIR,1500,TRY,true,telefon_profesoru,INDEPENDENT_REPAIR_SERVICE,https://telefonprofesoru.com/samsung-on-cam-degisimi-fiyatlari/,2026-09-29,tek katmanlı sütun; kaynak kalite etiketi yok
SAMSUNG,Galaxy A2 Core,,Galaxy A,A2 Core,OUTER_SCREEN,UNKNOWN,Ön Cam 6 Ay Garanti,FULL_REPAIR,1500,TRY,true,telefon_profesoru,INDEPENDENT_REPAIR_SERVICE,https://telefonprofesoru.com/samsung-on-cam-degisimi-fiyatlari/,2026-09-29,tek katmanlı sütun; kaynak kalite etiketi yok
SAMSUNG,Galaxy M23,,Galaxy M,M23,OUTER_SCREEN,UNKNOWN,Ön Cam 6 Ay Garanti,FULL_REPAIR,1400,TRY,true,telefon_profesoru,INDEPENDENT_REPAIR_SERVICE,https://telefonprofesoru.com/samsung-on-cam-degisimi-fiyatlari/,2026-09-29,tek katmanlı sütun; kaynak kalite etiketi yok
SAMSUNG,Galaxy M22,,Galaxy M,M22,OUTER_SCREEN,UNKNOWN,Ön Cam 6 Ay Garanti,FULL_REPAIR,2000,TRY,true,telefon_profesoru,INDEPENDENT_REPAIR_SERVICE,https://telefonprofesoru.com/samsung-on-cam-degisimi-fiyatlari/,2026-09-29,tek katmanlı sütun; kaynak kalite etiketi yok
SAMSUNG,Galaxy M21,,Galaxy M,M21,OUTER_SCREEN,UNKNOWN,Ön Cam 6 Ay Garanti,FULL_REPAIR,1600,TRY,true,telefon_profesoru,INDEPENDENT_REPAIR_SERVICE,https://telefonprofesoru.com/samsung-on-cam-degisimi-fiyatlari/,2026-09-29,tek katmanlı sütun; kaynak kalite etiketi yok
SAMSUNG,Galaxy M20,,Galaxy M,M20,OUTER_SCREEN,UNKNOWN,Ön Cam 6 Ay Garanti,FULL_REPAIR,1500,TRY,true,telefon_profesoru,INDEPENDENT_REPAIR_SERVICE,https://telefonprofesoru.com/samsung-on-cam-degisimi-fiyatlari/,2026-09-29,tek katmanlı sütun; kaynak kalite etiketi yok
SAMSUNG,Galaxy S5 Mini,,Galaxy S,S5 Mini,OUTER_SCREEN,UNKNOWN,card: KDV dahil net fiyat,FULL_REPAIR,1400,TRY,true,telefon_profesoru,INDEPENDENT_REPAIR_SERVICE,https://telefonprofesoru.com/samsung-on-cam-degisimi-fiyatlari/,2026-09-29,kart satırı; katman etiketi sayfada yok
SAMSUNG,Galaxy A73,,Galaxy A,A73,OUTER_SCREEN,UNKNOWN,card: KDV dahil net fiyat,FULL_REPAIR,2700,TRY,true,telefon_profesoru,INDEPENDENT_REPAIR_SERVICE,https://telefonprofesoru.com/samsung-on-cam-degisimi-fiyatlari/,2026-09-29,kart satırı; katman etiketi sayfada yok
SAMSUNG,Galaxy A72,,Galaxy A,A72,OUTER_SCREEN,UNKNOWN,card: KDV dahil net fiyat,FULL_REPAIR,2500,TRY,true,telefon_profesoru,INDEPENDENT_REPAIR_SERVICE,https://telefonprofesoru.com/samsung-on-cam-degisimi-fiyatlari/,2026-09-29,kart satırı; katman etiketi sayfada yok
SAMSUNG,Galaxy A71,,Galaxy A,A71,OUTER_SCREEN,UNKNOWN,card: KDV dahil net fiyat,FULL_REPAIR,2500,TRY,true,telefon_profesoru,INDEPENDENT_REPAIR_SERVICE,https://telefonprofesoru.com/samsung-on-cam-degisimi-fiyatlari/,2026-09-29,kart satırı; katman etiketi sayfada yok
SAMSUNG,Galaxy A70,,Galaxy A,A70,OUTER_SCREEN,UNKNOWN,card: KDV dahil net fiyat,FULL_REPAIR,2200,TRY,true,telefon_profesoru,INDEPENDENT_REPAIR_SERVICE,https://telefonprofesoru.com/samsung-on-cam-degisimi-fiyatlari/,2026-09-29,kart satırı; katman etiketi sayfada yok
SAMSUNG,Galaxy A7,,Galaxy A,A7,OUTER_SCREEN,UNKNOWN,card: KDV dahil net fiyat,FULL_REPAIR,1500,TRY,true,telefon_profesoru,INDEPENDENT_REPAIR_SERVICE,https://telefonprofesoru.com/samsung-on-cam-degisimi-fiyatlari/,2026-09-29,kart satırı; katman etiketi sayfada yok
SAMSUNG,Galaxy A7 (2016),,Galaxy A,A7 (2016),OUTER_SCREEN,UNKNOWN,card: KDV dahil net fiyat,FULL_REPAIR,1500,TRY,true,telefon_profesoru,INDEPENDENT_REPAIR_SERVICE,https://telefonprofesoru.com/samsung-on-cam-degisimi-fiyatlari/,2026-09-29,kart satırı; katman etiketi sayfada yok
SAMSUNG,Galaxy A7 (2017),,Galaxy A,A7 (2017),OUTER_SCREEN,UNKNOWN,card: KDV dahil net fiyat,FULL_REPAIR,1500,TRY,true,telefon_profesoru,INDEPENDENT_REPAIR_SERVICE,https://telefonprofesoru.com/samsung-on-cam-degisimi-fiyatlari/,2026-09-29,kart satırı; katman etiketi sayfada yok
SAMSUNG,Galaxy A7 (2018),,Galaxy A,A7 (2018),OUTER_SCREEN,UNKNOWN,card: KDV dahil net fiyat,FULL_REPAIR,1500,TRY,true,telefon_profesoru,INDEPENDENT_REPAIR_SERVICE,https://telefonprofesoru.com/samsung-on-cam-degisimi-fiyatlari/,2026-09-29,kart satırı; katman etiketi sayfada yok
SAMSUNG,Galaxy Note 20 Ultra,,Galaxy Note,Note 20 Ultra,OUTER_SCREEN,UNKNOWN,card: KDV dahil net fiyat,FULL_REPAIR,3600,TRY,true,telefon_profesoru,INDEPENDENT_REPAIR_SERVICE,https://telefonprofesoru.com/samsung-on-cam-degisimi-fiyatlari/,2026-09-29,kart satırı; katman etiketi sayfada yok
SAMSUNG,Galaxy Note 20,,Galaxy Note,Note 20,OUTER_SCREEN,UNKNOWN,card: KDV dahil net fiyat,FULL_REPAIR,3900,TRY,true,telefon_profesoru,INDEPENDENT_REPAIR_SERVICE,https://telefonprofesoru.com/samsung-on-cam-degisimi-fiyatlari/,2026-09-29,kart satırı; katman etiketi sayfada yok
SAMSUNG,Galaxy A17 4G,,Galaxy A,A17 4G,OUTER_SCREEN,UNKNOWN,card: KDV dahil net fiyat,FULL_REPAIR,2700,TRY,true,telefon_profesoru,INDEPENDENT_REPAIR_SERVICE,https://telefonprofesoru.com/samsung-on-cam-degisimi-fiyatlari/,2026-09-29,kart satırı; katman etiketi sayfada yok
SAMSUNG,Galaxy A17 5G,,Galaxy A,A17 5G,OUTER_SCREEN,UNKNOWN,card: KDV dahil net fiyat,FULL_REPAIR,2700,TRY,true,telefon_profesoru,INDEPENDENT_REPAIR_SERVICE,https://telefonprofesoru.com/samsung-on-cam-degisimi-fiyatlari/,2026-09-29,kart satırı; katman etiketi sayfada yok
SAMSUNG,Galaxy Z Fold 7,,Galaxy Z,Z Fold 7,BACK_GLASS,UNKNOWN,Arka Cam 6 Ay Garanti,FULL_REPAIR,2500,TRY,true,telefon_profesoru,INDEPENDENT_REPAIR_SERVICE,https://telefonprofesoru.com/samsung-arka-cam-degisimi-fiyatlari/,2026-09-29,tek katmanlı sütun; kaynak kalite etiketi yok
SAMSUNG,Galaxy Z Fold 6,,Galaxy Z,Z Fold 6,BACK_GLASS,UNKNOWN,Arka Cam 6 Ay Garanti,FULL_REPAIR,2500,TRY,true,telefon_profesoru,INDEPENDENT_REPAIR_SERVICE,https://telefonprofesoru.com/samsung-arka-cam-degisimi-fiyatlari/,2026-09-29,tek katmanlı sütun; kaynak kalite etiketi yok
SAMSUNG,Galaxy Z Fold 5,,Galaxy Z,Z Fold 5,BACK_GLASS,UNKNOWN,Arka Cam 6 Ay Garanti,FULL_REPAIR,2500,TRY,true,telefon_profesoru,INDEPENDENT_REPAIR_SERVICE,https://telefonprofesoru.com/samsung-arka-cam-degisimi-fiyatlari/,2026-09-29,tek katmanlı sütun; kaynak kalite etiketi yok
SAMSUNG,Galaxy Z Fold 4,,Galaxy Z,Z Fold 4,BACK_GLASS,UNKNOWN,Arka Cam 6 Ay Garanti,FULL_REPAIR,2500,TRY,true,telefon_profesoru,INDEPENDENT_REPAIR_SERVICE,https://telefonprofesoru.com/samsung-arka-cam-degisimi-fiyatlari/,2026-09-29,tek katmanlı sütun; kaynak kalite etiketi yok
SAMSUNG,Galaxy Z Fold 3,,Galaxy Z,Z Fold 3,BACK_GLASS,UNKNOWN,Arka Cam 6 Ay Garanti,FULL_REPAIR,2500,TRY,true,telefon_profesoru,INDEPENDENT_REPAIR_SERVICE,https://telefonprofesoru.com/samsung-arka-cam-degisimi-fiyatlari/,2026-09-29,tek katmanlı sütun; kaynak kalite etiketi yok
SAMSUNG,Galaxy Z Fold 2,,Galaxy Z,Z Fold 2,BACK_GLASS,UNKNOWN,Arka Cam 6 Ay Garanti,FULL_REPAIR,2500,TRY,true,telefon_profesoru,INDEPENDENT_REPAIR_SERVICE,https://telefonprofesoru.com/samsung-arka-cam-degisimi-fiyatlari/,2026-09-29,tek katmanlı sütun; kaynak kalite etiketi yok
SAMSUNG,Galaxy Z Fold,,Galaxy Z,Z Fold,BACK_GLASS,UNKNOWN,Arka Cam 6 Ay Garanti,FULL_REPAIR,2500,TRY,true,telefon_profesoru,INDEPENDENT_REPAIR_SERVICE,https://telefonprofesoru.com/samsung-arka-cam-degisimi-fiyatlari/,2026-09-29,tek katmanlı sütun; kaynak kalite etiketi yok
SAMSUNG,Galaxy S21 Ultra,,Galaxy S,S21 Ultra,BACK_GLASS,UNKNOWN,Arka Cam 6 Ay Garanti,FULL_REPAIR,1750,TRY,true,telefon_profesoru,INDEPENDENT_REPAIR_SERVICE,https://telefonprofesoru.com/samsung-arka-cam-degisimi-fiyatlari/,2026-09-29,tek katmanlı sütun; kaynak kalite etiketi yok
SAMSUNG,Galaxy S21 Plus,,Galaxy S,S21 Plus,BACK_GLASS,UNKNOWN,Arka Cam 6 Ay Garanti,FULL_REPAIR,1100,TRY,true,telefon_profesoru,INDEPENDENT_REPAIR_SERVICE,https://telefonprofesoru.com/samsung-arka-cam-degisimi-fiyatlari/,2026-09-29,tek katmanlı sütun; kaynak kalite etiketi yok
SAMSUNG,Galaxy S21,,Galaxy S,S21,BACK_GLASS,UNKNOWN,Arka Cam 6 Ay Garanti,FULL_REPAIR,1100,TRY,true,telefon_profesoru,INDEPENDENT_REPAIR_SERVICE,https://telefonprofesoru.com/samsung-arka-cam-degisimi-fiyatlari/,2026-09-29,tek katmanlı sütun; kaynak kalite etiketi yok
SAMSUNG,Galaxy S21 FE,,Galaxy S,S21 FE,BACK_GLASS,UNKNOWN,Arka Cam 6 Ay Garanti,FULL_REPAIR,1100,TRY,true,telefon_profesoru,INDEPENDENT_REPAIR_SERVICE,https://telefonprofesoru.com/samsung-arka-cam-degisimi-fiyatlari/,2026-09-29,tek katmanlı sütun; kaynak kalite etiketi yok
SAMSUNG,Galaxy S20 Ultra,,Galaxy S,S20 Ultra,BACK_GLASS,UNKNOWN,Arka Cam 6 Ay Garanti,FULL_REPAIR,1100,TRY,true,telefon_profesoru,INDEPENDENT_REPAIR_SERVICE,https://telefonprofesoru.com/samsung-arka-cam-degisimi-fiyatlari/,2026-09-29,tek katmanlı sütun; kaynak kalite etiketi yok
SAMSUNG,Galaxy S20 Plus,,Galaxy S,S20 Plus,BACK_GLASS,UNKNOWN,Arka Cam 6 Ay Garanti,FULL_REPAIR,1100,TRY,true,telefon_profesoru,INDEPENDENT_REPAIR_SERVICE,https://telefonprofesoru.com/samsung-arka-cam-degisimi-fiyatlari/,2026-09-29,tek katmanlı sütun; kaynak kalite etiketi yok
SAMSUNG,Galaxy S20,,Galaxy S,S20,BACK_GLASS,UNKNOWN,Arka Cam 6 Ay Garanti,FULL_REPAIR,1100,TRY,true,telefon_profesoru,INDEPENDENT_REPAIR_SERVICE,https://telefonprofesoru.com/samsung-arka-cam-degisimi-fiyatlari/,2026-09-29,tek katmanlı sütun; kaynak kalite etiketi yok
SAMSUNG,Galaxy S20 FE,,Galaxy S,S20 FE,BACK_GLASS,UNKNOWN,Arka Cam 6 Ay Garanti,FULL_REPAIR,1100,TRY,true,telefon_profesoru,INDEPENDENT_REPAIR_SERVICE,https://telefonprofesoru.com/samsung-arka-cam-degisimi-fiyatlari/,2026-09-29,tek katmanlı sütun; kaynak kalite etiketi yok
SAMSUNG,Galaxy S10 Plus,,Galaxy S,S10 Plus,BACK_GLASS,UNKNOWN,Arka Cam 6 Ay Garanti,FULL_REPAIR,1100,TRY,true,telefon_profesoru,INDEPENDENT_REPAIR_SERVICE,https://telefonprofesoru.com/samsung-arka-cam-degisimi-fiyatlari/,2026-09-29,tek katmanlı sütun; kaynak kalite etiketi yok
SAMSUNG,Galaxy S10,,Galaxy S,S10,BACK_GLASS,UNKNOWN,Arka Cam 6 Ay Garanti,FULL_REPAIR,1100,TRY,true,telefon_profesoru,INDEPENDENT_REPAIR_SERVICE,https://telefonprofesoru.com/samsung-arka-cam-degisimi-fiyatlari/,2026-09-29,tek katmanlı sütun; kaynak kalite etiketi yok
SAMSUNG,Galaxy S10 5G,,Galaxy S,S10 5G,BACK_GLASS,UNKNOWN,Arka Cam 6 Ay Garanti,FULL_REPAIR,1100,TRY,true,telefon_profesoru,INDEPENDENT_REPAIR_SERVICE,https://telefonprofesoru.com/samsung-arka-cam-degisimi-fiyatlari/,2026-09-29,tek katmanlı sütun; kaynak kalite etiketi yok
SAMSUNG,Galaxy S10e,,Galaxy S,S10e,BACK_GLASS,UNKNOWN,Arka Cam 6 Ay Garanti,FULL_REPAIR,1100,TRY,true,telefon_profesoru,INDEPENDENT_REPAIR_SERVICE,https://telefonprofesoru.com/samsung-arka-cam-degisimi-fiyatlari/,2026-09-29,tek katmanlı sütun; kaynak kalite etiketi yok
SAMSUNG,Galaxy S10 Lite,,Galaxy S,S10 Lite,BACK_GLASS,UNKNOWN,Arka Cam 6 Ay Garanti,FULL_REPAIR,1100,TRY,true,telefon_profesoru,INDEPENDENT_REPAIR_SERVICE,https://telefonprofesoru.com/samsung-arka-cam-degisimi-fiyatlari/,2026-09-29,tek katmanlı sütun; kaynak kalite etiketi yok
SAMSUNG,Galaxy A80,,Galaxy A,A80,BACK_GLASS,UNKNOWN,Arka Cam 6 Ay Garanti,FULL_REPAIR,900,TRY,true,telefon_profesoru,INDEPENDENT_REPAIR_SERVICE,https://telefonprofesoru.com/samsung-arka-cam-degisimi-fiyatlari/,2026-09-29,tek katmanlı sütun; kaynak kalite etiketi yok
SAMSUNG,Galaxy A8 Plus (2018),,Galaxy A,A8 Plus (2018),BACK_GLASS,UNKNOWN,Arka Cam 6 Ay Garanti,FULL_REPAIR,900,TRY,true,telefon_profesoru,INDEPENDENT_REPAIR_SERVICE,https://telefonprofesoru.com/samsung-arka-cam-degisimi-fiyatlari/,2026-09-29,tek katmanlı sütun; kaynak kalite etiketi yok
SAMSUNG,Galaxy A8,,Galaxy A,A8,BACK_GLASS,UNKNOWN,Arka Cam 6 Ay Garanti,FULL_REPAIR,900,TRY,true,telefon_profesoru,INDEPENDENT_REPAIR_SERVICE,https://telefonprofesoru.com/samsung-arka-cam-degisimi-fiyatlari/,2026-09-29,tek katmanlı sütun; kaynak kalite etiketi yok
SAMSUNG,Galaxy A8 (2016),,Galaxy A,A8 (2016),BACK_GLASS,UNKNOWN,Arka Cam 6 Ay Garanti,FULL_REPAIR,900,TRY,true,telefon_profesoru,INDEPENDENT_REPAIR_SERVICE,https://telefonprofesoru.com/samsung-arka-cam-degisimi-fiyatlari/,2026-09-29,tek katmanlı sütun; kaynak kalite etiketi yok
SAMSUNG,Galaxy A8 (2018),,Galaxy A,A8 (2018),BACK_GLASS,UNKNOWN,Arka Cam 6 Ay Garanti,FULL_REPAIR,900,TRY,true,telefon_profesoru,INDEPENDENT_REPAIR_SERVICE,https://telefonprofesoru.com/samsung-arka-cam-degisimi-fiyatlari/,2026-09-29,tek katmanlı sütun; kaynak kalite etiketi yok
SAMSUNG,Galaxy A73,,Galaxy A,A73,BACK_GLASS,UNKNOWN,Arka Cam 6 Ay Garanti,FULL_REPAIR,1500,TRY,true,telefon_profesoru,INDEPENDENT_REPAIR_SERVICE,https://telefonprofesoru.com/samsung-arka-cam-degisimi-fiyatlari/,2026-09-29,tek katmanlı sütun; kaynak kalite etiketi yok
SAMSUNG,Galaxy A72,,Galaxy A,A72,BACK_GLASS,UNKNOWN,Arka Cam 6 Ay Garanti,FULL_REPAIR,1100,TRY,true,telefon_profesoru,INDEPENDENT_REPAIR_SERVICE,https://telefonprofesoru.com/samsung-arka-cam-degisimi-fiyatlari/,2026-09-29,tek katmanlı sütun; kaynak kalite etiketi yok
SAMSUNG,Galaxy A71,,Galaxy A,A71,BACK_GLASS,UNKNOWN,Arka Cam 6 Ay Garanti,FULL_REPAIR,1100,TRY,true,telefon_profesoru,INDEPENDENT_REPAIR_SERVICE,https://telefonprofesoru.com/samsung-arka-cam-degisimi-fiyatlari/,2026-09-29,tek katmanlı sütun; kaynak kalite etiketi yok
SAMSUNG,Galaxy A70,,Galaxy A,A70,BACK_GLASS,UNKNOWN,Arka Cam 6 Ay Garanti,FULL_REPAIR,1100,TRY,true,telefon_profesoru,INDEPENDENT_REPAIR_SERVICE,https://telefonprofesoru.com/samsung-arka-cam-degisimi-fiyatlari/,2026-09-29,tek katmanlı sütun; kaynak kalite etiketi yok
SAMSUNG,Galaxy A7,,Galaxy A,A7,BACK_GLASS,UNKNOWN,Arka Cam 6 Ay Garanti,FULL_REPAIR,900,TRY,true,telefon_profesoru,INDEPENDENT_REPAIR_SERVICE,https://telefonprofesoru.com/samsung-arka-cam-degisimi-fiyatlari/,2026-09-29,tek katmanlı sütun; kaynak kalite etiketi yok
SAMSUNG,Galaxy A7 (2016),,Galaxy A,A7 (2016),BACK_GLASS,UNKNOWN,Arka Cam 6 Ay Garanti,FULL_REPAIR,900,TRY,true,telefon_profesoru,INDEPENDENT_REPAIR_SERVICE,https://telefonprofesoru.com/samsung-arka-cam-degisimi-fiyatlari/,2026-09-29,tek katmanlı sütun; kaynak kalite etiketi yok
SAMSUNG,Galaxy A7 (2017),,Galaxy A,A7 (2017),BACK_GLASS,UNKNOWN,Arka Cam 6 Ay Garanti,FULL_REPAIR,900,TRY,true,telefon_profesoru,INDEPENDENT_REPAIR_SERVICE,https://telefonprofesoru.com/samsung-arka-cam-degisimi-fiyatlari/,2026-09-29,tek katmanlı sütun; kaynak kalite etiketi yok
SAMSUNG,Galaxy A7 (2018),,Galaxy A,A7 (2018),BACK_GLASS,UNKNOWN,Arka Cam 6 Ay Garanti,FULL_REPAIR,900,TRY,true,telefon_profesoru,INDEPENDENT_REPAIR_SERVICE,https://telefonprofesoru.com/samsung-arka-cam-degisimi-fiyatlari/,2026-09-29,tek katmanlı sütun; kaynak kalite etiketi yok
SAMSUNG,Galaxy A60,,Galaxy A,A60,BACK_GLASS,UNKNOWN,Arka Cam 6 Ay Garanti,FULL_REPAIR,1100,TRY,true,telefon_profesoru,INDEPENDENT_REPAIR_SERVICE,https://telefonprofesoru.com/samsung-arka-cam-degisimi-fiyatlari/,2026-09-29,tek katmanlı sütun; kaynak kalite etiketi yok
SAMSUNG,Galaxy A6 Plus,,Galaxy A,A6 Plus,BACK_GLASS,UNKNOWN,Arka Cam 6 Ay Garanti,FULL_REPAIR,900,TRY,true,telefon_profesoru,INDEPENDENT_REPAIR_SERVICE,https://telefonprofesoru.com/samsung-arka-cam-degisimi-fiyatlari/,2026-09-29,tek katmanlı sütun; kaynak kalite etiketi yok
SAMSUNG,Galaxy A6 Plus (2018),,Galaxy A,A6 Plus (2018),BACK_GLASS,UNKNOWN,Arka Cam 6 Ay Garanti,FULL_REPAIR,900,TRY,true,telefon_profesoru,INDEPENDENT_REPAIR_SERVICE,https://telefonprofesoru.com/samsung-arka-cam-degisimi-fiyatlari/,2026-09-29,tek katmanlı sütun; kaynak kalite etiketi yok
SAMSUNG,Galaxy A6 (2018),,Galaxy A,A6 (2018),BACK_GLASS,UNKNOWN,Arka Cam 6 Ay Garanti,FULL_REPAIR,900,TRY,true,telefon_profesoru,INDEPENDENT_REPAIR_SERVICE,https://telefonprofesoru.com/samsung-arka-cam-degisimi-fiyatlari/,2026-09-29,tek katmanlı sütun; kaynak kalite etiketi yok
SAMSUNG,Galaxy A56,,Galaxy A,A56,BACK_GLASS,UNKNOWN,Arka Cam 6 Ay Garanti,FULL_REPAIR,1500,TRY,true,telefon_profesoru,INDEPENDENT_REPAIR_SERVICE,https://telefonprofesoru.com/samsung-arka-cam-degisimi-fiyatlari/,2026-09-29,tek katmanlı sütun; kaynak kalite etiketi yok
SAMSUNG,Galaxy A55,,Galaxy A,A55,BACK_GLASS,UNKNOWN,Arka Cam 6 Ay Garanti,FULL_REPAIR,1500,TRY,true,telefon_profesoru,INDEPENDENT_REPAIR_SERVICE,https://telefonprofesoru.com/samsung-arka-cam-degisimi-fiyatlari/,2026-09-29,tek katmanlı sütun; kaynak kalite etiketi yok
SAMSUNG,Galaxy A54,,Galaxy A,A54,BACK_GLASS,UNKNOWN,Arka Cam 6 Ay Garanti,FULL_REPAIR,1500,TRY,true,telefon_profesoru,INDEPENDENT_REPAIR_SERVICE,https://telefonprofesoru.com/samsung-arka-cam-degisimi-fiyatlari/,2026-09-29,tek katmanlı sütun; kaynak kalite etiketi yok
SAMSUNG,Galaxy A53,,Galaxy A,A53,BACK_GLASS,UNKNOWN,Arka Cam 6 Ay Garanti,FULL_REPAIR,1250,TRY,true,telefon_profesoru,INDEPENDENT_REPAIR_SERVICE,https://telefonprofesoru.com/samsung-arka-cam-degisimi-fiyatlari/,2026-09-29,tek katmanlı sütun; kaynak kalite etiketi yok
SAMSUNG,Galaxy A52,,Galaxy A,A52,BACK_GLASS,UNKNOWN,Arka Cam 6 Ay Garanti,FULL_REPAIR,1250,TRY,true,telefon_profesoru,INDEPENDENT_REPAIR_SERVICE,https://telefonprofesoru.com/samsung-arka-cam-degisimi-fiyatlari/,2026-09-29,tek katmanlı sütun; kaynak kalite etiketi yok
SAMSUNG,Galaxy A52s,,Galaxy A,A52s,BACK_GLASS,UNKNOWN,Arka Cam 6 Ay Garanti,FULL_REPAIR,1250,TRY,true,telefon_profesoru,INDEPENDENT_REPAIR_SERVICE,https://telefonprofesoru.com/samsung-arka-cam-degisimi-fiyatlari/,2026-09-29,tek katmanlı sütun; kaynak kalite etiketi yok
SAMSUNG,Galaxy A51,,Galaxy A,A51,BACK_GLASS,UNKNOWN,Arka Cam 6 Ay Garanti,FULL_REPAIR,900,TRY,true,telefon_profesoru,INDEPENDENT_REPAIR_SERVICE,https://telefonprofesoru.com/samsung-arka-cam-degisimi-fiyatlari/,2026-09-29,tek katmanlı sütun; kaynak kalite etiketi yok
SAMSUNG,Galaxy A50,,Galaxy A,A50,BACK_GLASS,UNKNOWN,Arka Cam 6 Ay Garanti,FULL_REPAIR,900,TRY,true,telefon_profesoru,INDEPENDENT_REPAIR_SERVICE,https://telefonprofesoru.com/samsung-arka-cam-degisimi-fiyatlari/,2026-09-29,tek katmanlı sütun; kaynak kalite etiketi yok
SAMSUNG,Galaxy A50s,,Galaxy A,A50s,BACK_GLASS,UNKNOWN,Arka Cam 6 Ay Garanti,FULL_REPAIR,900,TRY,true,telefon_profesoru,INDEPENDENT_REPAIR_SERVICE,https://telefonprofesoru.com/samsung-arka-cam-degisimi-fiyatlari/,2026-09-29,tek katmanlı sütun; kaynak kalite etiketi yok
SAMSUNG,Galaxy A5 (2016),,Galaxy A,A5 (2016),BACK_GLASS,UNKNOWN,Arka Cam 6 Ay Garanti,FULL_REPAIR,900,TRY,true,telefon_profesoru,INDEPENDENT_REPAIR_SERVICE,https://telefonprofesoru.com/samsung-arka-cam-degisimi-fiyatlari/,2026-09-29,tek katmanlı sütun; kaynak kalite etiketi yok
SAMSUNG,Galaxy A5 (2017),,Galaxy A,A5 (2017),BACK_GLASS,UNKNOWN,Arka Cam 6 Ay Garanti,FULL_REPAIR,900,TRY,true,telefon_profesoru,INDEPENDENT_REPAIR_SERVICE,https://telefonprofesoru.com/samsung-arka-cam-degisimi-fiyatlari/,2026-09-29,tek katmanlı sütun; kaynak kalite etiketi yok
SAMSUNG,Galaxy M54,,Galaxy M,M54,BACK_GLASS,UNKNOWN,Arka Cam 6 Ay Garanti,FULL_REPAIR,1500,TRY,true,telefon_profesoru,INDEPENDENT_REPAIR_SERVICE,https://telefonprofesoru.com/samsung-arka-cam-degisimi-fiyatlari/,2026-09-29,tek katmanlı sütun; kaynak kalite etiketi yok
SAMSUNG,Galaxy M53,,Galaxy M,M53,BACK_GLASS,UNKNOWN,Arka Cam 6 Ay Garanti,FULL_REPAIR,1250,TRY,true,telefon_profesoru,INDEPENDENT_REPAIR_SERVICE,https://telefonprofesoru.com/samsung-arka-cam-degisimi-fiyatlari/,2026-09-29,tek katmanlı sütun; kaynak kalite etiketi yok
SAMSUNG,Galaxy M52,,Galaxy M,M52,BACK_GLASS,UNKNOWN,Arka Cam 6 Ay Garanti,FULL_REPAIR,1250,TRY,true,telefon_profesoru,INDEPENDENT_REPAIR_SERVICE,https://telefonprofesoru.com/samsung-arka-cam-degisimi-fiyatlari/,2026-09-29,tek katmanlı sütun; kaynak kalite etiketi yok
SAMSUNG,Galaxy M51,,Galaxy M,M51,BACK_GLASS,UNKNOWN,Arka Cam 6 Ay Garanti,FULL_REPAIR,900,TRY,true,telefon_profesoru,INDEPENDENT_REPAIR_SERVICE,https://telefonprofesoru.com/samsung-arka-cam-degisimi-fiyatlari/,2026-09-29,tek katmanlı sütun; kaynak kalite etiketi yok
SAMSUNG,Galaxy A42,,Galaxy A,A42,BACK_GLASS,UNKNOWN,Arka Cam 6 Ay Garanti,FULL_REPAIR,900,TRY,true,telefon_profesoru,INDEPENDENT_REPAIR_SERVICE,https://telefonprofesoru.com/samsung-arka-cam-degisimi-fiyatlari/,2026-09-29,tek katmanlı sütun; kaynak kalite etiketi yok
SAMSUNG,Galaxy A41,,Galaxy A,A41,BACK_GLASS,UNKNOWN,Arka Cam 6 Ay Garanti,FULL_REPAIR,900,TRY,true,telefon_profesoru,INDEPENDENT_REPAIR_SERVICE,https://telefonprofesoru.com/samsung-arka-cam-degisimi-fiyatlari/,2026-09-29,tek katmanlı sütun; kaynak kalite etiketi yok
SAMSUNG,Galaxy A40,,Galaxy A,A40,BACK_GLASS,UNKNOWN,Arka Cam 6 Ay Garanti,FULL_REPAIR,900,TRY,true,telefon_profesoru,INDEPENDENT_REPAIR_SERVICE,https://telefonprofesoru.com/samsung-arka-cam-degisimi-fiyatlari/,2026-09-29,tek katmanlı sütun; kaynak kalite etiketi yok
SAMSUNG,Galaxy A36,,Galaxy A,A36,BACK_GLASS,UNKNOWN,Arka Cam 6 Ay Garanti,FULL_REPAIR,1500,TRY,true,telefon_profesoru,INDEPENDENT_REPAIR_SERVICE,https://telefonprofesoru.com/samsung-arka-cam-degisimi-fiyatlari/,2026-09-29,tek katmanlı sütun; kaynak kalite etiketi yok
SAMSUNG,Galaxy A35,,Galaxy A,A35,BACK_GLASS,UNKNOWN,Arka Cam 6 Ay Garanti,FULL_REPAIR,1500,TRY,true,telefon_profesoru,INDEPENDENT_REPAIR_SERVICE,https://telefonprofesoru.com/samsung-arka-cam-degisimi-fiyatlari/,2026-09-29,tek katmanlı sütun; kaynak kalite etiketi yok
SAMSUNG,Galaxy A34,,Galaxy A,A34,BACK_GLASS,UNKNOWN,Arka Cam 6 Ay Garanti,FULL_REPAIR,1200,TRY,true,telefon_profesoru,INDEPENDENT_REPAIR_SERVICE,https://telefonprofesoru.com/samsung-arka-cam-degisimi-fiyatlari/,2026-09-29,tek katmanlı sütun; kaynak kalite etiketi yok
SAMSUNG,Galaxy A33,,Galaxy A,A33,BACK_GLASS,UNKNOWN,Arka Cam 6 Ay Garanti,FULL_REPAIR,1100,TRY,true,telefon_profesoru,INDEPENDENT_REPAIR_SERVICE,https://telefonprofesoru.com/samsung-arka-cam-degisimi-fiyatlari/,2026-09-29,tek katmanlı sütun; kaynak kalite etiketi yok
SAMSUNG,Galaxy A32,,Galaxy A,A32,BACK_GLASS,UNKNOWN,Arka Cam 6 Ay Garanti,FULL_REPAIR,1100,TRY,true,telefon_profesoru,INDEPENDENT_REPAIR_SERVICE,https://telefonprofesoru.com/samsung-arka-cam-degisimi-fiyatlari/,2026-09-29,tek katmanlı sütun; kaynak kalite etiketi yok
SAMSUNG,Galaxy A32 4G,,Galaxy A,A32 4G,BACK_GLASS,UNKNOWN,Arka Cam 6 Ay Garanti,FULL_REPAIR,1100,TRY,true,telefon_profesoru,INDEPENDENT_REPAIR_SERVICE,https://telefonprofesoru.com/samsung-arka-cam-degisimi-fiyatlari/,2026-09-29,tek katmanlı sütun; kaynak kalite etiketi yok
SAMSUNG,Galaxy A32 5G,,Galaxy A,A32 5G,BACK_GLASS,UNKNOWN,Arka Cam 6 Ay Garanti,FULL_REPAIR,1100,TRY,true,telefon_profesoru,INDEPENDENT_REPAIR_SERVICE,https://telefonprofesoru.com/samsung-arka-cam-degisimi-fiyatlari/,2026-09-29,tek katmanlı sütun; kaynak kalite etiketi yok
SAMSUNG,Galaxy A31,,Galaxy A,A31,BACK_GLASS,UNKNOWN,Arka Cam 6 Ay Garanti,FULL_REPAIR,900,TRY,true,telefon_profesoru,INDEPENDENT_REPAIR_SERVICE,https://telefonprofesoru.com/samsung-arka-cam-degisimi-fiyatlari/,2026-09-29,tek katmanlı sütun; kaynak kalite etiketi yok
SAMSUNG,Galaxy A30,,Galaxy A,A30,BACK_GLASS,UNKNOWN,Arka Cam 6 Ay Garanti,FULL_REPAIR,900,TRY,true,telefon_profesoru,INDEPENDENT_REPAIR_SERVICE,https://telefonprofesoru.com/samsung-arka-cam-degisimi-fiyatlari/,2026-09-29,tek katmanlı sütun; kaynak kalite etiketi yok
SAMSUNG,Galaxy A30s,,Galaxy A,A30s,BACK_GLASS,UNKNOWN,Arka Cam 6 Ay Garanti,FULL_REPAIR,900,TRY,true,telefon_profesoru,INDEPENDENT_REPAIR_SERVICE,https://telefonprofesoru.com/samsung-arka-cam-degisimi-fiyatlari/,2026-09-29,tek katmanlı sütun; kaynak kalite etiketi yok
SAMSUNG,Galaxy A3 (2016),,Galaxy A,A3 (2016),BACK_GLASS,UNKNOWN,Arka Cam 6 Ay Garanti,FULL_REPAIR,900,TRY,true,telefon_profesoru,INDEPENDENT_REPAIR_SERVICE,https://telefonprofesoru.com/samsung-arka-cam-degisimi-fiyatlari/,2026-09-29,tek katmanlı sütun; kaynak kalite etiketi yok
SAMSUNG,Galaxy A3 (2017),,Galaxy A,A3 (2017),BACK_GLASS,UNKNOWN,Arka Cam 6 Ay Garanti,FULL_REPAIR,900,TRY,true,telefon_profesoru,INDEPENDENT_REPAIR_SERVICE,https://telefonprofesoru.com/samsung-arka-cam-degisimi-fiyatlari/,2026-09-29,tek katmanlı sütun; kaynak kalite etiketi yok
SAMSUNG,Galaxy M34,,Galaxy M,M34,BACK_GLASS,UNKNOWN,Arka Cam 6 Ay Garanti,FULL_REPAIR,1200,TRY,true,telefon_profesoru,INDEPENDENT_REPAIR_SERVICE,https://telefonprofesoru.com/samsung-arka-cam-degisimi-fiyatlari/,2026-09-29,tek katmanlı sütun; kaynak kalite etiketi yok
SAMSUNG,Galaxy M33,,Galaxy M,M33,BACK_GLASS,UNKNOWN,Arka Cam 6 Ay Garanti,FULL_REPAIR,1100,TRY,true,telefon_profesoru,INDEPENDENT_REPAIR_SERVICE,https://telefonprofesoru.com/samsung-arka-cam-degisimi-fiyatlari/,2026-09-29,tek katmanlı sütun; kaynak kalite etiketi yok
SAMSUNG,Galaxy M32,,Galaxy M,M32,BACK_GLASS,UNKNOWN,Arka Cam 6 Ay Garanti,FULL_REPAIR,900,TRY,true,telefon_profesoru,INDEPENDENT_REPAIR_SERVICE,https://telefonprofesoru.com/samsung-arka-cam-degisimi-fiyatlari/,2026-09-29,tek katmanlı sütun; kaynak kalite etiketi yok
SAMSUNG,Galaxy M31,,Galaxy M,M31,BACK_GLASS,UNKNOWN,Arka Cam 6 Ay Garanti,FULL_REPAIR,900,TRY,true,telefon_profesoru,INDEPENDENT_REPAIR_SERVICE,https://telefonprofesoru.com/samsung-arka-cam-degisimi-fiyatlari/,2026-09-29,tek katmanlı sütun; kaynak kalite etiketi yok
SAMSUNG,Galaxy M31s,,Galaxy M,M31s,BACK_GLASS,UNKNOWN,Arka Cam 6 Ay Garanti,FULL_REPAIR,900,TRY,true,telefon_profesoru,INDEPENDENT_REPAIR_SERVICE,https://telefonprofesoru.com/samsung-arka-cam-degisimi-fiyatlari/,2026-09-29,tek katmanlı sütun; kaynak kalite etiketi yok
SAMSUNG,Galaxy M30,,Galaxy M,M30,BACK_GLASS,UNKNOWN,Arka Cam 6 Ay Garanti,FULL_REPAIR,900,TRY,true,telefon_profesoru,INDEPENDENT_REPAIR_SERVICE,https://telefonprofesoru.com/samsung-arka-cam-degisimi-fiyatlari/,2026-09-29,tek katmanlı sütun; kaynak kalite etiketi yok
SAMSUNG,Galaxy M30s,,Galaxy M,M30s,BACK_GLASS,UNKNOWN,Arka Cam 6 Ay Garanti,FULL_REPAIR,900,TRY,true,telefon_profesoru,INDEPENDENT_REPAIR_SERVICE,https://telefonprofesoru.com/samsung-arka-cam-degisimi-fiyatlari/,2026-09-29,tek katmanlı sütun; kaynak kalite etiketi yok
SAMSUNG,Galaxy A26,,Galaxy A,A26,BACK_GLASS,UNKNOWN,Arka Cam 6 Ay Garanti,FULL_REPAIR,900,TRY,true,telefon_profesoru,INDEPENDENT_REPAIR_SERVICE,https://telefonprofesoru.com/samsung-arka-cam-degisimi-fiyatlari/,2026-09-29,tek katmanlı sütun; kaynak kalite etiketi yok
SAMSUNG,Galaxy A25,,Galaxy A,A25,BACK_GLASS,UNKNOWN,Arka Cam 6 Ay Garanti,FULL_REPAIR,900,TRY,true,telefon_profesoru,INDEPENDENT_REPAIR_SERVICE,https://telefonprofesoru.com/samsung-arka-cam-degisimi-fiyatlari/,2026-09-29,tek katmanlı sütun; kaynak kalite etiketi yok
SAMSUNG,Galaxy A24,,Galaxy A,A24,BACK_GLASS,UNKNOWN,Arka Cam 6 Ay Garanti,FULL_REPAIR,900,TRY,true,telefon_profesoru,INDEPENDENT_REPAIR_SERVICE,https://telefonprofesoru.com/samsung-arka-cam-degisimi-fiyatlari/,2026-09-29,tek katmanlı sütun; kaynak kalite etiketi yok
SAMSUNG,Galaxy A23,,Galaxy A,A23,BACK_GLASS,UNKNOWN,Arka Cam 6 Ay Garanti,FULL_REPAIR,900,TRY,true,telefon_profesoru,INDEPENDENT_REPAIR_SERVICE,https://telefonprofesoru.com/samsung-arka-cam-degisimi-fiyatlari/,2026-09-29,tek katmanlı sütun; kaynak kalite etiketi yok
SAMSUNG,Galaxy A23 4G,,Galaxy A,A23 4G,BACK_GLASS,UNKNOWN,Arka Cam 6 Ay Garanti,FULL_REPAIR,900,TRY,true,telefon_profesoru,INDEPENDENT_REPAIR_SERVICE,https://telefonprofesoru.com/samsung-arka-cam-degisimi-fiyatlari/,2026-09-29,tek katmanlı sütun; kaynak kalite etiketi yok
SAMSUNG,Galaxy A23 5G,,Galaxy A,A23 5G,BACK_GLASS,UNKNOWN,Arka Cam 6 Ay Garanti,FULL_REPAIR,900,TRY,true,telefon_profesoru,INDEPENDENT_REPAIR_SERVICE,https://telefonprofesoru.com/samsung-arka-cam-degisimi-fiyatlari/,2026-09-29,tek katmanlı sütun; kaynak kalite etiketi yok
SAMSUNG,Galaxy A22,,Galaxy A,A22,BACK_GLASS,UNKNOWN,Arka Cam 6 Ay Garanti,FULL_REPAIR,900,TRY,true,telefon_profesoru,INDEPENDENT_REPAIR_SERVICE,https://telefonprofesoru.com/samsung-arka-cam-degisimi-fiyatlari/,2026-09-29,tek katmanlı sütun; kaynak kalite etiketi yok
SAMSUNG,Galaxy A22 4G,,Galaxy A,A22 4G,BACK_GLASS,UNKNOWN,Arka Cam 6 Ay Garanti,FULL_REPAIR,900,TRY,true,telefon_profesoru,INDEPENDENT_REPAIR_SERVICE,https://telefonprofesoru.com/samsung-arka-cam-degisimi-fiyatlari/,2026-09-29,tek katmanlı sütun; kaynak kalite etiketi yok
SAMSUNG,Galaxy A22 5G,,Galaxy A,A22 5G,BACK_GLASS,UNKNOWN,Arka Cam 6 Ay Garanti,FULL_REPAIR,900,TRY,true,telefon_profesoru,INDEPENDENT_REPAIR_SERVICE,https://telefonprofesoru.com/samsung-arka-cam-degisimi-fiyatlari/,2026-09-29,tek katmanlı sütun; kaynak kalite etiketi yok
SAMSUNG,Galaxy A21,,Galaxy A,A21,BACK_GLASS,UNKNOWN,Arka Cam 6 Ay Garanti,FULL_REPAIR,900,TRY,true,telefon_profesoru,INDEPENDENT_REPAIR_SERVICE,https://telefonprofesoru.com/samsung-arka-cam-degisimi-fiyatlari/,2026-09-29,tek katmanlı sütun; kaynak kalite etiketi yok
SAMSUNG,Galaxy A21s,,Galaxy A,A21s,BACK_GLASS,UNKNOWN,Arka Cam 6 Ay Garanti,FULL_REPAIR,900,TRY,true,telefon_profesoru,INDEPENDENT_REPAIR_SERVICE,https://telefonprofesoru.com/samsung-arka-cam-degisimi-fiyatlari/,2026-09-29,tek katmanlı sütun; kaynak kalite etiketi yok
SAMSUNG,Galaxy A20,,Galaxy A,A20,BACK_GLASS,UNKNOWN,Arka Cam 6 Ay Garanti,FULL_REPAIR,900,TRY,true,telefon_profesoru,INDEPENDENT_REPAIR_SERVICE,https://telefonprofesoru.com/samsung-arka-cam-degisimi-fiyatlari/,2026-09-29,tek katmanlı sütun; kaynak kalite etiketi yok
SAMSUNG,Galaxy A20e,,Galaxy A,A20e,BACK_GLASS,UNKNOWN,Arka Cam 6 Ay Garanti,FULL_REPAIR,900,TRY,true,telefon_profesoru,INDEPENDENT_REPAIR_SERVICE,https://telefonprofesoru.com/samsung-arka-cam-degisimi-fiyatlari/,2026-09-29,tek katmanlı sütun; kaynak kalite etiketi yok
SAMSUNG,Galaxy A20s,,Galaxy A,A20s,BACK_GLASS,UNKNOWN,Arka Cam 6 Ay Garanti,FULL_REPAIR,900,TRY,true,telefon_profesoru,INDEPENDENT_REPAIR_SERVICE,https://telefonprofesoru.com/samsung-arka-cam-degisimi-fiyatlari/,2026-09-29,tek katmanlı sütun; kaynak kalite etiketi yok
SAMSUNG,Galaxy A2 Core,,Galaxy A,A2 Core,BACK_GLASS,UNKNOWN,Arka Cam 6 Ay Garanti,FULL_REPAIR,900,TRY,true,telefon_profesoru,INDEPENDENT_REPAIR_SERVICE,https://telefonprofesoru.com/samsung-arka-cam-degisimi-fiyatlari/,2026-09-29,tek katmanlı sütun; kaynak kalite etiketi yok
SAMSUNG,Galaxy M23,,Galaxy M,M23,BACK_GLASS,UNKNOWN,Arka Cam 6 Ay Garanti,FULL_REPAIR,900,TRY,true,telefon_profesoru,INDEPENDENT_REPAIR_SERVICE,https://telefonprofesoru.com/samsung-arka-cam-degisimi-fiyatlari/,2026-09-29,tek katmanlı sütun; kaynak kalite etiketi yok
SAMSUNG,Galaxy M22,,Galaxy M,M22,BACK_GLASS,UNKNOWN,Arka Cam 6 Ay Garanti,FULL_REPAIR,900,TRY,true,telefon_profesoru,INDEPENDENT_REPAIR_SERVICE,https://telefonprofesoru.com/samsung-arka-cam-degisimi-fiyatlari/,2026-09-29,tek katmanlı sütun; kaynak kalite etiketi yok
SAMSUNG,Galaxy M21,,Galaxy M,M21,BACK_GLASS,UNKNOWN,Arka Cam 6 Ay Garanti,FULL_REPAIR,900,TRY,true,telefon_profesoru,INDEPENDENT_REPAIR_SERVICE,https://telefonprofesoru.com/samsung-arka-cam-degisimi-fiyatlari/,2026-09-29,tek katmanlı sütun; kaynak kalite etiketi yok
SAMSUNG,Galaxy M20,,Galaxy M,M20,BACK_GLASS,UNKNOWN,Arka Cam 6 Ay Garanti,FULL_REPAIR,900,TRY,true,telefon_profesoru,INDEPENDENT_REPAIR_SERVICE,https://telefonprofesoru.com/samsung-arka-cam-degisimi-fiyatlari/,2026-09-29,tek katmanlı sütun; kaynak kalite etiketi yok
SAMSUNG,Galaxy A17 4G,,Galaxy A,A17 4G,BACK_GLASS,UNKNOWN,Arka Cam 6 Ay Garanti,FULL_REPAIR,1100,TRY,true,telefon_profesoru,INDEPENDENT_REPAIR_SERVICE,https://telefonprofesoru.com/samsung-arka-cam-degisimi-fiyatlari/,2026-09-29,tek katmanlı sütun; kaynak kalite etiketi yok
SAMSUNG,Galaxy A17 5G,,Galaxy A,A17 5G,BACK_GLASS,UNKNOWN,Arka Cam 6 Ay Garanti,FULL_REPAIR,1100,TRY,true,telefon_profesoru,INDEPENDENT_REPAIR_SERVICE,https://telefonprofesoru.com/samsung-arka-cam-degisimi-fiyatlari/,2026-09-29,tek katmanlı sütun; kaynak kalite etiketi yok
SAMSUNG,Galaxy A16,,Galaxy A,A16,BACK_GLASS,UNKNOWN,Arka Cam 6 Ay Garanti,FULL_REPAIR,1250,TRY,true,telefon_profesoru,INDEPENDENT_REPAIR_SERVICE,https://telefonprofesoru.com/samsung-arka-cam-degisimi-fiyatlari/,2026-09-29,tek katmanlı sütun; kaynak kalite etiketi yok
SAMSUNG,Galaxy A16 4G,,Galaxy A,A16 4G,BACK_GLASS,UNKNOWN,Arka Cam 6 Ay Garanti,FULL_REPAIR,1250,TRY,true,telefon_profesoru,INDEPENDENT_REPAIR_SERVICE,https://telefonprofesoru.com/samsung-arka-cam-degisimi-fiyatlari/,2026-09-29,tek katmanlı sütun; kaynak kalite etiketi yok
SAMSUNG,Galaxy A16 5G,,Galaxy A,A16 5G,BACK_GLASS,UNKNOWN,Arka Cam 6 Ay Garanti,FULL_REPAIR,1250,TRY,true,telefon_profesoru,INDEPENDENT_REPAIR_SERVICE,https://telefonprofesoru.com/samsung-arka-cam-degisimi-fiyatlari/,2026-09-29,tek katmanlı sütun; kaynak kalite etiketi yok
SAMSUNG,Galaxy A15,,Galaxy A,A15,BACK_GLASS,UNKNOWN,Arka Cam 6 Ay Garanti,FULL_REPAIR,1100,TRY,true,telefon_profesoru,INDEPENDENT_REPAIR_SERVICE,https://telefonprofesoru.com/samsung-arka-cam-degisimi-fiyatlari/,2026-09-29,tek katmanlı sütun; kaynak kalite etiketi yok
SAMSUNG,Galaxy A15 5G,,Galaxy A,A15 5G,BACK_GLASS,UNKNOWN,Arka Cam 6 Ay Garanti,FULL_REPAIR,1100,TRY,true,telefon_profesoru,INDEPENDENT_REPAIR_SERVICE,https://telefonprofesoru.com/samsung-arka-cam-degisimi-fiyatlari/,2026-09-29,tek katmanlı sütun; kaynak kalite etiketi yok
SAMSUNG,Galaxy A14,,Galaxy A,A14,BACK_GLASS,UNKNOWN,Arka Cam 6 Ay Garanti,FULL_REPAIR,1100,TRY,true,telefon_profesoru,INDEPENDENT_REPAIR_SERVICE,https://telefonprofesoru.com/samsung-arka-cam-degisimi-fiyatlari/,2026-09-29,tek katmanlı sütun; kaynak kalite etiketi yok
SAMSUNG,Galaxy A14 4G,,Galaxy A,A14 4G,BACK_GLASS,UNKNOWN,Arka Cam 6 Ay Garanti,FULL_REPAIR,1100,TRY,true,telefon_profesoru,INDEPENDENT_REPAIR_SERVICE,https://telefonprofesoru.com/samsung-arka-cam-degisimi-fiyatlari/,2026-09-29,tek katmanlı sütun; kaynak kalite etiketi yok
SAMSUNG,Galaxy A14 5G,,Galaxy A,A14 5G,BACK_GLASS,UNKNOWN,Arka Cam 6 Ay Garanti,FULL_REPAIR,900,TRY,true,telefon_profesoru,INDEPENDENT_REPAIR_SERVICE,https://telefonprofesoru.com/samsung-arka-cam-degisimi-fiyatlari/,2026-09-29,tek katmanlı sütun; kaynak kalite etiketi yok
SAMSUNG,Galaxy A13,,Galaxy A,A13,BACK_GLASS,UNKNOWN,Arka Cam 6 Ay Garanti,FULL_REPAIR,900,TRY,true,telefon_profesoru,INDEPENDENT_REPAIR_SERVICE,https://telefonprofesoru.com/samsung-arka-cam-degisimi-fiyatlari/,2026-09-29,tek katmanlı sütun; kaynak kalite etiketi yok
SAMSUNG,Galaxy A13 4G,,Galaxy A,A13 4G,BACK_GLASS,UNKNOWN,Arka Cam 6 Ay Garanti,FULL_REPAIR,900,TRY,true,telefon_profesoru,INDEPENDENT_REPAIR_SERVICE,https://telefonprofesoru.com/samsung-arka-cam-degisimi-fiyatlari/,2026-09-29,tek katmanlı sütun; kaynak kalite etiketi yok
SAMSUNG,Galaxy A13 5G,,Galaxy A,A13 5G,BACK_GLASS,UNKNOWN,Arka Cam 6 Ay Garanti,FULL_REPAIR,900,TRY,true,telefon_profesoru,INDEPENDENT_REPAIR_SERVICE,https://telefonprofesoru.com/samsung-arka-cam-degisimi-fiyatlari/,2026-09-29,tek katmanlı sütun; kaynak kalite etiketi yok
SAMSUNG,Galaxy A12,,Galaxy A,A12,BACK_GLASS,UNKNOWN,Arka Cam 6 Ay Garanti,FULL_REPAIR,900,TRY,true,telefon_profesoru,INDEPENDENT_REPAIR_SERVICE,https://telefonprofesoru.com/samsung-arka-cam-degisimi-fiyatlari/,2026-09-29,tek katmanlı sütun; kaynak kalite etiketi yok
SAMSUNG,Galaxy A12 Nacho,,Galaxy A,A12 Nacho,BACK_GLASS,UNKNOWN,Arka Cam 6 Ay Garanti,FULL_REPAIR,900,TRY,true,telefon_profesoru,INDEPENDENT_REPAIR_SERVICE,https://telefonprofesoru.com/samsung-arka-cam-degisimi-fiyatlari/,2026-09-29,tek katmanlı sütun; kaynak kalite etiketi yok
SAMSUNG,Galaxy A11,,Galaxy A,A11,BACK_GLASS,UNKNOWN,Arka Cam 6 Ay Garanti,FULL_REPAIR,900,TRY,true,telefon_profesoru,INDEPENDENT_REPAIR_SERVICE,https://telefonprofesoru.com/samsung-arka-cam-degisimi-fiyatlari/,2026-09-29,tek katmanlı sütun; kaynak kalite etiketi yok
SAMSUNG,Galaxy A10,,Galaxy A,A10,BACK_GLASS,UNKNOWN,Arka Cam 6 Ay Garanti,FULL_REPAIR,900,TRY,true,telefon_profesoru,INDEPENDENT_REPAIR_SERVICE,https://telefonprofesoru.com/samsung-arka-cam-degisimi-fiyatlari/,2026-09-29,tek katmanlı sütun; kaynak kalite etiketi yok
SAMSUNG,Galaxy A10s,,Galaxy A,A10s,BACK_GLASS,UNKNOWN,Arka Cam 6 Ay Garanti,FULL_REPAIR,900,TRY,true,telefon_profesoru,INDEPENDENT_REPAIR_SERVICE,https://telefonprofesoru.com/samsung-arka-cam-degisimi-fiyatlari/,2026-09-29,tek katmanlı sütun; kaynak kalite etiketi yok
SAMSUNG,Galaxy Z Flip 7,,Galaxy Z,Z Flip 7,BACK_GLASS,UNKNOWN,card: KDV dahil net fiyat,FULL_REPAIR,2500,TRY,true,telefon_profesoru,INDEPENDENT_REPAIR_SERVICE,https://telefonprofesoru.com/samsung-arka-cam-degisimi-fiyatlari/,2026-09-29,kart satırı; katman etiketi sayfada yok
SAMSUNG,Galaxy Z Flip 6,,Galaxy Z,Z Flip 6,BACK_GLASS,UNKNOWN,card: KDV dahil net fiyat,FULL_REPAIR,2500,TRY,true,telefon_profesoru,INDEPENDENT_REPAIR_SERVICE,https://telefonprofesoru.com/samsung-arka-cam-degisimi-fiyatlari/,2026-09-29,kart satırı; katman etiketi sayfada yok
SAMSUNG,Galaxy Z Flip 5,,Galaxy Z,Z Flip 5,BACK_GLASS,UNKNOWN,card: KDV dahil net fiyat,FULL_REPAIR,2500,TRY,true,telefon_profesoru,INDEPENDENT_REPAIR_SERVICE,https://telefonprofesoru.com/samsung-arka-cam-degisimi-fiyatlari/,2026-09-29,kart satırı; katman etiketi sayfada yok
SAMSUNG,Galaxy M42,,Galaxy M,M42,BACK_GLASS,UNKNOWN,card: KDV dahil net fiyat,FULL_REPAIR,900,TRY,true,telefon_profesoru,INDEPENDENT_REPAIR_SERVICE,https://telefonprofesoru.com/samsung-arka-cam-degisimi-fiyatlari/,2026-09-29,kart satırı; katman etiketi sayfada yok
SAMSUNG,Galaxy M15,,Galaxy M,M15,BACK_GLASS,UNKNOWN,card: KDV dahil net fiyat,FULL_REPAIR,1100,TRY,true,telefon_profesoru,INDEPENDENT_REPAIR_SERVICE,https://telefonprofesoru.com/samsung-arka-cam-degisimi-fiyatlari/,2026-09-29,kart satırı; katman etiketi sayfada yok
SAMSUNG,Galaxy M14,,Galaxy M,M14,BACK_GLASS,UNKNOWN,card: KDV dahil net fiyat,FULL_REPAIR,900,TRY,true,telefon_profesoru,INDEPENDENT_REPAIR_SERVICE,https://telefonprofesoru.com/samsung-arka-cam-degisimi-fiyatlari/,2026-09-29,kart satırı; katman etiketi sayfada yok
SAMSUNG,Galaxy M13,,Galaxy M,M13,BACK_GLASS,UNKNOWN,card: KDV dahil net fiyat,FULL_REPAIR,900,TRY,true,telefon_profesoru,INDEPENDENT_REPAIR_SERVICE,https://telefonprofesoru.com/samsung-arka-cam-degisimi-fiyatlari/,2026-09-29,kart satırı; katman etiketi sayfada yok
SAMSUNG,Galaxy M12,,Galaxy M,M12,BACK_GLASS,UNKNOWN,card: KDV dahil net fiyat,FULL_REPAIR,900,TRY,true,telefon_profesoru,INDEPENDENT_REPAIR_SERVICE,https://telefonprofesoru.com/samsung-arka-cam-degisimi-fiyatlari/,2026-09-29,kart satırı; katman etiketi sayfada yok
SAMSUNG,Galaxy M11,,Galaxy M,M11,BACK_GLASS,UNKNOWN,card: KDV dahil net fiyat,FULL_REPAIR,900,TRY,true,telefon_profesoru,INDEPENDENT_REPAIR_SERVICE,https://telefonprofesoru.com/samsung-arka-cam-degisimi-fiyatlari/,2026-09-29,kart satırı; katman etiketi sayfada yok
SAMSUNG,Galaxy Z Fold 7,,Galaxy Z,Z Fold 7,CHARGING_PORT,UNKNOWN,Şarj Soketi 6 Ay Garanti,FULL_REPAIR,3000,TRY,true,telefon_profesoru,INDEPENDENT_REPAIR_SERVICE,https://telefonprofesoru.com/samsung-sarj-soketi-degisimi-fiyatlari/,2026-09-29,tek katmanlı sütun; kaynak kalite etiketi yok
SAMSUNG,Galaxy Z Fold 6,,Galaxy Z,Z Fold 6,CHARGING_PORT,UNKNOWN,Şarj Soketi 6 Ay Garanti,FULL_REPAIR,3000,TRY,true,telefon_profesoru,INDEPENDENT_REPAIR_SERVICE,https://telefonprofesoru.com/samsung-sarj-soketi-degisimi-fiyatlari/,2026-09-29,tek katmanlı sütun; kaynak kalite etiketi yok
SAMSUNG,Galaxy Z Fold 5,,Galaxy Z,Z Fold 5,CHARGING_PORT,UNKNOWN,Şarj Soketi 6 Ay Garanti,FULL_REPAIR,3000,TRY,true,telefon_profesoru,INDEPENDENT_REPAIR_SERVICE,https://telefonprofesoru.com/samsung-sarj-soketi-degisimi-fiyatlari/,2026-09-29,tek katmanlı sütun; kaynak kalite etiketi yok
SAMSUNG,Galaxy Z Fold 4,,Galaxy Z,Z Fold 4,CHARGING_PORT,UNKNOWN,Şarj Soketi 6 Ay Garanti,FULL_REPAIR,3000,TRY,true,telefon_profesoru,INDEPENDENT_REPAIR_SERVICE,https://telefonprofesoru.com/samsung-sarj-soketi-degisimi-fiyatlari/,2026-09-29,tek katmanlı sütun; kaynak kalite etiketi yok
SAMSUNG,Galaxy Z Fold 3,,Galaxy Z,Z Fold 3,CHARGING_PORT,UNKNOWN,Şarj Soketi 6 Ay Garanti,FULL_REPAIR,3000,TRY,true,telefon_profesoru,INDEPENDENT_REPAIR_SERVICE,https://telefonprofesoru.com/samsung-sarj-soketi-degisimi-fiyatlari/,2026-09-29,tek katmanlı sütun; kaynak kalite etiketi yok
SAMSUNG,Galaxy Z Fold 2,,Galaxy Z,Z Fold 2,CHARGING_PORT,UNKNOWN,Şarj Soketi 6 Ay Garanti,FULL_REPAIR,3000,TRY,true,telefon_profesoru,INDEPENDENT_REPAIR_SERVICE,https://telefonprofesoru.com/samsung-sarj-soketi-degisimi-fiyatlari/,2026-09-29,tek katmanlı sütun; kaynak kalite etiketi yok
SAMSUNG,Galaxy Z Fold,,Galaxy Z,Z Fold,CHARGING_PORT,UNKNOWN,Şarj Soketi 6 Ay Garanti,FULL_REPAIR,3000,TRY,true,telefon_profesoru,INDEPENDENT_REPAIR_SERVICE,https://telefonprofesoru.com/samsung-sarj-soketi-degisimi-fiyatlari/,2026-09-29,tek katmanlı sütun; kaynak kalite etiketi yok
SAMSUNG,Galaxy Z Flip 7,,Galaxy Z,Z Flip 7,CHARGING_PORT,UNKNOWN,Şarj Soketi 6 Ay Garanti,FULL_REPAIR,3000,TRY,true,telefon_profesoru,INDEPENDENT_REPAIR_SERVICE,https://telefonprofesoru.com/samsung-sarj-soketi-degisimi-fiyatlari/,2026-09-29,tek katmanlı sütun; kaynak kalite etiketi yok
SAMSUNG,Galaxy Z Flip 6,,Galaxy Z,Z Flip 6,CHARGING_PORT,UNKNOWN,Şarj Soketi 6 Ay Garanti,FULL_REPAIR,3000,TRY,true,telefon_profesoru,INDEPENDENT_REPAIR_SERVICE,https://telefonprofesoru.com/samsung-sarj-soketi-degisimi-fiyatlari/,2026-09-29,tek katmanlı sütun; kaynak kalite etiketi yok
SAMSUNG,Galaxy Z Flip 5,,Galaxy Z,Z Flip 5,CHARGING_PORT,UNKNOWN,Şarj Soketi 6 Ay Garanti,FULL_REPAIR,3000,TRY,true,telefon_profesoru,INDEPENDENT_REPAIR_SERVICE,https://telefonprofesoru.com/samsung-sarj-soketi-degisimi-fiyatlari/,2026-09-29,tek katmanlı sütun; kaynak kalite etiketi yok
SAMSUNG,Galaxy Z Flip 5G,,Galaxy Z,Z Flip 5G,CHARGING_PORT,UNKNOWN,Şarj Soketi 6 Ay Garanti,FULL_REPAIR,3000,TRY,true,telefon_profesoru,INDEPENDENT_REPAIR_SERVICE,https://telefonprofesoru.com/samsung-sarj-soketi-degisimi-fiyatlari/,2026-09-29,tek katmanlı sütun; kaynak kalite etiketi yok
SAMSUNG,Galaxy Z Flip 4,,Galaxy Z,Z Flip 4,CHARGING_PORT,UNKNOWN,Şarj Soketi 6 Ay Garanti,FULL_REPAIR,3000,TRY,true,telefon_profesoru,INDEPENDENT_REPAIR_SERVICE,https://telefonprofesoru.com/samsung-sarj-soketi-degisimi-fiyatlari/,2026-09-29,tek katmanlı sütun; kaynak kalite etiketi yok
SAMSUNG,Galaxy Z Flip 3,,Galaxy Z,Z Flip 3,CHARGING_PORT,UNKNOWN,Şarj Soketi 6 Ay Garanti,FULL_REPAIR,3000,TRY,true,telefon_profesoru,INDEPENDENT_REPAIR_SERVICE,https://telefonprofesoru.com/samsung-sarj-soketi-degisimi-fiyatlari/,2026-09-29,tek katmanlı sütun; kaynak kalite etiketi yok
SAMSUNG,Galaxy Z Flip,,Galaxy Z,Z Flip,CHARGING_PORT,UNKNOWN,Şarj Soketi 6 Ay Garanti,FULL_REPAIR,3000,TRY,true,telefon_profesoru,INDEPENDENT_REPAIR_SERVICE,https://telefonprofesoru.com/samsung-sarj-soketi-degisimi-fiyatlari/,2026-09-29,tek katmanlı sütun; kaynak kalite etiketi yok
SAMSUNG,Galaxy S25 Ultra,,Galaxy S,S25 Ultra,CHARGING_PORT,UNKNOWN,Şarj Soketi 6 Ay Garanti,FULL_REPAIR,3000,TRY,true,telefon_profesoru,INDEPENDENT_REPAIR_SERVICE,https://telefonprofesoru.com/samsung-sarj-soketi-degisimi-fiyatlari/,2026-09-29,tek katmanlı sütun; kaynak kalite etiketi yok
SAMSUNG,Galaxy S25 Plus,,Galaxy S,S25 Plus,CHARGING_PORT,UNKNOWN,Şarj Soketi 6 Ay Garanti,FULL_REPAIR,2500,TRY,true,telefon_profesoru,INDEPENDENT_REPAIR_SERVICE,https://telefonprofesoru.com/samsung-sarj-soketi-degisimi-fiyatlari/,2026-09-29,tek katmanlı sütun; kaynak kalite etiketi yok
SAMSUNG,Galaxy S25,,Galaxy S,S25,CHARGING_PORT,UNKNOWN,Şarj Soketi 6 Ay Garanti,FULL_REPAIR,2500,TRY,true,telefon_profesoru,INDEPENDENT_REPAIR_SERVICE,https://telefonprofesoru.com/samsung-sarj-soketi-degisimi-fiyatlari/,2026-09-29,tek katmanlı sütun; kaynak kalite etiketi yok
SAMSUNG,Galaxy S25 Edge,,Galaxy S,S25 Edge,CHARGING_PORT,UNKNOWN,Şarj Soketi 6 Ay Garanti,FULL_REPAIR,2500,TRY,true,telefon_profesoru,INDEPENDENT_REPAIR_SERVICE,https://telefonprofesoru.com/samsung-sarj-soketi-degisimi-fiyatlari/,2026-09-29,tek katmanlı sütun; kaynak kalite etiketi yok
SAMSUNG,Galaxy S25 FE,,Galaxy S,S25 FE,CHARGING_PORT,UNKNOWN,Şarj Soketi 6 Ay Garanti,FULL_REPAIR,2500,TRY,true,telefon_profesoru,INDEPENDENT_REPAIR_SERVICE,https://telefonprofesoru.com/samsung-sarj-soketi-degisimi-fiyatlari/,2026-09-29,tek katmanlı sütun; kaynak kalite etiketi yok
SAMSUNG,Galaxy S24 Ultra,,Galaxy S,S24 Ultra,CHARGING_PORT,UNKNOWN,Şarj Soketi 6 Ay Garanti,FULL_REPAIR,2500,TRY,true,telefon_profesoru,INDEPENDENT_REPAIR_SERVICE,https://telefonprofesoru.com/samsung-sarj-soketi-degisimi-fiyatlari/,2026-09-29,tek katmanlı sütun; kaynak kalite etiketi yok
SAMSUNG,Galaxy S24 Plus,,Galaxy S,S24 Plus,CHARGING_PORT,UNKNOWN,Şarj Soketi 6 Ay Garanti,FULL_REPAIR,2500,TRY,true,telefon_profesoru,INDEPENDENT_REPAIR_SERVICE,https://telefonprofesoru.com/samsung-sarj-soketi-degisimi-fiyatlari/,2026-09-29,tek katmanlı sütun; kaynak kalite etiketi yok
SAMSUNG,Galaxy S24,,Galaxy S,S24,CHARGING_PORT,UNKNOWN,Şarj Soketi 6 Ay Garanti,FULL_REPAIR,2500,TRY,true,telefon_profesoru,INDEPENDENT_REPAIR_SERVICE,https://telefonprofesoru.com/samsung-sarj-soketi-degisimi-fiyatlari/,2026-09-29,tek katmanlı sütun; kaynak kalite etiketi yok
SAMSUNG,Galaxy S24 FE,,Galaxy S,S24 FE,CHARGING_PORT,UNKNOWN,Şarj Soketi 6 Ay Garanti,FULL_REPAIR,2000,TRY,true,telefon_profesoru,INDEPENDENT_REPAIR_SERVICE,https://telefonprofesoru.com/samsung-sarj-soketi-degisimi-fiyatlari/,2026-09-29,tek katmanlı sütun; kaynak kalite etiketi yok
SAMSUNG,Galaxy S23 Ultra,,Galaxy S,S23 Ultra,CHARGING_PORT,UNKNOWN,Şarj Soketi 6 Ay Garanti,FULL_REPAIR,2500,TRY,true,telefon_profesoru,INDEPENDENT_REPAIR_SERVICE,https://telefonprofesoru.com/samsung-sarj-soketi-degisimi-fiyatlari/,2026-09-29,tek katmanlı sütun; kaynak kalite etiketi yok
SAMSUNG,Galaxy S23 Plus,,Galaxy S,S23 Plus,CHARGING_PORT,UNKNOWN,Şarj Soketi 6 Ay Garanti,FULL_REPAIR,2000,TRY,true,telefon_profesoru,INDEPENDENT_REPAIR_SERVICE,https://telefonprofesoru.com/samsung-sarj-soketi-degisimi-fiyatlari/,2026-09-29,tek katmanlı sütun; kaynak kalite etiketi yok
SAMSUNG,Galaxy S23,,Galaxy S,S23,CHARGING_PORT,UNKNOWN,Şarj Soketi 6 Ay Garanti,FULL_REPAIR,2000,TRY,true,telefon_profesoru,INDEPENDENT_REPAIR_SERVICE,https://telefonprofesoru.com/samsung-sarj-soketi-degisimi-fiyatlari/,2026-09-29,tek katmanlı sütun; kaynak kalite etiketi yok
SAMSUNG,Galaxy S23 FE,,Galaxy S,S23 FE,CHARGING_PORT,UNKNOWN,Şarj Soketi 6 Ay Garanti,FULL_REPAIR,2000,TRY,true,telefon_profesoru,INDEPENDENT_REPAIR_SERVICE,https://telefonprofesoru.com/samsung-sarj-soketi-degisimi-fiyatlari/,2026-09-29,tek katmanlı sütun; kaynak kalite etiketi yok
SAMSUNG,Galaxy S22 Ultra,,Galaxy S,S22 Ultra,CHARGING_PORT,UNKNOWN,Şarj Soketi 6 Ay Garanti,FULL_REPAIR,2000,TRY,true,telefon_profesoru,INDEPENDENT_REPAIR_SERVICE,https://telefonprofesoru.com/samsung-sarj-soketi-degisimi-fiyatlari/,2026-09-29,tek katmanlı sütun; kaynak kalite etiketi yok
SAMSUNG,Galaxy S22 Plus,,Galaxy S,S22 Plus,CHARGING_PORT,UNKNOWN,Şarj Soketi 6 Ay Garanti,FULL_REPAIR,1800,TRY,true,telefon_profesoru,INDEPENDENT_REPAIR_SERVICE,https://telefonprofesoru.com/samsung-sarj-soketi-degisimi-fiyatlari/,2026-09-29,tek katmanlı sütun; kaynak kalite etiketi yok
SAMSUNG,Galaxy S22,,Galaxy S,S22,CHARGING_PORT,UNKNOWN,Şarj Soketi 6 Ay Garanti,FULL_REPAIR,1800,TRY,true,telefon_profesoru,INDEPENDENT_REPAIR_SERVICE,https://telefonprofesoru.com/samsung-sarj-soketi-degisimi-fiyatlari/,2026-09-29,tek katmanlı sütun; kaynak kalite etiketi yok
SAMSUNG,Galaxy S21 Ultra,,Galaxy S,S21 Ultra,CHARGING_PORT,UNKNOWN,Şarj Soketi 6 Ay Garanti,FULL_REPAIR,1800,TRY,true,telefon_profesoru,INDEPENDENT_REPAIR_SERVICE,https://telefonprofesoru.com/samsung-sarj-soketi-degisimi-fiyatlari/,2026-09-29,tek katmanlı sütun; kaynak kalite etiketi yok
SAMSUNG,Galaxy S21 Plus,,Galaxy S,S21 Plus,CHARGING_PORT,UNKNOWN,Şarj Soketi 6 Ay Garanti,FULL_REPAIR,1800,TRY,true,telefon_profesoru,INDEPENDENT_REPAIR_SERVICE,https://telefonprofesoru.com/samsung-sarj-soketi-degisimi-fiyatlari/,2026-09-29,tek katmanlı sütun; kaynak kalite etiketi yok
SAMSUNG,Galaxy S21,,Galaxy S,S21,CHARGING_PORT,UNKNOWN,Şarj Soketi 6 Ay Garanti,FULL_REPAIR,1500,TRY,true,telefon_profesoru,INDEPENDENT_REPAIR_SERVICE,https://telefonprofesoru.com/samsung-sarj-soketi-degisimi-fiyatlari/,2026-09-29,tek katmanlı sütun; kaynak kalite etiketi yok
SAMSUNG,Galaxy S21 FE,,Galaxy S,S21 FE,CHARGING_PORT,UNKNOWN,Şarj Soketi 6 Ay Garanti,FULL_REPAIR,1500,TRY,true,telefon_profesoru,INDEPENDENT_REPAIR_SERVICE,https://telefonprofesoru.com/samsung-sarj-soketi-degisimi-fiyatlari/,2026-09-29,tek katmanlı sütun; kaynak kalite etiketi yok
SAMSUNG,Galaxy S20 Ultra,,Galaxy S,S20 Ultra,CHARGING_PORT,UNKNOWN,Şarj Soketi 6 Ay Garanti,FULL_REPAIR,1500,TRY,true,telefon_profesoru,INDEPENDENT_REPAIR_SERVICE,https://telefonprofesoru.com/samsung-sarj-soketi-degisimi-fiyatlari/,2026-09-29,tek katmanlı sütun; kaynak kalite etiketi yok
SAMSUNG,Galaxy S20 Plus,,Galaxy S,S20 Plus,CHARGING_PORT,UNKNOWN,Şarj Soketi 6 Ay Garanti,FULL_REPAIR,1500,TRY,true,telefon_profesoru,INDEPENDENT_REPAIR_SERVICE,https://telefonprofesoru.com/samsung-sarj-soketi-degisimi-fiyatlari/,2026-09-29,tek katmanlı sütun; kaynak kalite etiketi yok
SAMSUNG,Galaxy S20,,Galaxy S,S20,CHARGING_PORT,UNKNOWN,Şarj Soketi 6 Ay Garanti,FULL_REPAIR,1500,TRY,true,telefon_profesoru,INDEPENDENT_REPAIR_SERVICE,https://telefonprofesoru.com/samsung-sarj-soketi-degisimi-fiyatlari/,2026-09-29,tek katmanlı sütun; kaynak kalite etiketi yok
SAMSUNG,Galaxy S20 FE,,Galaxy S,S20 FE,CHARGING_PORT,UNKNOWN,Şarj Soketi 6 Ay Garanti,FULL_REPAIR,1500,TRY,true,telefon_profesoru,INDEPENDENT_REPAIR_SERVICE,https://telefonprofesoru.com/samsung-sarj-soketi-degisimi-fiyatlari/,2026-09-29,tek katmanlı sütun; kaynak kalite etiketi yok
SAMSUNG,Galaxy S10 Plus,,Galaxy S,S10 Plus,CHARGING_PORT,UNKNOWN,Şarj Soketi 6 Ay Garanti,FULL_REPAIR,1500,TRY,true,telefon_profesoru,INDEPENDENT_REPAIR_SERVICE,https://telefonprofesoru.com/samsung-sarj-soketi-degisimi-fiyatlari/,2026-09-29,tek katmanlı sütun; kaynak kalite etiketi yok
SAMSUNG,Galaxy S10,,Galaxy S,S10,CHARGING_PORT,UNKNOWN,Şarj Soketi 6 Ay Garanti,FULL_REPAIR,1500,TRY,true,telefon_profesoru,INDEPENDENT_REPAIR_SERVICE,https://telefonprofesoru.com/samsung-sarj-soketi-degisimi-fiyatlari/,2026-09-29,tek katmanlı sütun; kaynak kalite etiketi yok
SAMSUNG,Galaxy S10 5G,,Galaxy S,S10 5G,CHARGING_PORT,UNKNOWN,Şarj Soketi 6 Ay Garanti,FULL_REPAIR,1500,TRY,true,telefon_profesoru,INDEPENDENT_REPAIR_SERVICE,https://telefonprofesoru.com/samsung-sarj-soketi-degisimi-fiyatlari/,2026-09-29,tek katmanlı sütun; kaynak kalite etiketi yok
SAMSUNG,Galaxy S10e,,Galaxy S,S10e,CHARGING_PORT,UNKNOWN,Şarj Soketi 6 Ay Garanti,FULL_REPAIR,1250,TRY,true,telefon_profesoru,INDEPENDENT_REPAIR_SERVICE,https://telefonprofesoru.com/samsung-sarj-soketi-degisimi-fiyatlari/,2026-09-29,tek katmanlı sütun; kaynak kalite etiketi yok
SAMSUNG,Galaxy S10 Lite,,Galaxy S,S10 Lite,CHARGING_PORT,UNKNOWN,Şarj Soketi 6 Ay Garanti,FULL_REPAIR,1500,TRY,true,telefon_profesoru,INDEPENDENT_REPAIR_SERVICE,https://telefonprofesoru.com/samsung-sarj-soketi-degisimi-fiyatlari/,2026-09-29,tek katmanlı sütun; kaynak kalite etiketi yok
SAMSUNG,Galaxy S6 Edge Plus,,Galaxy S,S6 Edge Plus,CHARGING_PORT,UNKNOWN,Şarj Soketi 6 Ay Garanti,FULL_REPAIR,750,TRY,true,telefon_profesoru,INDEPENDENT_REPAIR_SERVICE,https://telefonprofesoru.com/samsung-sarj-soketi-degisimi-fiyatlari/,2026-09-29,tek katmanlı sütun; kaynak kalite etiketi yok
SAMSUNG,Galaxy S6,,Galaxy S,S6,CHARGING_PORT,UNKNOWN,Şarj Soketi 6 Ay Garanti,FULL_REPAIR,750,TRY,true,telefon_profesoru,INDEPENDENT_REPAIR_SERVICE,https://telefonprofesoru.com/samsung-sarj-soketi-degisimi-fiyatlari/,2026-09-29,tek katmanlı sütun; kaynak kalite etiketi yok
SAMSUNG,Galaxy S6 Edge,,Galaxy S,S6 Edge,CHARGING_PORT,UNKNOWN,Şarj Soketi 6 Ay Garanti,FULL_REPAIR,750,TRY,true,telefon_profesoru,INDEPENDENT_REPAIR_SERVICE,https://telefonprofesoru.com/samsung-sarj-soketi-degisimi-fiyatlari/,2026-09-29,tek katmanlı sütun; kaynak kalite etiketi yok
SAMSUNG,Galaxy A80,,Galaxy A,A80,CHARGING_PORT,UNKNOWN,Şarj Soketi 6 Ay Garanti,FULL_REPAIR,1000,TRY,true,telefon_profesoru,INDEPENDENT_REPAIR_SERVICE,https://telefonprofesoru.com/samsung-sarj-soketi-degisimi-fiyatlari/,2026-09-29,tek katmanlı sütun; kaynak kalite etiketi yok
SAMSUNG,Galaxy A8 Plus (2018),,Galaxy A,A8 Plus (2018),CHARGING_PORT,UNKNOWN,Şarj Soketi 6 Ay Garanti,FULL_REPAIR,600,TRY,true,telefon_profesoru,INDEPENDENT_REPAIR_SERVICE,https://telefonprofesoru.com/samsung-sarj-soketi-degisimi-fiyatlari/,2026-09-29,tek katmanlı sütun; kaynak kalite etiketi yok
SAMSUNG,Galaxy A8,,Galaxy A,A8,CHARGING_PORT,UNKNOWN,Şarj Soketi 6 Ay Garanti,FULL_REPAIR,800,TRY,true,telefon_profesoru,INDEPENDENT_REPAIR_SERVICE,https://telefonprofesoru.com/samsung-sarj-soketi-degisimi-fiyatlari/,2026-09-29,tek katmanlı sütun; kaynak kalite etiketi yok
SAMSUNG,Galaxy A8 (2016),,Galaxy A,A8 (2016),CHARGING_PORT,UNKNOWN,Şarj Soketi 6 Ay Garanti,FULL_REPAIR,600,TRY,true,telefon_profesoru,INDEPENDENT_REPAIR_SERVICE,https://telefonprofesoru.com/samsung-sarj-soketi-degisimi-fiyatlari/,2026-09-29,tek katmanlı sütun; kaynak kalite etiketi yok
SAMSUNG,Galaxy A8 (2018),,Galaxy A,A8 (2018),CHARGING_PORT,UNKNOWN,Şarj Soketi 6 Ay Garanti,FULL_REPAIR,600,TRY,true,telefon_profesoru,INDEPENDENT_REPAIR_SERVICE,https://telefonprofesoru.com/samsung-sarj-soketi-degisimi-fiyatlari/,2026-09-29,tek katmanlı sütun; kaynak kalite etiketi yok
SAMSUNG,Galaxy A73,,Galaxy A,A73,CHARGING_PORT,UNKNOWN,Şarj Soketi 6 Ay Garanti,FULL_REPAIR,1000,TRY,true,telefon_profesoru,INDEPENDENT_REPAIR_SERVICE,https://telefonprofesoru.com/samsung-sarj-soketi-degisimi-fiyatlari/,2026-09-29,tek katmanlı sütun; kaynak kalite etiketi yok
SAMSUNG,Galaxy A72,,Galaxy A,A72,CHARGING_PORT,UNKNOWN,Şarj Soketi 6 Ay Garanti,FULL_REPAIR,1000,TRY,true,telefon_profesoru,INDEPENDENT_REPAIR_SERVICE,https://telefonprofesoru.com/samsung-sarj-soketi-degisimi-fiyatlari/,2026-09-29,tek katmanlı sütun; kaynak kalite etiketi yok
SAMSUNG,Galaxy A71,,Galaxy A,A71,CHARGING_PORT,UNKNOWN,Şarj Soketi 6 Ay Garanti,FULL_REPAIR,1000,TRY,true,telefon_profesoru,INDEPENDENT_REPAIR_SERVICE,https://telefonprofesoru.com/samsung-sarj-soketi-degisimi-fiyatlari/,2026-09-29,tek katmanlı sütun; kaynak kalite etiketi yok
SAMSUNG,Galaxy A70,,Galaxy A,A70,CHARGING_PORT,UNKNOWN,Şarj Soketi 6 Ay Garanti,FULL_REPAIR,1000,TRY,true,telefon_profesoru,INDEPENDENT_REPAIR_SERVICE,https://telefonprofesoru.com/samsung-sarj-soketi-degisimi-fiyatlari/,2026-09-29,tek katmanlı sütun; kaynak kalite etiketi yok
SAMSUNG,Galaxy A7,,Galaxy A,A7,CHARGING_PORT,UNKNOWN,Şarj Soketi 6 Ay Garanti,FULL_REPAIR,600,TRY,true,telefon_profesoru,INDEPENDENT_REPAIR_SERVICE,https://telefonprofesoru.com/samsung-sarj-soketi-degisimi-fiyatlari/,2026-09-29,tek katmanlı sütun; kaynak kalite etiketi yok
SAMSUNG,Galaxy A7 (2016),,Galaxy A,A7 (2016),CHARGING_PORT,UNKNOWN,Şarj Soketi 6 Ay Garanti,FULL_REPAIR,600,TRY,true,telefon_profesoru,INDEPENDENT_REPAIR_SERVICE,https://telefonprofesoru.com/samsung-sarj-soketi-degisimi-fiyatlari/,2026-09-29,tek katmanlı sütun; kaynak kalite etiketi yok
SAMSUNG,Galaxy A7 (2017),,Galaxy A,A7 (2017),CHARGING_PORT,UNKNOWN,Şarj Soketi 6 Ay Garanti,FULL_REPAIR,600,TRY,true,telefon_profesoru,INDEPENDENT_REPAIR_SERVICE,https://telefonprofesoru.com/samsung-sarj-soketi-degisimi-fiyatlari/,2026-09-29,tek katmanlı sütun; kaynak kalite etiketi yok
SAMSUNG,Galaxy A7 (2018),,Galaxy A,A7 (2018),CHARGING_PORT,UNKNOWN,Şarj Soketi 6 Ay Garanti,FULL_REPAIR,600,TRY,true,telefon_profesoru,INDEPENDENT_REPAIR_SERVICE,https://telefonprofesoru.com/samsung-sarj-soketi-degisimi-fiyatlari/,2026-09-29,tek katmanlı sütun; kaynak kalite etiketi yok
SAMSUNG,Galaxy A60,,Galaxy A,A60,CHARGING_PORT,UNKNOWN,Şarj Soketi 6 Ay Garanti,FULL_REPAIR,1000,TRY,true,telefon_profesoru,INDEPENDENT_REPAIR_SERVICE,https://telefonprofesoru.com/samsung-sarj-soketi-degisimi-fiyatlari/,2026-09-29,tek katmanlı sütun; kaynak kalite etiketi yok
SAMSUNG,Galaxy A6 Plus,,Galaxy A,A6 Plus,CHARGING_PORT,UNKNOWN,Şarj Soketi 6 Ay Garanti,FULL_REPAIR,600,TRY,true,telefon_profesoru,INDEPENDENT_REPAIR_SERVICE,https://telefonprofesoru.com/samsung-sarj-soketi-degisimi-fiyatlari/,2026-09-29,tek katmanlı sütun; kaynak kalite etiketi yok
SAMSUNG,Galaxy A6 Plus (2018),,Galaxy A,A6 Plus (2018),CHARGING_PORT,UNKNOWN,Şarj Soketi 6 Ay Garanti,FULL_REPAIR,600,TRY,true,telefon_profesoru,INDEPENDENT_REPAIR_SERVICE,https://telefonprofesoru.com/samsung-sarj-soketi-degisimi-fiyatlari/,2026-09-29,tek katmanlı sütun; kaynak kalite etiketi yok
SAMSUNG,Galaxy A6 (2018),,Galaxy A,A6 (2018),CHARGING_PORT,UNKNOWN,Şarj Soketi 6 Ay Garanti,FULL_REPAIR,600,TRY,true,telefon_profesoru,INDEPENDENT_REPAIR_SERVICE,https://telefonprofesoru.com/samsung-sarj-soketi-degisimi-fiyatlari/,2026-09-29,tek katmanlı sütun; kaynak kalite etiketi yok
SAMSUNG,Galaxy A56,,Galaxy A,A56,CHARGING_PORT,UNKNOWN,Şarj Soketi 6 Ay Garanti,FULL_REPAIR,1200,TRY,true,telefon_profesoru,INDEPENDENT_REPAIR_SERVICE,https://telefonprofesoru.com/samsung-sarj-soketi-degisimi-fiyatlari/,2026-09-29,tek katmanlı sütun; kaynak kalite etiketi yok
SAMSUNG,Galaxy A55,,Galaxy A,A55,CHARGING_PORT,UNKNOWN,Şarj Soketi 6 Ay Garanti,FULL_REPAIR,1000,TRY,true,telefon_profesoru,INDEPENDENT_REPAIR_SERVICE,https://telefonprofesoru.com/samsung-sarj-soketi-degisimi-fiyatlari/,2026-09-29,tek katmanlı sütun; kaynak kalite etiketi yok
SAMSUNG,Galaxy A54,,Galaxy A,A54,CHARGING_PORT,UNKNOWN,Şarj Soketi 6 Ay Garanti,FULL_REPAIR,1000,TRY,true,telefon_profesoru,INDEPENDENT_REPAIR_SERVICE,https://telefonprofesoru.com/samsung-sarj-soketi-degisimi-fiyatlari/,2026-09-29,tek katmanlı sütun; kaynak kalite etiketi yok
SAMSUNG,Galaxy A53,,Galaxy A,A53,CHARGING_PORT,UNKNOWN,Şarj Soketi 6 Ay Garanti,FULL_REPAIR,1000,TRY,true,telefon_profesoru,INDEPENDENT_REPAIR_SERVICE,https://telefonprofesoru.com/samsung-sarj-soketi-degisimi-fiyatlari/,2026-09-29,tek katmanlı sütun; kaynak kalite etiketi yok
SAMSUNG,Galaxy A52,,Galaxy A,A52,CHARGING_PORT,UNKNOWN,Şarj Soketi 6 Ay Garanti,FULL_REPAIR,1000,TRY,true,telefon_profesoru,INDEPENDENT_REPAIR_SERVICE,https://telefonprofesoru.com/samsung-sarj-soketi-degisimi-fiyatlari/,2026-09-29,tek katmanlı sütun; kaynak kalite etiketi yok
SAMSUNG,Galaxy A52s,,Galaxy A,A52s,CHARGING_PORT,UNKNOWN,Şarj Soketi 6 Ay Garanti,FULL_REPAIR,1000,TRY,true,telefon_profesoru,INDEPENDENT_REPAIR_SERVICE,https://telefonprofesoru.com/samsung-sarj-soketi-degisimi-fiyatlari/,2026-09-29,tek katmanlı sütun; kaynak kalite etiketi yok
SAMSUNG,Galaxy A51,,Galaxy A,A51,CHARGING_PORT,UNKNOWN,Şarj Soketi 6 Ay Garanti,FULL_REPAIR,1000,TRY,true,telefon_profesoru,INDEPENDENT_REPAIR_SERVICE,https://telefonprofesoru.com/samsung-sarj-soketi-degisimi-fiyatlari/,2026-09-29,tek katmanlı sütun; kaynak kalite etiketi yok
SAMSUNG,Galaxy A50,,Galaxy A,A50,CHARGING_PORT,UNKNOWN,Şarj Soketi 6 Ay Garanti,FULL_REPAIR,1000,TRY,true,telefon_profesoru,INDEPENDENT_REPAIR_SERVICE,https://telefonprofesoru.com/samsung-sarj-soketi-degisimi-fiyatlari/,2026-09-29,tek katmanlı sütun; kaynak kalite etiketi yok
SAMSUNG,Galaxy A50s,,Galaxy A,A50s,CHARGING_PORT,UNKNOWN,Şarj Soketi 6 Ay Garanti,FULL_REPAIR,1000,TRY,true,telefon_profesoru,INDEPENDENT_REPAIR_SERVICE,https://telefonprofesoru.com/samsung-sarj-soketi-degisimi-fiyatlari/,2026-09-29,tek katmanlı sütun; kaynak kalite etiketi yok
SAMSUNG,Galaxy A5 (2016),,Galaxy A,A5 (2016),CHARGING_PORT,UNKNOWN,Şarj Soketi 6 Ay Garanti,FULL_REPAIR,600,TRY,true,telefon_profesoru,INDEPENDENT_REPAIR_SERVICE,https://telefonprofesoru.com/samsung-sarj-soketi-degisimi-fiyatlari/,2026-09-29,tek katmanlı sütun; kaynak kalite etiketi yok
SAMSUNG,Galaxy A5 (2017),,Galaxy A,A5 (2017),CHARGING_PORT,UNKNOWN,Şarj Soketi 6 Ay Garanti,FULL_REPAIR,600,TRY,true,telefon_profesoru,INDEPENDENT_REPAIR_SERVICE,https://telefonprofesoru.com/samsung-sarj-soketi-degisimi-fiyatlari/,2026-09-29,tek katmanlı sütun; kaynak kalite etiketi yok
SAMSUNG,Galaxy M54,,Galaxy M,M54,CHARGING_PORT,UNKNOWN,Şarj Soketi 6 Ay Garanti,FULL_REPAIR,1000,TRY,true,telefon_profesoru,INDEPENDENT_REPAIR_SERVICE,https://telefonprofesoru.com/samsung-sarj-soketi-degisimi-fiyatlari/,2026-09-29,tek katmanlı sütun; kaynak kalite etiketi yok
SAMSUNG,Galaxy M53,,Galaxy M,M53,CHARGING_PORT,UNKNOWN,Şarj Soketi 6 Ay Garanti,FULL_REPAIR,1000,TRY,true,telefon_profesoru,INDEPENDENT_REPAIR_SERVICE,https://telefonprofesoru.com/samsung-sarj-soketi-degisimi-fiyatlari/,2026-09-29,tek katmanlı sütun; kaynak kalite etiketi yok
SAMSUNG,Galaxy M52,,Galaxy M,M52,CHARGING_PORT,UNKNOWN,Şarj Soketi 6 Ay Garanti,FULL_REPAIR,1000,TRY,true,telefon_profesoru,INDEPENDENT_REPAIR_SERVICE,https://telefonprofesoru.com/samsung-sarj-soketi-degisimi-fiyatlari/,2026-09-29,tek katmanlı sütun; kaynak kalite etiketi yok
SAMSUNG,Galaxy M51,,Galaxy M,M51,CHARGING_PORT,UNKNOWN,Şarj Soketi 6 Ay Garanti,FULL_REPAIR,1000,TRY,true,telefon_profesoru,INDEPENDENT_REPAIR_SERVICE,https://telefonprofesoru.com/samsung-sarj-soketi-degisimi-fiyatlari/,2026-09-29,tek katmanlı sütun; kaynak kalite etiketi yok
SAMSUNG,Galaxy S9 Plus,,Galaxy S,S9 Plus,CHARGING_PORT,UNKNOWN,card: KDV dahil net fiyat,FULL_REPAIR,1000,TRY,true,telefon_profesoru,INDEPENDENT_REPAIR_SERVICE,https://telefonprofesoru.com/samsung-sarj-soketi-degisimi-fiyatlari/,2026-09-29,kart satırı; katman etiketi sayfada yok
SAMSUNG,Galaxy S8 Plus,,Galaxy S,S8 Plus,CHARGING_PORT,UNKNOWN,card: KDV dahil net fiyat,FULL_REPAIR,1000,TRY,true,telefon_profesoru,INDEPENDENT_REPAIR_SERVICE,https://telefonprofesoru.com/samsung-sarj-soketi-degisimi-fiyatlari/,2026-09-29,kart satırı; katman etiketi sayfada yok
SAMSUNG,Galaxy S7,,Galaxy S,S7,CHARGING_PORT,UNKNOWN,card: KDV dahil net fiyat,FULL_REPAIR,750,TRY,true,telefon_profesoru,INDEPENDENT_REPAIR_SERVICE,https://telefonprofesoru.com/samsung-sarj-soketi-degisimi-fiyatlari/,2026-09-29,kart satırı; katman etiketi sayfada yok
SAMSUNG,Galaxy S5 Mini,,Galaxy S,S5 Mini,CHARGING_PORT,UNKNOWN,card: KDV dahil net fiyat,FULL_REPAIR,750,TRY,true,telefon_profesoru,INDEPENDENT_REPAIR_SERVICE,https://telefonprofesoru.com/samsung-sarj-soketi-degisimi-fiyatlari/,2026-09-29,kart satırı; katman etiketi sayfada yok
SAMSUNG,Galaxy A42,,Galaxy A,A42,CHARGING_PORT,UNKNOWN,card: KDV dahil net fiyat,FULL_REPAIR,1000,TRY,true,telefon_profesoru,INDEPENDENT_REPAIR_SERVICE,https://telefonprofesoru.com/samsung-sarj-soketi-degisimi-fiyatlari/,2026-09-29,kart satırı; katman etiketi sayfada yok
SAMSUNG,Galaxy A41,,Galaxy A,A41,CHARGING_PORT,UNKNOWN,card: KDV dahil net fiyat,FULL_REPAIR,1000,TRY,true,telefon_profesoru,INDEPENDENT_REPAIR_SERVICE,https://telefonprofesoru.com/samsung-sarj-soketi-degisimi-fiyatlari/,2026-09-29,kart satırı; katman etiketi sayfada yok
SAMSUNG,Galaxy A40,,Galaxy A,A40,CHARGING_PORT,UNKNOWN,card: KDV dahil net fiyat,FULL_REPAIR,1000,TRY,true,telefon_profesoru,INDEPENDENT_REPAIR_SERVICE,https://telefonprofesoru.com/samsung-sarj-soketi-degisimi-fiyatlari/,2026-09-29,kart satırı; katman etiketi sayfada yok
XIAOMI,Redmi K70E,,Redmi,Redmi K70E,BATTERY,HIGH_QUALITY,Yüksek Kalite 15 Ay Garanti,FULL_REPAIR,2250,TRY,true,telefon_profesoru,INDEPENDENT_REPAIR_SERVICE,https://telefonprofesoru.com/xiaomi-pil-degisimi-fiyatlari/,2026-09-29,
XIAOMI,Redmi K60 Pro,,Redmi,Redmi K60 Pro,BATTERY,HIGH_QUALITY,Yüksek Kalite 15 Ay Garanti,FULL_REPAIR,2250,TRY,true,telefon_profesoru,INDEPENDENT_REPAIR_SERVICE,https://telefonprofesoru.com/xiaomi-pil-degisimi-fiyatlari/,2026-09-29,
XIAOMI,Redmi K60,,Redmi,Redmi K60,BATTERY,HIGH_QUALITY,Yüksek Kalite 15 Ay Garanti,FULL_REPAIR,2250,TRY,true,telefon_profesoru,INDEPENDENT_REPAIR_SERVICE,https://telefonprofesoru.com/xiaomi-pil-degisimi-fiyatlari/,2026-09-29,
XIAOMI,Redmi K50 Gaming,,Redmi,Redmi K50 Gaming,BATTERY,HIGH_QUALITY,Yüksek Kalite 15 Ay Garanti,FULL_REPAIR,2250,TRY,true,telefon_profesoru,INDEPENDENT_REPAIR_SERVICE,https://telefonprofesoru.com/xiaomi-pil-degisimi-fiyatlari/,2026-09-29,
XIAOMI,Redmi K40 Pro,,Redmi,Redmi K40 Pro,BATTERY,HIGH_QUALITY,Yüksek Kalite 15 Ay Garanti,FULL_REPAIR,2250,TRY,true,telefon_profesoru,INDEPENDENT_REPAIR_SERVICE,https://telefonprofesoru.com/xiaomi-pil-degisimi-fiyatlari/,2026-09-29,
XIAOMI,Redmi K40,,Redmi,Redmi K40,BATTERY,HIGH_QUALITY,Yüksek Kalite 15 Ay Garanti,FULL_REPAIR,2250,TRY,true,telefon_profesoru,INDEPENDENT_REPAIR_SERVICE,https://telefonprofesoru.com/xiaomi-pil-degisimi-fiyatlari/,2026-09-29,
XIAOMI,Redmi K40 Gaming,,Redmi,Redmi K40 Gaming,BATTERY,HIGH_QUALITY,Yüksek Kalite 15 Ay Garanti,FULL_REPAIR,2250,TRY,true,telefon_profesoru,INDEPENDENT_REPAIR_SERVICE,https://telefonprofesoru.com/xiaomi-pil-degisimi-fiyatlari/,2026-09-29,
XIAOMI,Mi 15 Ultra,,Mi,Mi 15 Ultra,BATTERY,HIGH_QUALITY,Yüksek Kalite 15 Ay Garanti,FULL_REPAIR,2500,TRY,true,telefon_profesoru,INDEPENDENT_REPAIR_SERVICE,https://telefonprofesoru.com/xiaomi-pil-degisimi-fiyatlari/,2026-09-29,
XIAOMI,Mi 15 Pro,,Mi,Mi 15 Pro,BATTERY,HIGH_QUALITY,Yüksek Kalite 15 Ay Garanti,FULL_REPAIR,2500,TRY,true,telefon_profesoru,INDEPENDENT_REPAIR_SERVICE,https://telefonprofesoru.com/xiaomi-pil-degisimi-fiyatlari/,2026-09-29,
XIAOMI,Mi 15,,Mi,Mi 15,BATTERY,HIGH_QUALITY,Yüksek Kalite 15 Ay Garanti,FULL_REPAIR,2500,TRY,true,telefon_profesoru,INDEPENDENT_REPAIR_SERVICE,https://telefonprofesoru.com/xiaomi-pil-degisimi-fiyatlari/,2026-09-29,
XIAOMI,Redmi 15C,,Redmi,Redmi 15C,BATTERY,HIGH_QUALITY,Yüksek Kalite 15 Ay Garanti,FULL_REPAIR,2500,TRY,true,telefon_profesoru,INDEPENDENT_REPAIR_SERVICE,https://telefonprofesoru.com/xiaomi-pil-degisimi-fiyatlari/,2026-09-29,
XIAOMI,Xiaomi 14 Ultra,,Mi,Xiaomi 14 Ultra,BATTERY,HIGH_QUALITY,Yüksek Kalite 15 Ay Garanti,FULL_REPAIR,2500,TRY,true,telefon_profesoru,INDEPENDENT_REPAIR_SERVICE,https://telefonprofesoru.com/xiaomi-pil-degisimi-fiyatlari/,2026-09-29,
XIAOMI,Xiaomi 14 Pro,,Mi,Xiaomi 14 Pro,BATTERY,HIGH_QUALITY,Yüksek Kalite 15 Ay Garanti,FULL_REPAIR,2500,TRY,true,telefon_profesoru,INDEPENDENT_REPAIR_SERVICE,https://telefonprofesoru.com/xiaomi-pil-degisimi-fiyatlari/,2026-09-29,
XIAOMI,Xiaomi 14T Pro,,Mi,Xiaomi 14T Pro,BATTERY,HIGH_QUALITY,Yüksek Kalite 15 Ay Garanti,FULL_REPAIR,2500,TRY,true,telefon_profesoru,INDEPENDENT_REPAIR_SERVICE,https://telefonprofesoru.com/xiaomi-pil-degisimi-fiyatlari/,2026-09-29,
XIAOMI,Xiaomi 14,,Mi,Xiaomi 14,BATTERY,HIGH_QUALITY,Yüksek Kalite 15 Ay Garanti,FULL_REPAIR,2500,TRY,true,telefon_profesoru,INDEPENDENT_REPAIR_SERVICE,https://telefonprofesoru.com/xiaomi-pil-degisimi-fiyatlari/,2026-09-29,
XIAOMI,Xiaomi 14T,,Mi,Xiaomi 14T,BATTERY,HIGH_QUALITY,Yüksek Kalite 15 Ay Garanti,FULL_REPAIR,2500,TRY,true,telefon_profesoru,INDEPENDENT_REPAIR_SERVICE,https://telefonprofesoru.com/xiaomi-pil-degisimi-fiyatlari/,2026-09-29,
XIAOMI,Redmi Note 14 Pro,,Redmi Note,Redmi Note 14 Pro,BATTERY,HIGH_QUALITY,Yüksek Kalite 15 Ay Garanti,FULL_REPAIR,2000,TRY,true,telefon_profesoru,INDEPENDENT_REPAIR_SERVICE,https://telefonprofesoru.com/xiaomi-pil-degisimi-fiyatlari/,2026-09-29,
XIAOMI,Redmi Note 14 Pro 4G,,Redmi Note,Redmi Note 14 Pro 4G,BATTERY,HIGH_QUALITY,Yüksek Kalite 15 Ay Garanti,FULL_REPAIR,2000,TRY,true,telefon_profesoru,INDEPENDENT_REPAIR_SERVICE,https://telefonprofesoru.com/xiaomi-pil-degisimi-fiyatlari/,2026-09-29,
XIAOMI,Redmi Note 14 Pro Plus,,Redmi Note,Redmi Note 14 Pro Plus,BATTERY,HIGH_QUALITY,Yüksek Kalite 15 Ay Garanti,FULL_REPAIR,2000,TRY,true,telefon_profesoru,INDEPENDENT_REPAIR_SERVICE,https://telefonprofesoru.com/xiaomi-pil-degisimi-fiyatlari/,2026-09-29,
XIAOMI,Redmi Note 14 Pro Plus 5G,,Redmi Note,Redmi Note 14 Pro Plus 5G,BATTERY,HIGH_QUALITY,Yüksek Kalite 15 Ay Garanti,FULL_REPAIR,2000,TRY,true,telefon_profesoru,INDEPENDENT_REPAIR_SERVICE,https://telefonprofesoru.com/xiaomi-pil-degisimi-fiyatlari/,2026-09-29,
XIAOMI,Redmi Note 14,,Redmi Note,Redmi Note 14,BATTERY,HIGH_QUALITY,Yüksek Kalite 15 Ay Garanti,FULL_REPAIR,2000,TRY,true,telefon_profesoru,INDEPENDENT_REPAIR_SERVICE,https://telefonprofesoru.com/xiaomi-pil-degisimi-fiyatlari/,2026-09-29,
XIAOMI,Redmi Note 14 4G,,Redmi Note,Redmi Note 14 4G,BATTERY,HIGH_QUALITY,Yüksek Kalite 15 Ay Garanti,FULL_REPAIR,2000,TRY,true,telefon_profesoru,INDEPENDENT_REPAIR_SERVICE,https://telefonprofesoru.com/xiaomi-pil-degisimi-fiyatlari/,2026-09-29,
XIAOMI,Redmi Note 14 5G,,Redmi Note,Redmi Note 14 5G,BATTERY,HIGH_QUALITY,Yüksek Kalite 15 Ay Garanti,FULL_REPAIR,2000,TRY,true,telefon_profesoru,INDEPENDENT_REPAIR_SERVICE,https://telefonprofesoru.com/xiaomi-pil-degisimi-fiyatlari/,2026-09-29,
XIAOMI,Redmi 14C,,Redmi,Redmi 14C,BATTERY,HIGH_QUALITY,Yüksek Kalite 15 Ay Garanti,FULL_REPAIR,2000,TRY,true,telefon_profesoru,INDEPENDENT_REPAIR_SERVICE,https://telefonprofesoru.com/xiaomi-pil-degisimi-fiyatlari/,2026-09-29,
XIAOMI,Redmi 14R,,Redmi,Redmi 14R,BATTERY,HIGH_QUALITY,Yüksek Kalite 15 Ay Garanti,FULL_REPAIR,2000,TRY,true,telefon_profesoru,INDEPENDENT_REPAIR_SERVICE,https://telefonprofesoru.com/xiaomi-pil-degisimi-fiyatlari/,2026-09-29,
XIAOMI,Xiaomi 13 Ultra,,Mi,Xiaomi 13 Ultra,BATTERY,HIGH_QUALITY,Yüksek Kalite 15 Ay Garanti,FULL_REPAIR,2500,TRY,true,telefon_profesoru,INDEPENDENT_REPAIR_SERVICE,https://telefonprofesoru.com/xiaomi-pil-degisimi-fiyatlari/,2026-09-29,
XIAOMI,Xiaomi 13 Pro,,Mi,Xiaomi 13 Pro,BATTERY,HIGH_QUALITY,Yüksek Kalite 15 Ay Garanti,FULL_REPAIR,2500,TRY,true,telefon_profesoru,INDEPENDENT_REPAIR_SERVICE,https://telefonprofesoru.com/xiaomi-pil-degisimi-fiyatlari/,2026-09-29,
XIAOMI,Xiaomi 13T Pro,,Mi,Xiaomi 13T Pro,BATTERY,HIGH_QUALITY,Yüksek Kalite 15 Ay Garanti,FULL_REPAIR,2500,TRY,true,telefon_profesoru,INDEPENDENT_REPAIR_SERVICE,https://telefonprofesoru.com/xiaomi-pil-degisimi-fiyatlari/,2026-09-29,
XIAOMI,Xiaomi 13,,Mi,Xiaomi 13,BATTERY,HIGH_QUALITY,Yüksek Kalite 15 Ay Garanti,FULL_REPAIR,2000,TRY,true,telefon_profesoru,INDEPENDENT_REPAIR_SERVICE,https://telefonprofesoru.com/xiaomi-pil-degisimi-fiyatlari/,2026-09-29,
XIAOMI,Xiaomi 13T,,Mi,Xiaomi 13T,BATTERY,HIGH_QUALITY,Yüksek Kalite 15 Ay Garanti,FULL_REPAIR,2000,TRY,true,telefon_profesoru,INDEPENDENT_REPAIR_SERVICE,https://telefonprofesoru.com/xiaomi-pil-degisimi-fiyatlari/,2026-09-29,
XIAOMI,Xiaomi 13 Lite,,Mi,Xiaomi 13 Lite,BATTERY,HIGH_QUALITY,Yüksek Kalite 15 Ay Garanti,FULL_REPAIR,2000,TRY,true,telefon_profesoru,INDEPENDENT_REPAIR_SERVICE,https://telefonprofesoru.com/xiaomi-pil-degisimi-fiyatlari/,2026-09-29,
XIAOMI,Redmi Note 13 Pro 4G,,Redmi Note,Redmi Note 13 Pro 4G,BATTERY,HIGH_QUALITY,Yüksek Kalite 15 Ay Garanti,FULL_REPAIR,2000,TRY,true,telefon_profesoru,INDEPENDENT_REPAIR_SERVICE,https://telefonprofesoru.com/xiaomi-pil-degisimi-fiyatlari/,2026-09-29,
XIAOMI,Redmi Note 13 Pro 5G,,Redmi Note,Redmi Note 13 Pro 5G,BATTERY,HIGH_QUALITY,Yüksek Kalite 15 Ay Garanti,FULL_REPAIR,2000,TRY,true,telefon_profesoru,INDEPENDENT_REPAIR_SERVICE,https://telefonprofesoru.com/xiaomi-pil-degisimi-fiyatlari/,2026-09-29,
XIAOMI,Redmi Note 13 Pro Plus,,Redmi Note,Redmi Note 13 Pro Plus,BATTERY,HIGH_QUALITY,Yüksek Kalite 15 Ay Garanti,FULL_REPAIR,2000,TRY,true,telefon_profesoru,INDEPENDENT_REPAIR_SERVICE,https://telefonprofesoru.com/xiaomi-pil-degisimi-fiyatlari/,2026-09-29,
XIAOMI,Redmi Note 13,,Redmi Note,Redmi Note 13,BATTERY,HIGH_QUALITY,Yüksek Kalite 15 Ay Garanti,FULL_REPAIR,2000,TRY,true,telefon_profesoru,INDEPENDENT_REPAIR_SERVICE,https://telefonprofesoru.com/xiaomi-pil-degisimi-fiyatlari/,2026-09-29,
XIAOMI,Redmi Note 13 4G,,Redmi Note,Redmi Note 13 4G,BATTERY,HIGH_QUALITY,Yüksek Kalite 15 Ay Garanti,FULL_REPAIR,2000,TRY,true,telefon_profesoru,INDEPENDENT_REPAIR_SERVICE,https://telefonprofesoru.com/xiaomi-pil-degisimi-fiyatlari/,2026-09-29,
XIAOMI,Redmi Note 13R,,Redmi Note,Redmi Note 13R,BATTERY,HIGH_QUALITY,Yüksek Kalite 15 Ay Garanti,FULL_REPAIR,2000,TRY,true,telefon_profesoru,INDEPENDENT_REPAIR_SERVICE,https://telefonprofesoru.com/xiaomi-pil-degisimi-fiyatlari/,2026-09-29,
XIAOMI,Redmi 13,,Redmi,Redmi 13,BATTERY,HIGH_QUALITY,Yüksek Kalite 15 Ay Garanti,FULL_REPAIR,2000,TRY,true,telefon_profesoru,INDEPENDENT_REPAIR_SERVICE,https://telefonprofesoru.com/xiaomi-pil-degisimi-fiyatlari/,2026-09-29,
XIAOMI,Redmi 13 5G,,Redmi,Redmi 13 5G,BATTERY,HIGH_QUALITY,Yüksek Kalite 15 Ay Garanti,FULL_REPAIR,2000,TRY,true,telefon_profesoru,INDEPENDENT_REPAIR_SERVICE,https://telefonprofesoru.com/xiaomi-pil-degisimi-fiyatlari/,2026-09-29,
XIAOMI,Redmi 13C,,Redmi,Redmi 13C,BATTERY,HIGH_QUALITY,Yüksek Kalite 15 Ay Garanti,FULL_REPAIR,2000,TRY,true,telefon_profesoru,INDEPENDENT_REPAIR_SERVICE,https://telefonprofesoru.com/xiaomi-pil-degisimi-fiyatlari/,2026-09-29,
XIAOMI,Redmi 13C 5G,,Redmi,Redmi 13C 5G,BATTERY,HIGH_QUALITY,Yüksek Kalite 15 Ay Garanti,FULL_REPAIR,2000,TRY,true,telefon_profesoru,INDEPENDENT_REPAIR_SERVICE,https://telefonprofesoru.com/xiaomi-pil-degisimi-fiyatlari/,2026-09-29,
XIAOMI,Xiaomi 12 Ultra,,Mi,Xiaomi 12 Ultra,BATTERY,HIGH_QUALITY,Yüksek Kalite 15 Ay Garanti,FULL_REPAIR,2000,TRY,true,telefon_profesoru,INDEPENDENT_REPAIR_SERVICE,https://telefonprofesoru.com/xiaomi-pil-degisimi-fiyatlari/,2026-09-29,
XIAOMI,Xiaomi 12 Pro,,Mi,Xiaomi 12 Pro,BATTERY,HIGH_QUALITY,Yüksek Kalite 15 Ay Garanti,FULL_REPAIR,2000,TRY,true,telefon_profesoru,INDEPENDENT_REPAIR_SERVICE,https://telefonprofesoru.com/xiaomi-pil-degisimi-fiyatlari/,2026-09-29,
XIAOMI,Xiaomi 12T Pro,,Mi,Xiaomi 12T Pro,BATTERY,HIGH_QUALITY,Yüksek Kalite 15 Ay Garanti,FULL_REPAIR,2000,TRY,true,telefon_profesoru,INDEPENDENT_REPAIR_SERVICE,https://telefonprofesoru.com/xiaomi-pil-degisimi-fiyatlari/,2026-09-29,
XIAOMI,Xiaomi 12,,Mi,Xiaomi 12,BATTERY,HIGH_QUALITY,Yüksek Kalite 15 Ay Garanti,FULL_REPAIR,2000,TRY,true,telefon_profesoru,INDEPENDENT_REPAIR_SERVICE,https://telefonprofesoru.com/xiaomi-pil-degisimi-fiyatlari/,2026-09-29,
XIAOMI,Xiaomi 12S,,Mi,Xiaomi 12S,BATTERY,HIGH_QUALITY,Yüksek Kalite 15 Ay Garanti,FULL_REPAIR,2000,TRY,true,telefon_profesoru,INDEPENDENT_REPAIR_SERVICE,https://telefonprofesoru.com/xiaomi-pil-degisimi-fiyatlari/,2026-09-29,
XIAOMI,Xiaomi 12T,,Mi,Xiaomi 12T,BATTERY,HIGH_QUALITY,Yüksek Kalite 15 Ay Garanti,FULL_REPAIR,2000,TRY,true,telefon_profesoru,INDEPENDENT_REPAIR_SERVICE,https://telefonprofesoru.com/xiaomi-pil-degisimi-fiyatlari/,2026-09-29,
XIAOMI,Xiaomi 12 Lite,,Mi,Xiaomi 12 Lite,BATTERY,HIGH_QUALITY,Yüksek Kalite 15 Ay Garanti,FULL_REPAIR,2000,TRY,true,telefon_profesoru,INDEPENDENT_REPAIR_SERVICE,https://telefonprofesoru.com/xiaomi-pil-degisimi-fiyatlari/,2026-09-29,
XIAOMI,Redmi Note 12 Pro,,Redmi Note,Redmi Note 12 Pro,BATTERY,HIGH_QUALITY,Yüksek Kalite 15 Ay Garanti,FULL_REPAIR,2000,TRY,true,telefon_profesoru,INDEPENDENT_REPAIR_SERVICE,https://telefonprofesoru.com/xiaomi-pil-degisimi-fiyatlari/,2026-09-29,
XIAOMI,Redmi Note 12 Pro 4G,,Redmi Note,Redmi Note 12 Pro 4G,BATTERY,HIGH_QUALITY,Yüksek Kalite 15 Ay Garanti,FULL_REPAIR,2000,TRY,true,telefon_profesoru,INDEPENDENT_REPAIR_SERVICE,https://telefonprofesoru.com/xiaomi-pil-degisimi-fiyatlari/,2026-09-29,
XIAOMI,Redmi Note 12 Pro 5G,,Redmi Note,Redmi Note 12 Pro 5G,BATTERY,HIGH_QUALITY,Yüksek Kalite 15 Ay Garanti,FULL_REPAIR,2000,TRY,true,telefon_profesoru,INDEPENDENT_REPAIR_SERVICE,https://telefonprofesoru.com/xiaomi-pil-degisimi-fiyatlari/,2026-09-29,
XIAOMI,Redmi Note 12 Pro Plus 5G,,Redmi Note,Redmi Note 12 Pro Plus 5G,BATTERY,HIGH_QUALITY,Yüksek Kalite 15 Ay Garanti,FULL_REPAIR,2000,TRY,true,telefon_profesoru,INDEPENDENT_REPAIR_SERVICE,https://telefonprofesoru.com/xiaomi-pil-degisimi-fiyatlari/,2026-09-29,
XIAOMI,Redmi Note 12,,Redmi Note,Redmi Note 12,BATTERY,HIGH_QUALITY,Yüksek Kalite 15 Ay Garanti,FULL_REPAIR,2000,TRY,true,telefon_profesoru,INDEPENDENT_REPAIR_SERVICE,https://telefonprofesoru.com/xiaomi-pil-degisimi-fiyatlari/,2026-09-29,
XIAOMI,Redmi Note 12 4G,,Redmi Note,Redmi Note 12 4G,BATTERY,HIGH_QUALITY,Yüksek Kalite 15 Ay Garanti,FULL_REPAIR,2000,TRY,true,telefon_profesoru,INDEPENDENT_REPAIR_SERVICE,https://telefonprofesoru.com/xiaomi-pil-degisimi-fiyatlari/,2026-09-29,
XIAOMI,Redmi Note 12 5G,,Redmi Note,Redmi Note 12 5G,BATTERY,HIGH_QUALITY,Yüksek Kalite 15 Ay Garanti,FULL_REPAIR,2000,TRY,true,telefon_profesoru,INDEPENDENT_REPAIR_SERVICE,https://telefonprofesoru.com/xiaomi-pil-degisimi-fiyatlari/,2026-09-29,
XIAOMI,Redmi Note 12 Turbo,,Redmi Note,Redmi Note 12 Turbo,BATTERY,HIGH_QUALITY,Yüksek Kalite 15 Ay Garanti,FULL_REPAIR,2000,TRY,true,telefon_profesoru,INDEPENDENT_REPAIR_SERVICE,https://telefonprofesoru.com/xiaomi-pil-degisimi-fiyatlari/,2026-09-29,
XIAOMI,Redmi Note 12R,,Redmi Note,Redmi Note 12R,BATTERY,HIGH_QUALITY,Yüksek Kalite 15 Ay Garanti,FULL_REPAIR,1750,TRY,true,telefon_profesoru,INDEPENDENT_REPAIR_SERVICE,https://telefonprofesoru.com/xiaomi-pil-degisimi-fiyatlari/,2026-09-29,
XIAOMI,Redmi Note 12S,,Redmi Note,Redmi Note 12S,BATTERY,HIGH_QUALITY,Yüksek Kalite 15 Ay Garanti,FULL_REPAIR,1750,TRY,true,telefon_profesoru,INDEPENDENT_REPAIR_SERVICE,https://telefonprofesoru.com/xiaomi-pil-degisimi-fiyatlari/,2026-09-29,
XIAOMI,Redmi 12,,Redmi,Redmi 12,BATTERY,HIGH_QUALITY,Yüksek Kalite 15 Ay Garanti,FULL_REPAIR,1750,TRY,true,telefon_profesoru,INDEPENDENT_REPAIR_SERVICE,https://telefonprofesoru.com/xiaomi-pil-degisimi-fiyatlari/,2026-09-29,
XIAOMI,Redmi 12 5G,,Redmi,Redmi 12 5G,BATTERY,HIGH_QUALITY,Yüksek Kalite 15 Ay Garanti,FULL_REPAIR,1750,TRY,true,telefon_profesoru,INDEPENDENT_REPAIR_SERVICE,https://telefonprofesoru.com/xiaomi-pil-degisimi-fiyatlari/,2026-09-29,
XIAOMI,Redmi 12C,,Redmi,Redmi 12C,BATTERY,HIGH_QUALITY,Yüksek Kalite 15 Ay Garanti,FULL_REPAIR,1750,TRY,true,telefon_profesoru,INDEPENDENT_REPAIR_SERVICE,https://telefonprofesoru.com/xiaomi-pil-degisimi-fiyatlari/,2026-09-29,
XIAOMI,Mi 11 Ultra,,Mi,Mi 11 Ultra,BATTERY,HIGH_QUALITY,Yüksek Kalite 15 Ay Garanti,FULL_REPAIR,2000,TRY,true,telefon_profesoru,INDEPENDENT_REPAIR_SERVICE,https://telefonprofesoru.com/xiaomi-pil-degisimi-fiyatlari/,2026-09-29,
XIAOMI,Mi 11T Pro,,Mi,Mi 11T Pro,BATTERY,HIGH_QUALITY,Yüksek Kalite 15 Ay Garanti,FULL_REPAIR,2000,TRY,true,telefon_profesoru,INDEPENDENT_REPAIR_SERVICE,https://telefonprofesoru.com/xiaomi-pil-degisimi-fiyatlari/,2026-09-29,
XIAOMI,Mi 11,,Mi,Mi 11,BATTERY,HIGH_QUALITY,Yüksek Kalite 15 Ay Garanti,FULL_REPAIR,2000,TRY,true,telefon_profesoru,INDEPENDENT_REPAIR_SERVICE,https://telefonprofesoru.com/xiaomi-pil-degisimi-fiyatlari/,2026-09-29,
XIAOMI,Mi 11T,,Mi,Mi 11T,BATTERY,HIGH_QUALITY,Yüksek Kalite 15 Ay Garanti,FULL_REPAIR,2000,TRY,true,telefon_profesoru,INDEPENDENT_REPAIR_SERVICE,https://telefonprofesoru.com/xiaomi-pil-degisimi-fiyatlari/,2026-09-29,
XIAOMI,Mi 11i,,Mi,Mi 11i,BATTERY,HIGH_QUALITY,Yüksek Kalite 15 Ay Garanti,FULL_REPAIR,2000,TRY,true,telefon_profesoru,INDEPENDENT_REPAIR_SERVICE,https://telefonprofesoru.com/xiaomi-pil-degisimi-fiyatlari/,2026-09-29,
XIAOMI,Mi 11 Lite,,Mi,Mi 11 Lite,BATTERY,HIGH_QUALITY,Yüksek Kalite 15 Ay Garanti,FULL_REPAIR,1750,TRY,true,telefon_profesoru,INDEPENDENT_REPAIR_SERVICE,https://telefonprofesoru.com/xiaomi-pil-degisimi-fiyatlari/,2026-09-29,
XIAOMI,Mi 11 Lite 4G,,Mi,Mi 11 Lite 4G,BATTERY,HIGH_QUALITY,Yüksek Kalite 15 Ay Garanti,FULL_REPAIR,1750,TRY,true,telefon_profesoru,INDEPENDENT_REPAIR_SERVICE,https://telefonprofesoru.com/xiaomi-pil-degisimi-fiyatlari/,2026-09-29,
XIAOMI,Mi 11 Lite 5G,,Mi,Mi 11 Lite 5G,BATTERY,HIGH_QUALITY,Yüksek Kalite 15 Ay Garanti,FULL_REPAIR,1750,TRY,true,telefon_profesoru,INDEPENDENT_REPAIR_SERVICE,https://telefonprofesoru.com/xiaomi-pil-degisimi-fiyatlari/,2026-09-29,
XIAOMI,Mi 11 Lite 5G NE,,Mi,Mi 11 Lite 5G NE,BATTERY,HIGH_QUALITY,Yüksek Kalite 15 Ay Garanti,FULL_REPAIR,1750,TRY,true,telefon_profesoru,INDEPENDENT_REPAIR_SERVICE,https://telefonprofesoru.com/xiaomi-pil-degisimi-fiyatlari/,2026-09-29,
XIAOMI,Redmi Note 11 Pro,,Redmi Note,Redmi Note 11 Pro,BATTERY,HIGH_QUALITY,Yüksek Kalite 15 Ay Garanti,FULL_REPAIR,1750,TRY,true,telefon_profesoru,INDEPENDENT_REPAIR_SERVICE,https://telefonprofesoru.com/xiaomi-pil-degisimi-fiyatlari/,2026-09-29,
XIAOMI,Redmi Note 11 Pro 5G,,Redmi Note,Redmi Note 11 Pro 5G,BATTERY,HIGH_QUALITY,Yüksek Kalite 15 Ay Garanti,FULL_REPAIR,1750,TRY,true,telefon_profesoru,INDEPENDENT_REPAIR_SERVICE,https://telefonprofesoru.com/xiaomi-pil-degisimi-fiyatlari/,2026-09-29,
XIAOMI,Redmi Note 11 Pro Plus,,Redmi Note,Redmi Note 11 Pro Plus,BATTERY,HIGH_QUALITY,Yüksek Kalite 15 Ay Garanti,FULL_REPAIR,1750,TRY,true,telefon_profesoru,INDEPENDENT_REPAIR_SERVICE,https://telefonprofesoru.com/xiaomi-pil-degisimi-fiyatlari/,2026-09-29,
XIAOMI,Redmi Note 11,,Redmi Note,Redmi Note 11,BATTERY,HIGH_QUALITY,Yüksek Kalite 15 Ay Garanti,FULL_REPAIR,1750,TRY,true,telefon_profesoru,INDEPENDENT_REPAIR_SERVICE,https://telefonprofesoru.com/xiaomi-pil-degisimi-fiyatlari/,2026-09-29,
XIAOMI,Redmi Note 11 SE,,Redmi Note,Redmi Note 11 SE,BATTERY,HIGH_QUALITY,Yüksek Kalite 15 Ay Garanti,FULL_REPAIR,1750,TRY,true,telefon_profesoru,INDEPENDENT_REPAIR_SERVICE,https://telefonprofesoru.com/xiaomi-pil-degisimi-fiyatlari/,2026-09-29,
XIAOMI,Redmi Note 11E,,Redmi Note,Redmi Note 11E,BATTERY,HIGH_QUALITY,Yüksek Kalite 15 Ay Garanti,FULL_REPAIR,1750,TRY,true,telefon_profesoru,INDEPENDENT_REPAIR_SERVICE,https://telefonprofesoru.com/xiaomi-pil-degisimi-fiyatlari/,2026-09-29,
XIAOMI,Redmi Note 11R,,Redmi Note,Redmi Note 11R,BATTERY,HIGH_QUALITY,Yüksek Kalite 15 Ay Garanti,FULL_REPAIR,1750,TRY,true,telefon_profesoru,INDEPENDENT_REPAIR_SERVICE,https://telefonprofesoru.com/xiaomi-pil-degisimi-fiyatlari/,2026-09-29,
XIAOMI,Redmi Note 11S,,Redmi Note,Redmi Note 11S,BATTERY,HIGH_QUALITY,Yüksek Kalite 15 Ay Garanti,FULL_REPAIR,1750,TRY,true,telefon_profesoru,INDEPENDENT_REPAIR_SERVICE,https://telefonprofesoru.com/xiaomi-pil-degisimi-fiyatlari/,2026-09-29,
XIAOMI,Redmi 11 Prime,,Redmi,Redmi 11 Prime,BATTERY,HIGH_QUALITY,Yüksek Kalite 15 Ay Garanti,FULL_REPAIR,1750,TRY,true,telefon_profesoru,INDEPENDENT_REPAIR_SERVICE,https://telefonprofesoru.com/xiaomi-pil-degisimi-fiyatlari/,2026-09-29,
XIAOMI,Mi 10 Pro,,Mi,Mi 10 Pro,BATTERY,HIGH_QUALITY,Yüksek Kalite 15 Ay Garanti,FULL_REPAIR,1750,TRY,true,telefon_profesoru,INDEPENDENT_REPAIR_SERVICE,https://telefonprofesoru.com/xiaomi-pil-degisimi-fiyatlari/,2026-09-29,
XIAOMI,Mi 10T Pro,,Mi,Mi 10T Pro,BATTERY,HIGH_QUALITY,Yüksek Kalite 15 Ay Garanti,FULL_REPAIR,1750,TRY,true,telefon_profesoru,INDEPENDENT_REPAIR_SERVICE,https://telefonprofesoru.com/xiaomi-pil-degisimi-fiyatlari/,2026-09-29,
XIAOMI,Mi 10,,Mi,Mi 10,BATTERY,HIGH_QUALITY,Yüksek Kalite 15 Ay Garanti,FULL_REPAIR,1750,TRY,true,telefon_profesoru,INDEPENDENT_REPAIR_SERVICE,https://telefonprofesoru.com/xiaomi-pil-degisimi-fiyatlari/,2026-09-29,
XIAOMI,Mi 10T,,Mi,Mi 10T,BATTERY,HIGH_QUALITY,Yüksek Kalite 15 Ay Garanti,FULL_REPAIR,1750,TRY,true,telefon_profesoru,INDEPENDENT_REPAIR_SERVICE,https://telefonprofesoru.com/xiaomi-pil-degisimi-fiyatlari/,2026-09-29,
XIAOMI,Mi 10 Lite,,Mi,Mi 10 Lite,BATTERY,HIGH_QUALITY,Yüksek Kalite 15 Ay Garanti,FULL_REPAIR,1750,TRY,true,telefon_profesoru,INDEPENDENT_REPAIR_SERVICE,https://telefonprofesoru.com/xiaomi-pil-degisimi-fiyatlari/,2026-09-29,
XIAOMI,Redmi Note 10 Pro,,Redmi Note,Redmi Note 10 Pro,BATTERY,HIGH_QUALITY,Yüksek Kalite 15 Ay Garanti,FULL_REPAIR,1750,TRY,true,telefon_profesoru,INDEPENDENT_REPAIR_SERVICE,https://telefonprofesoru.com/xiaomi-pil-degisimi-fiyatlari/,2026-09-29,
XIAOMI,Redmi Note 10 Pro 5G,,Redmi Note,Redmi Note 10 Pro 5G,BATTERY,HIGH_QUALITY,Yüksek Kalite 15 Ay Garanti,FULL_REPAIR,1750,TRY,true,telefon_profesoru,INDEPENDENT_REPAIR_SERVICE,https://telefonprofesoru.com/xiaomi-pil-degisimi-fiyatlari/,2026-09-29,
XIAOMI,Redmi Note 10,,Redmi Note,Redmi Note 10,BATTERY,HIGH_QUALITY,Yüksek Kalite 15 Ay Garanti,FULL_REPAIR,1750,TRY,true,telefon_profesoru,INDEPENDENT_REPAIR_SERVICE,https://telefonprofesoru.com/xiaomi-pil-degisimi-fiyatlari/,2026-09-29,
XIAOMI,Redmi Note 10 5G,,Redmi Note,Redmi Note 10 5G,BATTERY,HIGH_QUALITY,Yüksek Kalite 15 Ay Garanti,FULL_REPAIR,1750,TRY,true,telefon_profesoru,INDEPENDENT_REPAIR_SERVICE,https://telefonprofesoru.com/xiaomi-pil-degisimi-fiyatlari/,2026-09-29,
XIAOMI,Redmi Note 10S,,Redmi Note,Redmi Note 10S,BATTERY,HIGH_QUALITY,Yüksek Kalite 15 Ay Garanti,FULL_REPAIR,1750,TRY,true,telefon_profesoru,INDEPENDENT_REPAIR_SERVICE,https://telefonprofesoru.com/xiaomi-pil-degisimi-fiyatlari/,2026-09-29,
XIAOMI,Redmi Note 10S 4G,,Redmi Note,Redmi Note 10S 4G,BATTERY,HIGH_QUALITY,Yüksek Kalite 15 Ay Garanti,FULL_REPAIR,1750,TRY,true,telefon_profesoru,INDEPENDENT_REPAIR_SERVICE,https://telefonprofesoru.com/xiaomi-pil-degisimi-fiyatlari/,2026-09-29,
XIAOMI,Mi Note 10,,Mi,Mi Note 10,BATTERY,HIGH_QUALITY,Yüksek Kalite 15 Ay Garanti,FULL_REPAIR,1750,TRY,true,telefon_profesoru,INDEPENDENT_REPAIR_SERVICE,https://telefonprofesoru.com/xiaomi-pil-degisimi-fiyatlari/,2026-09-29,
XIAOMI,Mi Note 10 Lite,,Mi,Mi Note 10 Lite,BATTERY,HIGH_QUALITY,Yüksek Kalite 15 Ay Garanti,FULL_REPAIR,1750,TRY,true,telefon_profesoru,INDEPENDENT_REPAIR_SERVICE,https://telefonprofesoru.com/xiaomi-pil-degisimi-fiyatlari/,2026-09-29,
XIAOMI,Redmi 10,,Redmi,Redmi 10,BATTERY,HIGH_QUALITY,Yüksek Kalite 15 Ay Garanti,FULL_REPAIR,1750,TRY,true,telefon_profesoru,INDEPENDENT_REPAIR_SERVICE,https://telefonprofesoru.com/xiaomi-pil-degisimi-fiyatlari/,2026-09-29,
XIAOMI,Redmi 10 5G,,Redmi,Redmi 10 5G,BATTERY,HIGH_QUALITY,Yüksek Kalite 15 Ay Garanti,FULL_REPAIR,1750,TRY,true,telefon_profesoru,INDEPENDENT_REPAIR_SERVICE,https://telefonprofesoru.com/xiaomi-pil-degisimi-fiyatlari/,2026-09-29,
XIAOMI,Redmi 10A,,Redmi,Redmi 10A,BATTERY,HIGH_QUALITY,Yüksek Kalite 15 Ay Garanti,FULL_REPAIR,1750,TRY,true,telefon_profesoru,INDEPENDENT_REPAIR_SERVICE,https://telefonprofesoru.com/xiaomi-pil-degisimi-fiyatlari/,2026-09-29,
XIAOMI,Redmi 10C,,Redmi,Redmi 10C,BATTERY,HIGH_QUALITY,Yüksek Kalite 15 Ay Garanti,FULL_REPAIR,1750,TRY,true,telefon_profesoru,INDEPENDENT_REPAIR_SERVICE,https://telefonprofesoru.com/xiaomi-pil-degisimi-fiyatlari/,2026-09-29,
XIAOMI,Redmi Note 9 Pro Max,,Redmi Note,Redmi Note 9 Pro Max,BATTERY,HIGH_QUALITY,Yüksek Kalite 15 Ay Garanti,FULL_REPAIR,1750,TRY,true,telefon_profesoru,INDEPENDENT_REPAIR_SERVICE,https://telefonprofesoru.com/xiaomi-pil-degisimi-fiyatlari/,2026-09-29,
XIAOMI,Redmi Note 9 Pro,,Redmi Note,Redmi Note 9 Pro,BATTERY,HIGH_QUALITY,Yüksek Kalite 15 Ay Garanti,FULL_REPAIR,1750,TRY,true,telefon_profesoru,INDEPENDENT_REPAIR_SERVICE,https://telefonprofesoru.com/xiaomi-pil-degisimi-fiyatlari/,2026-09-29,
XIAOMI,Redmi Note 9 Pro 5G,,Redmi Note,Redmi Note 9 Pro 5G,BATTERY,HIGH_QUALITY,Yüksek Kalite 15 Ay Garanti,FULL_REPAIR,1750,TRY,true,telefon_profesoru,INDEPENDENT_REPAIR_SERVICE,https://telefonprofesoru.com/xiaomi-pil-degisimi-fiyatlari/,2026-09-29,
XIAOMI,Redmi Note 9,,Redmi Note,Redmi Note 9,BATTERY,HIGH_QUALITY,Yüksek Kalite 15 Ay Garanti,FULL_REPAIR,1750,TRY,true,telefon_profesoru,INDEPENDENT_REPAIR_SERVICE,https://telefonprofesoru.com/xiaomi-pil-degisimi-fiyatlari/,2026-09-29,
XIAOMI,Redmi Note 9S,,Redmi Note,Redmi Note 9S,BATTERY,HIGH_QUALITY,Yüksek Kalite 15 Ay Garanti,FULL_REPAIR,1750,TRY,true,telefon_profesoru,INDEPENDENT_REPAIR_SERVICE,https://telefonprofesoru.com/xiaomi-pil-degisimi-fiyatlari/,2026-09-29,
XIAOMI,Redmi Note 9T,,Redmi Note,Redmi Note 9T,BATTERY,HIGH_QUALITY,Yüksek Kalite 15 Ay Garanti,FULL_REPAIR,1750,TRY,true,telefon_profesoru,INDEPENDENT_REPAIR_SERVICE,https://telefonprofesoru.com/xiaomi-pil-degisimi-fiyatlari/,2026-09-29,
XIAOMI,Mi 9T Pro,,Mi,Mi 9T Pro,BATTERY,HIGH_QUALITY,Yüksek Kalite 15 Ay Garanti,FULL_REPAIR,1750,TRY,true,telefon_profesoru,INDEPENDENT_REPAIR_SERVICE,https://telefonprofesoru.com/xiaomi-pil-degisimi-fiyatlari/,2026-09-29,
XIAOMI,Mi 9,,Mi,Mi 9,BATTERY,HIGH_QUALITY,Yüksek Kalite 15 Ay Garanti,FULL_REPAIR,1750,TRY,true,telefon_profesoru,INDEPENDENT_REPAIR_SERVICE,https://telefonprofesoru.com/xiaomi-pil-degisimi-fiyatlari/,2026-09-29,
XIAOMI,Mi 9 SE,,Mi,Mi 9 SE,BATTERY,HIGH_QUALITY,Yüksek Kalite 15 Ay Garanti,FULL_REPAIR,1750,TRY,true,telefon_profesoru,INDEPENDENT_REPAIR_SERVICE,https://telefonprofesoru.com/xiaomi-pil-degisimi-fiyatlari/,2026-09-29,
XIAOMI,Mi 9T,,Mi,Mi 9T,BATTERY,HIGH_QUALITY,Yüksek Kalite 15 Ay Garanti,FULL_REPAIR,1750,TRY,true,telefon_profesoru,INDEPENDENT_REPAIR_SERVICE,https://telefonprofesoru.com/xiaomi-pil-degisimi-fiyatlari/,2026-09-29,
XIAOMI,Mi 9 Lite,,Mi,Mi 9 Lite,BATTERY,HIGH_QUALITY,Yüksek Kalite 15 Ay Garanti,FULL_REPAIR,1750,TRY,true,telefon_profesoru,INDEPENDENT_REPAIR_SERVICE,https://telefonprofesoru.com/xiaomi-pil-degisimi-fiyatlari/,2026-09-29,
XIAOMI,Redmi 9,,Redmi,Redmi 9,BATTERY,HIGH_QUALITY,Yüksek Kalite 15 Ay Garanti,FULL_REPAIR,1750,TRY,true,telefon_profesoru,INDEPENDENT_REPAIR_SERVICE,https://telefonprofesoru.com/xiaomi-pil-degisimi-fiyatlari/,2026-09-29,
XIAOMI,Redmi 9A,,Redmi,Redmi 9A,BATTERY,HIGH_QUALITY,Yüksek Kalite 15 Ay Garanti,FULL_REPAIR,1750,TRY,true,telefon_profesoru,INDEPENDENT_REPAIR_SERVICE,https://telefonprofesoru.com/xiaomi-pil-degisimi-fiyatlari/,2026-09-29,
XIAOMI,Redmi 9C,,Redmi,Redmi 9C,BATTERY,HIGH_QUALITY,Yüksek Kalite 15 Ay Garanti,FULL_REPAIR,1750,TRY,true,telefon_profesoru,INDEPENDENT_REPAIR_SERVICE,https://telefonprofesoru.com/xiaomi-pil-degisimi-fiyatlari/,2026-09-29,
XIAOMI,Redmi 9T,,Redmi,Redmi 9T,BATTERY,HIGH_QUALITY,Yüksek Kalite 15 Ay Garanti,FULL_REPAIR,1750,TRY,true,telefon_profesoru,INDEPENDENT_REPAIR_SERVICE,https://telefonprofesoru.com/xiaomi-pil-degisimi-fiyatlari/,2026-09-29,
XIAOMI,Mi 8 Pro,,Mi,Mi 8 Pro,BATTERY,HIGH_QUALITY,Yüksek Kalite 15 Ay Garanti,FULL_REPAIR,1750,TRY,true,telefon_profesoru,INDEPENDENT_REPAIR_SERVICE,https://telefonprofesoru.com/xiaomi-pil-degisimi-fiyatlari/,2026-09-29,
XIAOMI,Mi 8,,Mi,Mi 8,BATTERY,HIGH_QUALITY,Yüksek Kalite 15 Ay Garanti,FULL_REPAIR,1750,TRY,true,telefon_profesoru,INDEPENDENT_REPAIR_SERVICE,https://telefonprofesoru.com/xiaomi-pil-degisimi-fiyatlari/,2026-09-29,
XIAOMI,Mi 8 SE,,Mi,Mi 8 SE,BATTERY,HIGH_QUALITY,Yüksek Kalite 15 Ay Garanti,FULL_REPAIR,1750,TRY,true,telefon_profesoru,INDEPENDENT_REPAIR_SERVICE,https://telefonprofesoru.com/xiaomi-pil-degisimi-fiyatlari/,2026-09-29,
XIAOMI,Mi 8 Lite,,Mi,Mi 8 Lite,BATTERY,HIGH_QUALITY,Yüksek Kalite 15 Ay Garanti,FULL_REPAIR,1750,TRY,true,telefon_profesoru,INDEPENDENT_REPAIR_SERVICE,https://telefonprofesoru.com/xiaomi-pil-degisimi-fiyatlari/,2026-09-29,
XIAOMI,Redmi K60 Pro,,Redmi,Redmi K60 Pro,SCREEN_MODULE,ORIGINAL,Orijinal Ekran 6 Ay Garanti,FULL_REPAIR,5750,TRY,true,telefon_profesoru,INDEPENDENT_REPAIR_SERVICE,https://telefonprofesoru.com/xiaomi-ekran-degisimi-fiyatlari/,2026-09-29,
XIAOMI,Redmi K60,,Redmi,Redmi K60,SCREEN_MODULE,ORIGINAL,Orijinal Ekran 6 Ay Garanti,FULL_REPAIR,5750,TRY,true,telefon_profesoru,INDEPENDENT_REPAIR_SERVICE,https://telefonprofesoru.com/xiaomi-ekran-degisimi-fiyatlari/,2026-09-29,
XIAOMI,Mi 15 Ultra,,Mi,Mi 15 Ultra,SCREEN_MODULE,ORIGINAL,Orijinal Çıtasız 6 Ay Garanti,FULL_REPAIR,6850,TRY,true,telefon_profesoru,INDEPENDENT_REPAIR_SERVICE,https://telefonprofesoru.com/xiaomi-ekran-degisimi-fiyatlari/,2026-09-29,
XIAOMI,Mi 15 Pro,,Mi,Mi 15 Pro,SCREEN_MODULE,ORIGINAL,Orijinal Çıtasız 6 Ay Garanti,FULL_REPAIR,6850,TRY,true,telefon_profesoru,INDEPENDENT_REPAIR_SERVICE,https://telefonprofesoru.com/xiaomi-ekran-degisimi-fiyatlari/,2026-09-29,
XIAOMI,Xiaomi 14 Ultra,,Mi,Xiaomi 14 Ultra,SCREEN_MODULE,ORIGINAL,Orijinal Ekran 6 Ay Garanti,FULL_REPAIR,8900,TRY,true,telefon_profesoru,INDEPENDENT_REPAIR_SERVICE,https://telefonprofesoru.com/xiaomi-ekran-degisimi-fiyatlari/,2026-09-29,
XIAOMI,Xiaomi 14 Pro,,Mi,Xiaomi 14 Pro,SCREEN_MODULE,ORIGINAL,Orijinal Ekran 6 Ay Garanti,FULL_REPAIR,6850,TRY,true,telefon_profesoru,INDEPENDENT_REPAIR_SERVICE,https://telefonprofesoru.com/xiaomi-ekran-degisimi-fiyatlari/,2026-09-29,
XIAOMI,Xiaomi 14T Pro,,Mi,Xiaomi 14T Pro,SCREEN_MODULE,ORIGINAL,Orijinal Çıtasız 6 Ay Garanti,FULL_REPAIR,4050,TRY,true,telefon_profesoru,INDEPENDENT_REPAIR_SERVICE,https://telefonprofesoru.com/xiaomi-ekran-degisimi-fiyatlari/,2026-09-29,
XIAOMI,Xiaomi 14,,Mi,Xiaomi 14,SCREEN_MODULE,ORIGINAL,Orijinal Ekran 6 Ay Garanti,FULL_REPAIR,6850,TRY,true,telefon_profesoru,INDEPENDENT_REPAIR_SERVICE,https://telefonprofesoru.com/xiaomi-ekran-degisimi-fiyatlari/,2026-09-29,
XIAOMI,Xiaomi 14T,,Mi,Xiaomi 14T,SCREEN_MODULE,ORIGINAL,Orijinal Ekran 6 Ay Garanti,FULL_REPAIR,4800,TRY,true,telefon_profesoru,INDEPENDENT_REPAIR_SERVICE,https://telefonprofesoru.com/xiaomi-ekran-degisimi-fiyatlari/,2026-09-29,
XIAOMI,Redmi Note 14 Pro,,Redmi Note,Redmi Note 14 Pro,SCREEN_MODULE,ORIGINAL,Orijinal Ekran 6 Ay Garanti,FULL_REPAIR,4300,TRY,true,telefon_profesoru,INDEPENDENT_REPAIR_SERVICE,https://telefonprofesoru.com/xiaomi-ekran-degisimi-fiyatlari/,2026-09-29,
XIAOMI,Redmi Note 14 Pro 4G,,Redmi Note,Redmi Note 14 Pro 4G,SCREEN_MODULE,ORIGINAL,Orijinal Ekran 6 Ay Garanti,FULL_REPAIR,5850,TRY,true,telefon_profesoru,INDEPENDENT_REPAIR_SERVICE,https://telefonprofesoru.com/xiaomi-ekran-degisimi-fiyatlari/,2026-09-29,
XIAOMI,Redmi Note 14 Pro Plus,,Redmi Note,Redmi Note 14 Pro Plus,SCREEN_MODULE,ORIGINAL,Orijinal Ekran 6 Ay Garanti,FULL_REPAIR,6600,TRY,true,telefon_profesoru,INDEPENDENT_REPAIR_SERVICE,https://telefonprofesoru.com/xiaomi-ekran-degisimi-fiyatlari/,2026-09-29,
XIAOMI,Redmi Note 14 Pro Plus 5G,,Redmi Note,Redmi Note 14 Pro Plus 5G,SCREEN_MODULE,ORIGINAL,Orijinal Ekran 6 Ay Garanti,FULL_REPAIR,5850,TRY,true,telefon_profesoru,INDEPENDENT_REPAIR_SERVICE,https://telefonprofesoru.com/xiaomi-ekran-degisimi-fiyatlari/,2026-09-29,
XIAOMI,Redmi Note 14,,Redmi Note,Redmi Note 14,SCREEN_MODULE,ORIGINAL,Orijinal Ekran 6 Ay Garanti,FULL_REPAIR,5850,TRY,true,telefon_profesoru,INDEPENDENT_REPAIR_SERVICE,https://telefonprofesoru.com/xiaomi-ekran-degisimi-fiyatlari/,2026-09-29,
XIAOMI,Redmi Note 14 4G,,Redmi Note,Redmi Note 14 4G,SCREEN_MODULE,ORIGINAL,Orijinal Ekran 6 Ay Garanti,FULL_REPAIR,5850,TRY,true,telefon_profesoru,INDEPENDENT_REPAIR_SERVICE,https://telefonprofesoru.com/xiaomi-ekran-degisimi-fiyatlari/,2026-09-29,
XIAOMI,Redmi Note 14 5G,,Redmi Note,Redmi Note 14 5G,SCREEN_MODULE,ORIGINAL,Orijinal Ekran 6 Ay Garanti,FULL_REPAIR,5850,TRY,true,telefon_profesoru,INDEPENDENT_REPAIR_SERVICE,https://telefonprofesoru.com/xiaomi-ekran-degisimi-fiyatlari/,2026-09-29,
XIAOMI,Redmi 14C,,Redmi,Redmi 14C,SCREEN_MODULE,COMPATIBLE,Standart 1 Ay Garanti,FULL_REPAIR,2050,TRY,true,telefon_profesoru,INDEPENDENT_REPAIR_SERVICE,https://telefonprofesoru.com/xiaomi-ekran-degisimi-fiyatlari/,2026-09-29,
XIAOMI,Redmi 14C,,Redmi,Redmi 14C,SCREEN_MODULE,PREMIUM,Premium 6 Ay Garanti,FULL_REPAIR,2700,TRY,true,telefon_profesoru,INDEPENDENT_REPAIR_SERVICE,https://telefonprofesoru.com/xiaomi-ekran-degisimi-fiyatlari/,2026-09-29,
XIAOMI,Redmi 14R,,Redmi,Redmi 14R,SCREEN_MODULE,COMPATIBLE,Standart 1 Ay Garanti,FULL_REPAIR,2050,TRY,true,telefon_profesoru,INDEPENDENT_REPAIR_SERVICE,https://telefonprofesoru.com/xiaomi-ekran-degisimi-fiyatlari/,2026-09-29,
XIAOMI,Redmi 14R,,Redmi,Redmi 14R,SCREEN_MODULE,PREMIUM,Premium 6 Ay Garanti,FULL_REPAIR,2700,TRY,true,telefon_profesoru,INDEPENDENT_REPAIR_SERVICE,https://telefonprofesoru.com/xiaomi-ekran-degisimi-fiyatlari/,2026-09-29,
XIAOMI,Redmi Note 13 Pro 4G,,Redmi Note,Redmi Note 13 Pro 4G,SCREEN_MODULE,PREMIUM,Premium 6 Ay Garanti,FULL_REPAIR,3800,TRY,true,telefon_profesoru,INDEPENDENT_REPAIR_SERVICE,https://telefonprofesoru.com/xiaomi-ekran-degisimi-fiyatlari/,2026-09-29,
XIAOMI,Redmi Note 13 Pro 4G,,Redmi Note,Redmi Note 13 Pro 4G,SCREEN_MODULE,ORIGINAL,Orijinal Ekran 6 Ay Garanti,FULL_REPAIR,6350,TRY,true,telefon_profesoru,INDEPENDENT_REPAIR_SERVICE,https://telefonprofesoru.com/xiaomi-ekran-degisimi-fiyatlari/,2026-09-29,
XIAOMI,Redmi Note 13 Pro 5G,,Redmi Note,Redmi Note 13 Pro 5G,SCREEN_MODULE,ORIGINAL,Orijinal Çıtalı 6 Ay Garanti,FULL_REPAIR,3800,TRY,true,telefon_profesoru,INDEPENDENT_REPAIR_SERVICE,https://telefonprofesoru.com/xiaomi-ekran-degisimi-fiyatlari/,2026-09-29,
XIAOMI,Redmi Note 13 Pro Plus,,Redmi Note,Redmi Note 13 Pro Plus,SCREEN_MODULE,ORIGINAL,Orijinal Çıtasız 6 Ay Garanti,FULL_REPAIR,4050,TRY,true,telefon_profesoru,INDEPENDENT_REPAIR_SERVICE,https://telefonprofesoru.com/xiaomi-ekran-degisimi-fiyatlari/,2026-09-29,
XIAOMI,Redmi Note 13 Pro Plus,,Redmi Note,Redmi Note 13 Pro Plus,SCREEN_MODULE,ORIGINAL,Orijinal Ekran 6 Ay Garanti,FULL_REPAIR,4300,TRY,true,telefon_profesoru,INDEPENDENT_REPAIR_SERVICE,https://telefonprofesoru.com/xiaomi-ekran-degisimi-fiyatlari/,2026-09-29,
XIAOMI,Redmi Note 13 4G,,Redmi Note,Redmi Note 13 4G,SCREEN_MODULE,COMPATIBLE,Standart 1 Ay Garanti,FULL_REPAIR,2050,TRY,true,telefon_profesoru,INDEPENDENT_REPAIR_SERVICE,https://telefonprofesoru.com/xiaomi-ekran-degisimi-fiyatlari/,2026-09-29,
XIAOMI,Redmi Note 13 4G,,Redmi Note,Redmi Note 13 4G,SCREEN_MODULE,PREMIUM,Premium 6 Ay Garanti,FULL_REPAIR,3800,TRY,true,telefon_profesoru,INDEPENDENT_REPAIR_SERVICE,https://telefonprofesoru.com/xiaomi-ekran-degisimi-fiyatlari/,2026-09-29,
XIAOMI,Redmi Note 13 4G,,Redmi Note,Redmi Note 13 4G,SCREEN_MODULE,ORIGINAL,Orijinal Ekran 6 Ay Garanti,FULL_REPAIR,6350,TRY,true,telefon_profesoru,INDEPENDENT_REPAIR_SERVICE,https://telefonprofesoru.com/xiaomi-ekran-degisimi-fiyatlari/,2026-09-29,
XIAOMI,Redmi 13,,Redmi,Redmi 13,SCREEN_MODULE,COMPATIBLE,Standart 1 Ay Garanti,FULL_REPAIR,2050,TRY,true,telefon_profesoru,INDEPENDENT_REPAIR_SERVICE,https://telefonprofesoru.com/xiaomi-ekran-degisimi-fiyatlari/,2026-09-29,
XIAOMI,Redmi 13,,Redmi,Redmi 13,SCREEN_MODULE,PREMIUM,Premium 6 Ay Garanti,FULL_REPAIR,2700,TRY,true,telefon_profesoru,INDEPENDENT_REPAIR_SERVICE,https://telefonprofesoru.com/xiaomi-ekran-degisimi-fiyatlari/,2026-09-29,
XIAOMI,Redmi 13 5G,,Redmi,Redmi 13 5G,SCREEN_MODULE,COMPATIBLE,Standart 1 Ay Garanti,FULL_REPAIR,2050,TRY,true,telefon_profesoru,INDEPENDENT_REPAIR_SERVICE,https://telefonprofesoru.com/xiaomi-ekran-degisimi-fiyatlari/,2026-09-29,
XIAOMI,Redmi 13 5G,,Redmi,Redmi 13 5G,SCREEN_MODULE,PREMIUM,Premium 6 Ay Garanti,FULL_REPAIR,2700,TRY,true,telefon_profesoru,INDEPENDENT_REPAIR_SERVICE,https://telefonprofesoru.com/xiaomi-ekran-degisimi-fiyatlari/,2026-09-29,
XIAOMI,Redmi 13C,,Redmi,Redmi 13C,SCREEN_MODULE,COMPATIBLE,Standart 1 Ay Garanti,FULL_REPAIR,2050,TRY,true,telefon_profesoru,INDEPENDENT_REPAIR_SERVICE,https://telefonprofesoru.com/xiaomi-ekran-degisimi-fiyatlari/,2026-09-29,
XIAOMI,Redmi 13C,,Redmi,Redmi 13C,SCREEN_MODULE,PREMIUM,Premium 6 Ay Garanti,FULL_REPAIR,2700,TRY,true,telefon_profesoru,INDEPENDENT_REPAIR_SERVICE,https://telefonprofesoru.com/xiaomi-ekran-degisimi-fiyatlari/,2026-09-29,
XIAOMI,Redmi 13C 5G,,Redmi,Redmi 13C 5G,SCREEN_MODULE,COMPATIBLE,Standart 1 Ay Garanti,FULL_REPAIR,2050,TRY,true,telefon_profesoru,INDEPENDENT_REPAIR_SERVICE,https://telefonprofesoru.com/xiaomi-ekran-degisimi-fiyatlari/,2026-09-29,
XIAOMI,Redmi 13C 5G,,Redmi,Redmi 13C 5G,SCREEN_MODULE,PREMIUM,Premium 6 Ay Garanti,FULL_REPAIR,2700,TRY,true,telefon_profesoru,INDEPENDENT_REPAIR_SERVICE,https://telefonprofesoru.com/xiaomi-ekran-degisimi-fiyatlari/,2026-09-29,
XIAOMI,Xiaomi 12 Ultra,,Mi,Xiaomi 12 Ultra,SCREEN_MODULE,ORIGINAL,Orijinal Ekran 6 Ay Garanti,FULL_REPAIR,8400,TRY,true,telefon_profesoru,INDEPENDENT_REPAIR_SERVICE,https://telefonprofesoru.com/xiaomi-ekran-degisimi-fiyatlari/,2026-09-29,
XIAOMI,Xiaomi 12 Pro,,Mi,Xiaomi 12 Pro,SCREEN_MODULE,ORIGINAL,Orijinal Ekran 6 Ay Garanti,FULL_REPAIR,8400,TRY,true,telefon_profesoru,INDEPENDENT_REPAIR_SERVICE,https://telefonprofesoru.com/xiaomi-ekran-degisimi-fiyatlari/,2026-09-29,
XIAOMI,Xiaomi 12T Pro,,Mi,Xiaomi 12T Pro,SCREEN_MODULE,ORIGINAL,Orijinal Ekran 6 Ay Garanti,FULL_REPAIR,4300,TRY,true,telefon_profesoru,INDEPENDENT_REPAIR_SERVICE,https://telefonprofesoru.com/xiaomi-ekran-degisimi-fiyatlari/,2026-09-29,
XIAOMI,Xiaomi 12,,Mi,Xiaomi 12,SCREEN_MODULE,ORIGINAL,Orijinal Ekran 6 Ay Garanti,FULL_REPAIR,5650,TRY,true,telefon_profesoru,INDEPENDENT_REPAIR_SERVICE,https://telefonprofesoru.com/xiaomi-ekran-degisimi-fiyatlari/,2026-09-29,
XIAOMI,Xiaomi 12S,,Mi,Xiaomi 12S,SCREEN_MODULE,ORIGINAL,Orijinal Ekran 6 Ay Garanti,FULL_REPAIR,8400,TRY,true,telefon_profesoru,INDEPENDENT_REPAIR_SERVICE,https://telefonprofesoru.com/xiaomi-ekran-degisimi-fiyatlari/,2026-09-29,
XIAOMI,Xiaomi 12T,,Mi,Xiaomi 12T,SCREEN_MODULE,ORIGINAL,Orijinal Çıtasız 6 Ay Garanti,FULL_REPAIR,3800,TRY,true,telefon_profesoru,INDEPENDENT_REPAIR_SERVICE,https://telefonprofesoru.com/xiaomi-ekran-degisimi-fiyatlari/,2026-09-29,
XIAOMI,Xiaomi 12T,,Mi,Xiaomi 12T,SCREEN_MODULE,ORIGINAL,Orijinal Çıtalı 6 Ay Garanti,FULL_REPAIR,4050,TRY,true,telefon_profesoru,INDEPENDENT_REPAIR_SERVICE,https://telefonprofesoru.com/xiaomi-ekran-degisimi-fiyatlari/,2026-09-29,
XIAOMI,Xiaomi 12 Lite,,Mi,Xiaomi 12 Lite,SCREEN_MODULE,ORIGINAL,Orijinal Ekran 6 Ay Garanti,FULL_REPAIR,4050,TRY,true,telefon_profesoru,INDEPENDENT_REPAIR_SERVICE,https://telefonprofesoru.com/xiaomi-ekran-degisimi-fiyatlari/,2026-09-29,
XIAOMI,Redmi Note 12 Pro 4G,,Redmi Note,Redmi Note 12 Pro 4G,SCREEN_MODULE,COMPATIBLE,Standart 1 Ay Garanti,FULL_REPAIR,2050,TRY,true,telefon_profesoru,INDEPENDENT_REPAIR_SERVICE,https://telefonprofesoru.com/xiaomi-ekran-degisimi-fiyatlari/,2026-09-29,
XIAOMI,Redmi Note 12 Pro 4G,,Redmi Note,Redmi Note 12 Pro 4G,SCREEN_MODULE,PREMIUM,Premium 6 Ay Garanti,FULL_REPAIR,3800,TRY,true,telefon_profesoru,INDEPENDENT_REPAIR_SERVICE,https://telefonprofesoru.com/xiaomi-ekran-degisimi-fiyatlari/,2026-09-29,
XIAOMI,Redmi Note 12 Pro 4G,,Redmi Note,Redmi Note 12 Pro 4G,SCREEN_MODULE,ORIGINAL,Orijinal Ekran 6 Ay Garanti,FULL_REPAIR,6350,TRY,true,telefon_profesoru,INDEPENDENT_REPAIR_SERVICE,https://telefonprofesoru.com/xiaomi-ekran-degisimi-fiyatlari/,2026-09-29,
XIAOMI,Redmi Note 12 Pro 5G,,Redmi Note,Redmi Note 12 Pro 5G,SCREEN_MODULE,ORIGINAL,Orijinal Ekran 6 Ay Garanti,FULL_REPAIR,3800,TRY,true,telefon_profesoru,INDEPENDENT_REPAIR_SERVICE,https://telefonprofesoru.com/xiaomi-ekran-degisimi-fiyatlari/,2026-09-29,
XIAOMI,Redmi Note 12 Pro Plus 5G,,Redmi Note,Redmi Note 12 Pro Plus 5G,SCREEN_MODULE,ORIGINAL,Orijinal Ekran 6 Ay Garanti,FULL_REPAIR,3700,TRY,true,telefon_profesoru,INDEPENDENT_REPAIR_SERVICE,https://telefonprofesoru.com/xiaomi-ekran-degisimi-fiyatlari/,2026-09-29,
XIAOMI,Redmi Note 12,,Redmi Note,Redmi Note 12,SCREEN_MODULE,ORIGINAL,Orijinal Çıtalı 6 Ay Garanti,FULL_REPAIR,5650,TRY,true,telefon_profesoru,INDEPENDENT_REPAIR_SERVICE,https://telefonprofesoru.com/xiaomi-ekran-degisimi-fiyatlari/,2026-09-29,
XIAOMI,Redmi Note 12 4G,,Redmi Note,Redmi Note 12 4G,SCREEN_MODULE,ORIGINAL,Orijinal Ekran 6 Ay Garanti,FULL_REPAIR,5650,TRY,true,telefon_profesoru,INDEPENDENT_REPAIR_SERVICE,https://telefonprofesoru.com/xiaomi-ekran-degisimi-fiyatlari/,2026-09-29,
XIAOMI,Redmi Note 12 5G,,Redmi Note,Redmi Note 12 5G,SCREEN_MODULE,ORIGINAL,Orijinal Ekran 6 Ay Garanti,FULL_REPAIR,6100,TRY,true,telefon_profesoru,INDEPENDENT_REPAIR_SERVICE,https://telefonprofesoru.com/xiaomi-ekran-degisimi-fiyatlari/,2026-09-29,
XIAOMI,Redmi Note 12 Turbo,,Redmi Note,Redmi Note 12 Turbo,SCREEN_MODULE,ORIGINAL,Orijinal Ekran 6 Ay Garanti,FULL_REPAIR,5650,TRY,true,telefon_profesoru,INDEPENDENT_REPAIR_SERVICE,https://telefonprofesoru.com/xiaomi-ekran-degisimi-fiyatlari/,2026-09-29,
XIAOMI,Redmi Note 12S,,Redmi Note,Redmi Note 12S,SCREEN_MODULE,ORIGINAL,Orijinal Ekran 6 Ay Garanti,FULL_REPAIR,4800,TRY,true,telefon_profesoru,INDEPENDENT_REPAIR_SERVICE,https://telefonprofesoru.com/xiaomi-ekran-degisimi-fiyatlari/,2026-09-29,
XIAOMI,Redmi 12,,Redmi,Redmi 12,SCREEN_MODULE,COMPATIBLE,Standart 1 Ay Garanti,FULL_REPAIR,2050,TRY,true,telefon_profesoru,INDEPENDENT_REPAIR_SERVICE,https://telefonprofesoru.com/xiaomi-ekran-degisimi-fiyatlari/,2026-09-29,
XIAOMI,Redmi 12,,Redmi,Redmi 12,SCREEN_MODULE,PREMIUM,Premium 6 Ay Garanti,FULL_REPAIR,2700,TRY,true,telefon_profesoru,INDEPENDENT_REPAIR_SERVICE,https://telefonprofesoru.com/xiaomi-ekran-degisimi-fiyatlari/,2026-09-29,
XIAOMI,Redmi 12 5G,,Redmi,Redmi 12 5G,SCREEN_MODULE,COMPATIBLE,Standart 1 Ay Garanti,FULL_REPAIR,2050,TRY,true,telefon_profesoru,INDEPENDENT_REPAIR_SERVICE,https://telefonprofesoru.com/xiaomi-ekran-degisimi-fiyatlari/,2026-09-29,
XIAOMI,Redmi 12 5G,,Redmi,Redmi 12 5G,SCREEN_MODULE,PREMIUM,Premium 6 Ay Garanti,FULL_REPAIR,2700,TRY,true,telefon_profesoru,INDEPENDENT_REPAIR_SERVICE,https://telefonprofesoru.com/xiaomi-ekran-degisimi-fiyatlari/,2026-09-29,
XIAOMI,Redmi 12C,,Redmi,Redmi 12C,SCREEN_MODULE,COMPATIBLE,Standart 1 Ay Garanti,FULL_REPAIR,2050,TRY,true,telefon_profesoru,INDEPENDENT_REPAIR_SERVICE,https://telefonprofesoru.com/xiaomi-ekran-degisimi-fiyatlari/,2026-09-29,
XIAOMI,Redmi 12C,,Redmi,Redmi 12C,SCREEN_MODULE,PREMIUM,Premium 6 Ay Garanti,FULL_REPAIR,2700,TRY,true,telefon_profesoru,INDEPENDENT_REPAIR_SERVICE,https://telefonprofesoru.com/xiaomi-ekran-degisimi-fiyatlari/,2026-09-29,
XIAOMI,Mi 11 Ultra,,Mi,Mi 11 Ultra,SCREEN_MODULE,ORIGINAL,Orijinal Ekran 6 Ay Garanti,FULL_REPAIR,6350,TRY,true,telefon_profesoru,INDEPENDENT_REPAIR_SERVICE,https://telefonprofesoru.com/xiaomi-ekran-degisimi-fiyatlari/,2026-09-29,
XIAOMI,Mi 11,,Mi,Mi 11,SCREEN_MODULE,ORIGINAL,Orijinal Ekran 6 Ay Garanti,FULL_REPAIR,8400,TRY,true,telefon_profesoru,INDEPENDENT_REPAIR_SERVICE,https://telefonprofesoru.com/xiaomi-ekran-degisimi-fiyatlari/,2026-09-29,
XIAOMI,Mi 11T,,Mi,Mi 11T,SCREEN_MODULE,ORIGINAL,Orijinal Ekran 6 Ay Garanti,FULL_REPAIR,4050,TRY,true,telefon_profesoru,INDEPENDENT_REPAIR_SERVICE,https://telefonprofesoru.com/xiaomi-ekran-degisimi-fiyatlari/,2026-09-29,
XIAOMI,Mi 11 Lite,,Mi,Mi 11 Lite,SCREEN_MODULE,ORIGINAL,Orijinal Ekran 6 Ay Garanti,FULL_REPAIR,3800,TRY,true,telefon_profesoru,INDEPENDENT_REPAIR_SERVICE,https://telefonprofesoru.com/xiaomi-ekran-degisimi-fiyatlari/,2026-09-29,
XIAOMI,Mi 11 Lite 4G,,Mi,Mi 11 Lite 4G,SCREEN_MODULE,ORIGINAL,Orijinal Ekran 6 Ay Garanti,FULL_REPAIR,4050,TRY,true,telefon_profesoru,INDEPENDENT_REPAIR_SERVICE,https://telefonprofesoru.com/xiaomi-ekran-degisimi-fiyatlari/,2026-09-29,
XIAOMI,Mi 11 Lite 5G,,Mi,Mi 11 Lite 5G,SCREEN_MODULE,ORIGINAL,Orijinal Ekran 6 Ay Garanti,FULL_REPAIR,4050,TRY,true,telefon_profesoru,INDEPENDENT_REPAIR_SERVICE,https://telefonprofesoru.com/xiaomi-ekran-degisimi-fiyatlari/,2026-09-29,
XIAOMI,Mi 11 Lite 5G NE,,Mi,Mi 11 Lite 5G NE,SCREEN_MODULE,ORIGINAL,Orijinal Ekran 6 Ay Garanti,FULL_REPAIR,3800,TRY,true,telefon_profesoru,INDEPENDENT_REPAIR_SERVICE,https://telefonprofesoru.com/xiaomi-ekran-degisimi-fiyatlari/,2026-09-29,
XIAOMI,Redmi Note 11 Pro,,Redmi Note,Redmi Note 11 Pro,SCREEN_MODULE,COMPATIBLE,Standart 1 Ay Garanti,FULL_REPAIR,2050,TRY,true,telefon_profesoru,INDEPENDENT_REPAIR_SERVICE,https://telefonprofesoru.com/xiaomi-ekran-degisimi-fiyatlari/,2026-09-29,
XIAOMI,Redmi Note 11 Pro,,Redmi Note,Redmi Note 11 Pro,SCREEN_MODULE,PREMIUM,Premium 6 Ay Garanti,FULL_REPAIR,3800,TRY,true,telefon_profesoru,INDEPENDENT_REPAIR_SERVICE,https://telefonprofesoru.com/xiaomi-ekran-degisimi-fiyatlari/,2026-09-29,
XIAOMI,Redmi Note 11 Pro,,Redmi Note,Redmi Note 11 Pro,SCREEN_MODULE,ORIGINAL,Orijinal Çıtalı 6 Ay Garanti,FULL_REPAIR,5650,TRY,true,telefon_profesoru,INDEPENDENT_REPAIR_SERVICE,https://telefonprofesoru.com/xiaomi-ekran-degisimi-fiyatlari/,2026-09-29,
XIAOMI,Redmi Note 11 Pro,,Redmi Note,Redmi Note 11 Pro,SCREEN_MODULE,ORIGINAL,Orijinal Ekran 6 Ay Garanti,FULL_REPAIR,4800,TRY,true,telefon_profesoru,INDEPENDENT_REPAIR_SERVICE,https://telefonprofesoru.com/xiaomi-ekran-degisimi-fiyatlari/,2026-09-29,
XIAOMI,Redmi Note 11 Pro,,Redmi Note,Redmi Note 11 Pro,SCREEN_MODULE,REFURBISHED,Yenilenmiş Orijinal 6 Ay Garanti,FULL_REPAIR,6350,TRY,true,telefon_profesoru,INDEPENDENT_REPAIR_SERVICE,https://telefonprofesoru.com/xiaomi-ekran-degisimi-fiyatlari/,2026-09-29,
XIAOMI,Redmi Note 11 Pro 5G,,Redmi Note,Redmi Note 11 Pro 5G,SCREEN_MODULE,COMPATIBLE,Standart 1 Ay Garanti,FULL_REPAIR,2050,TRY,true,telefon_profesoru,INDEPENDENT_REPAIR_SERVICE,https://telefonprofesoru.com/xiaomi-ekran-degisimi-fiyatlari/,2026-09-29,
XIAOMI,Redmi Note 11 Pro 5G,,Redmi Note,Redmi Note 11 Pro 5G,SCREEN_MODULE,PREMIUM,Premium 6 Ay Garanti,FULL_REPAIR,3800,TRY,true,telefon_profesoru,INDEPENDENT_REPAIR_SERVICE,https://telefonprofesoru.com/xiaomi-ekran-degisimi-fiyatlari/,2026-09-29,
XIAOMI,Redmi Note 11 Pro 5G,,Redmi Note,Redmi Note 11 Pro 5G,SCREEN_MODULE,ORIGINAL,Orijinal Ekran 6 Ay Garanti,FULL_REPAIR,6350,TRY,true,telefon_profesoru,INDEPENDENT_REPAIR_SERVICE,https://telefonprofesoru.com/xiaomi-ekran-degisimi-fiyatlari/,2026-09-29,
XIAOMI,Redmi Note 11 Pro Plus,,Redmi Note,Redmi Note 11 Pro Plus,SCREEN_MODULE,COMPATIBLE,Standart 1 Ay Garanti,FULL_REPAIR,2050,TRY,true,telefon_profesoru,INDEPENDENT_REPAIR_SERVICE,https://telefonprofesoru.com/xiaomi-ekran-degisimi-fiyatlari/,2026-09-29,
XIAOMI,Redmi Note 11 Pro Plus,,Redmi Note,Redmi Note 11 Pro Plus,SCREEN_MODULE,PREMIUM,Premium 6 Ay Garanti,FULL_REPAIR,3800,TRY,true,telefon_profesoru,INDEPENDENT_REPAIR_SERVICE,https://telefonprofesoru.com/xiaomi-ekran-degisimi-fiyatlari/,2026-09-29,
XIAOMI,Redmi Note 11 Pro Plus,,Redmi Note,Redmi Note 11 Pro Plus,SCREEN_MODULE,ORIGINAL,Orijinal Ekran 6 Ay Garanti,FULL_REPAIR,6100,TRY,true,telefon_profesoru,INDEPENDENT_REPAIR_SERVICE,https://telefonprofesoru.com/xiaomi-ekran-degisimi-fiyatlari/,2026-09-29,
XIAOMI,Redmi Note 11,,Redmi Note,Redmi Note 11,SCREEN_MODULE,ORIGINAL,Orijinal Ekran 6 Ay Garanti,FULL_REPAIR,5850,TRY,true,telefon_profesoru,INDEPENDENT_REPAIR_SERVICE,https://telefonprofesoru.com/xiaomi-ekran-degisimi-fiyatlari/,2026-09-29,
XIAOMI,Redmi Note 11E,,Redmi Note,Redmi Note 11E,SCREEN_MODULE,COMPATIBLE,Standart 1 Ay Garanti,FULL_REPAIR,2050,TRY,true,telefon_profesoru,INDEPENDENT_REPAIR_SERVICE,https://telefonprofesoru.com/xiaomi-ekran-degisimi-fiyatlari/,2026-09-29,
XIAOMI,Redmi Note 11E,,Redmi Note,Redmi Note 11E,SCREEN_MODULE,PREMIUM,Premium 6 Ay Garanti,FULL_REPAIR,2700,TRY,true,telefon_profesoru,INDEPENDENT_REPAIR_SERVICE,https://telefonprofesoru.com/xiaomi-ekran-degisimi-fiyatlari/,2026-09-29,
XIAOMI,Redmi Note 11R,,Redmi Note,Redmi Note 11R,SCREEN_MODULE,COMPATIBLE,Standart 1 Ay Garanti,FULL_REPAIR,2050,TRY,true,telefon_profesoru,INDEPENDENT_REPAIR_SERVICE,https://telefonprofesoru.com/xiaomi-ekran-degisimi-fiyatlari/,2026-09-29,
XIAOMI,Redmi Note 11R,,Redmi Note,Redmi Note 11R,SCREEN_MODULE,PREMIUM,Premium 6 Ay Garanti,FULL_REPAIR,2700,TRY,true,telefon_profesoru,INDEPENDENT_REPAIR_SERVICE,https://telefonprofesoru.com/xiaomi-ekran-degisimi-fiyatlari/,2026-09-29,
XIAOMI,Redmi Note 11S,,Redmi Note,Redmi Note 11S,SCREEN_MODULE,ORIGINAL,Orijinal Ekran 6 Ay Garanti,FULL_REPAIR,4800,TRY,true,telefon_profesoru,INDEPENDENT_REPAIR_SERVICE,https://telefonprofesoru.com/xiaomi-ekran-degisimi-fiyatlari/,2026-09-29,
XIAOMI,Redmi Note 10 Pro,,Redmi Note,Redmi Note 10 Pro,SCREEN_MODULE,COMPATIBLE,Standart 1 Ay Garanti,FULL_REPAIR,2050,TRY,true,telefon_profesoru,INDEPENDENT_REPAIR_SERVICE,https://telefonprofesoru.com/xiaomi-ekran-degisimi-fiyatlari/,2026-09-29,
XIAOMI,Redmi Note 10 Pro,,Redmi Note,Redmi Note 10 Pro,SCREEN_MODULE,PREMIUM,Premium 6 Ay Garanti,FULL_REPAIR,3550,TRY,true,telefon_profesoru,INDEPENDENT_REPAIR_SERVICE,https://telefonprofesoru.com/xiaomi-ekran-degisimi-fiyatlari/,2026-09-29,
XIAOMI,Redmi Note 10 Pro,,Redmi Note,Redmi Note 10 Pro,SCREEN_MODULE,ORIGINAL,Orijinal Ekran 6 Ay Garanti,FULL_REPAIR,5650,TRY,true,telefon_profesoru,INDEPENDENT_REPAIR_SERVICE,https://telefonprofesoru.com/xiaomi-ekran-degisimi-fiyatlari/,2026-09-29,
XIAOMI,Redmi Note 10 Pro 5G,,Redmi Note,Redmi Note 10 Pro 5G,SCREEN_MODULE,COMPATIBLE,Standart 1 Ay Garanti,FULL_REPAIR,2050,TRY,true,telefon_profesoru,INDEPENDENT_REPAIR_SERVICE,https://telefonprofesoru.com/xiaomi-ekran-degisimi-fiyatlari/,2026-09-29,
XIAOMI,Redmi Note 10 Pro 5G,,Redmi Note,Redmi Note 10 Pro 5G,SCREEN_MODULE,PREMIUM,Premium 6 Ay Garanti,FULL_REPAIR,3550,TRY,true,telefon_profesoru,INDEPENDENT_REPAIR_SERVICE,https://telefonprofesoru.com/xiaomi-ekran-degisimi-fiyatlari/,2026-09-29,
XIAOMI,Redmi Note 10 Pro 5G,,Redmi Note,Redmi Note 10 Pro 5G,SCREEN_MODULE,ORIGINAL,Orijinal Ekran 6 Ay Garanti,FULL_REPAIR,4800,TRY,true,telefon_profesoru,INDEPENDENT_REPAIR_SERVICE,https://telefonprofesoru.com/xiaomi-ekran-degisimi-fiyatlari/,2026-09-29,
XIAOMI,Redmi Note 10,,Redmi Note,Redmi Note 10,SCREEN_MODULE,COMPATIBLE,Standart 1 Ay Garanti,FULL_REPAIR,2050,TRY,true,telefon_profesoru,INDEPENDENT_REPAIR_SERVICE,https://telefonprofesoru.com/xiaomi-ekran-degisimi-fiyatlari/,2026-09-29,
XIAOMI,Redmi Note 10,,Redmi Note,Redmi Note 10,SCREEN_MODULE,PREMIUM,Premium 6 Ay Garanti,FULL_REPAIR,3550,TRY,true,telefon_profesoru,INDEPENDENT_REPAIR_SERVICE,https://telefonprofesoru.com/xiaomi-ekran-degisimi-fiyatlari/,2026-09-29,
XIAOMI,Redmi Note 10,,Redmi Note,Redmi Note 10,SCREEN_MODULE,ORIGINAL,Orijinal Ekran 6 Ay Garanti,FULL_REPAIR,4800,TRY,true,telefon_profesoru,INDEPENDENT_REPAIR_SERVICE,https://telefonprofesoru.com/xiaomi-ekran-degisimi-fiyatlari/,2026-09-29,
XIAOMI,Redmi Note 10 5G,,Redmi Note,Redmi Note 10 5G,SCREEN_MODULE,COMPATIBLE,Standart 1 Ay Garanti,FULL_REPAIR,2050,TRY,true,telefon_profesoru,INDEPENDENT_REPAIR_SERVICE,https://telefonprofesoru.com/xiaomi-ekran-degisimi-fiyatlari/,2026-09-29,
XIAOMI,Redmi Note 10 5G,,Redmi Note,Redmi Note 10 5G,SCREEN_MODULE,PREMIUM,Premium 6 Ay Garanti,FULL_REPAIR,2700,TRY,true,telefon_profesoru,INDEPENDENT_REPAIR_SERVICE,https://telefonprofesoru.com/xiaomi-ekran-degisimi-fiyatlari/,2026-09-29,
XIAOMI,Redmi Note 10S,,Redmi Note,Redmi Note 10S,SCREEN_MODULE,COMPATIBLE,Standart 1 Ay Garanti,FULL_REPAIR,2050,TRY,true,telefon_profesoru,INDEPENDENT_REPAIR_SERVICE,https://telefonprofesoru.com/xiaomi-ekran-degisimi-fiyatlari/,2026-09-29,
XIAOMI,Redmi Note 10S,,Redmi Note,Redmi Note 10S,SCREEN_MODULE,PREMIUM,Premium 6 Ay Garanti,FULL_REPAIR,3550,TRY,true,telefon_profesoru,INDEPENDENT_REPAIR_SERVICE,https://telefonprofesoru.com/xiaomi-ekran-degisimi-fiyatlari/,2026-09-29,
XIAOMI,Redmi Note 10S,,Redmi Note,Redmi Note 10S,SCREEN_MODULE,ORIGINAL,Orijinal Ekran 6 Ay Garanti,FULL_REPAIR,4800,TRY,true,telefon_profesoru,INDEPENDENT_REPAIR_SERVICE,https://telefonprofesoru.com/xiaomi-ekran-degisimi-fiyatlari/,2026-09-29,
XIAOMI,Redmi Note 10S 4G,,Redmi Note,Redmi Note 10S 4G,SCREEN_MODULE,COMPATIBLE,Standart 1 Ay Garanti,FULL_REPAIR,2050,TRY,true,telefon_profesoru,INDEPENDENT_REPAIR_SERVICE,https://telefonprofesoru.com/xiaomi-ekran-degisimi-fiyatlari/,2026-09-29,
XIAOMI,Redmi Note 10S 4G,,Redmi Note,Redmi Note 10S 4G,SCREEN_MODULE,PREMIUM,Premium 6 Ay Garanti,FULL_REPAIR,2750,TRY,true,telefon_profesoru,INDEPENDENT_REPAIR_SERVICE,https://telefonprofesoru.com/xiaomi-ekran-degisimi-fiyatlari/,2026-09-29,
XIAOMI,Redmi Note 10S 4G,,Redmi Note,Redmi Note 10S 4G,SCREEN_MODULE,ORIGINAL,Orijinal Ekran 6 Ay Garanti,FULL_REPAIR,4550,TRY,true,telefon_profesoru,INDEPENDENT_REPAIR_SERVICE,https://telefonprofesoru.com/xiaomi-ekran-degisimi-fiyatlari/,2026-09-29,
XIAOMI,Redmi K70E,,Redmi,Redmi K70E,OUTER_SCREEN,UNKNOWN,Ön Cam 6 Ay Garanti,FULL_REPAIR,2500,TRY,true,telefon_profesoru,INDEPENDENT_REPAIR_SERVICE,https://telefonprofesoru.com/xiaomi-on-cam-degisimi-fiyatlari/,2026-09-29,tek katmanlı sütun; kaynak kalite etiketi yok
XIAOMI,Redmi K60 Pro,,Redmi,Redmi K60 Pro,OUTER_SCREEN,UNKNOWN,Ön Cam 6 Ay Garanti,FULL_REPAIR,2500,TRY,true,telefon_profesoru,INDEPENDENT_REPAIR_SERVICE,https://telefonprofesoru.com/xiaomi-on-cam-degisimi-fiyatlari/,2026-09-29,tek katmanlı sütun; kaynak kalite etiketi yok
XIAOMI,Redmi K60,,Redmi,Redmi K60,OUTER_SCREEN,UNKNOWN,Ön Cam 6 Ay Garanti,FULL_REPAIR,2500,TRY,true,telefon_profesoru,INDEPENDENT_REPAIR_SERVICE,https://telefonprofesoru.com/xiaomi-on-cam-degisimi-fiyatlari/,2026-09-29,tek katmanlı sütun; kaynak kalite etiketi yok
XIAOMI,Redmi K50 Gaming,,Redmi,Redmi K50 Gaming,OUTER_SCREEN,UNKNOWN,Ön Cam 6 Ay Garanti,FULL_REPAIR,2500,TRY,true,telefon_profesoru,INDEPENDENT_REPAIR_SERVICE,https://telefonprofesoru.com/xiaomi-on-cam-degisimi-fiyatlari/,2026-09-29,tek katmanlı sütun; kaynak kalite etiketi yok
XIAOMI,Redmi K40 Pro,,Redmi,Redmi K40 Pro,OUTER_SCREEN,UNKNOWN,Ön Cam 6 Ay Garanti,FULL_REPAIR,2500,TRY,true,telefon_profesoru,INDEPENDENT_REPAIR_SERVICE,https://telefonprofesoru.com/xiaomi-on-cam-degisimi-fiyatlari/,2026-09-29,tek katmanlı sütun; kaynak kalite etiketi yok
XIAOMI,Redmi K40,,Redmi,Redmi K40,OUTER_SCREEN,UNKNOWN,Ön Cam 6 Ay Garanti,FULL_REPAIR,2500,TRY,true,telefon_profesoru,INDEPENDENT_REPAIR_SERVICE,https://telefonprofesoru.com/xiaomi-on-cam-degisimi-fiyatlari/,2026-09-29,tek katmanlı sütun; kaynak kalite etiketi yok
XIAOMI,Redmi K40 Gaming,,Redmi,Redmi K40 Gaming,OUTER_SCREEN,UNKNOWN,Ön Cam 6 Ay Garanti,FULL_REPAIR,2500,TRY,true,telefon_profesoru,INDEPENDENT_REPAIR_SERVICE,https://telefonprofesoru.com/xiaomi-on-cam-degisimi-fiyatlari/,2026-09-29,tek katmanlı sütun; kaynak kalite etiketi yok
XIAOMI,Xiaomi 13 Ultra,,Mi,Xiaomi 13 Ultra,OUTER_SCREEN,UNKNOWN,Ön Cam 6 Ay Garanti,FULL_REPAIR,4700,TRY,true,telefon_profesoru,INDEPENDENT_REPAIR_SERVICE,https://telefonprofesoru.com/xiaomi-on-cam-degisimi-fiyatlari/,2026-09-29,tek katmanlı sütun; kaynak kalite etiketi yok
XIAOMI,Xiaomi 13 Pro,,Mi,Xiaomi 13 Pro,OUTER_SCREEN,UNKNOWN,Ön Cam 6 Ay Garanti,FULL_REPAIR,4300,TRY,true,telefon_profesoru,INDEPENDENT_REPAIR_SERVICE,https://telefonprofesoru.com/xiaomi-on-cam-degisimi-fiyatlari/,2026-09-29,tek katmanlı sütun; kaynak kalite etiketi yok
XIAOMI,Xiaomi 13T Pro,,Mi,Xiaomi 13T Pro,OUTER_SCREEN,UNKNOWN,Ön Cam 6 Ay Garanti,FULL_REPAIR,4300,TRY,true,telefon_profesoru,INDEPENDENT_REPAIR_SERVICE,https://telefonprofesoru.com/xiaomi-on-cam-degisimi-fiyatlari/,2026-09-29,tek katmanlı sütun; kaynak kalite etiketi yok
XIAOMI,Xiaomi 13,,Mi,Xiaomi 13,OUTER_SCREEN,UNKNOWN,Ön Cam 6 Ay Garanti,FULL_REPAIR,2000,TRY,true,telefon_profesoru,INDEPENDENT_REPAIR_SERVICE,https://telefonprofesoru.com/xiaomi-on-cam-degisimi-fiyatlari/,2026-09-29,tek katmanlı sütun; kaynak kalite etiketi yok
XIAOMI,Xiaomi 13T,,Mi,Xiaomi 13T,OUTER_SCREEN,UNKNOWN,Ön Cam 6 Ay Garanti,FULL_REPAIR,2700,TRY,true,telefon_profesoru,INDEPENDENT_REPAIR_SERVICE,https://telefonprofesoru.com/xiaomi-on-cam-degisimi-fiyatlari/,2026-09-29,tek katmanlı sütun; kaynak kalite etiketi yok
XIAOMI,Xiaomi 13 Lite,,Mi,Xiaomi 13 Lite,OUTER_SCREEN,UNKNOWN,Ön Cam 6 Ay Garanti,FULL_REPAIR,2500,TRY,true,telefon_profesoru,INDEPENDENT_REPAIR_SERVICE,https://telefonprofesoru.com/xiaomi-on-cam-degisimi-fiyatlari/,2026-09-29,tek katmanlı sütun; kaynak kalite etiketi yok
XIAOMI,Redmi Note 13 Pro 4G,,Redmi Note,Redmi Note 13 Pro 4G,OUTER_SCREEN,UNKNOWN,Ön Cam 6 Ay Garanti,FULL_REPAIR,2700,TRY,true,telefon_profesoru,INDEPENDENT_REPAIR_SERVICE,https://telefonprofesoru.com/xiaomi-on-cam-degisimi-fiyatlari/,2026-09-29,tek katmanlı sütun; kaynak kalite etiketi yok
XIAOMI,Redmi Note 13 Pro 5G,,Redmi Note,Redmi Note 13 Pro 5G,OUTER_SCREEN,UNKNOWN,Ön Cam 6 Ay Garanti,FULL_REPAIR,2700,TRY,true,telefon_profesoru,INDEPENDENT_REPAIR_SERVICE,https://telefonprofesoru.com/xiaomi-on-cam-degisimi-fiyatlari/,2026-09-29,tek katmanlı sütun; kaynak kalite etiketi yok
XIAOMI,Redmi Note 13 Pro Plus,,Redmi Note,Redmi Note 13 Pro Plus,OUTER_SCREEN,UNKNOWN,Ön Cam 6 Ay Garanti,FULL_REPAIR,3900,TRY,true,telefon_profesoru,INDEPENDENT_REPAIR_SERVICE,https://telefonprofesoru.com/xiaomi-on-cam-degisimi-fiyatlari/,2026-09-29,tek katmanlı sütun; kaynak kalite etiketi yok
XIAOMI,Redmi Note 13,,Redmi Note,Redmi Note 13,OUTER_SCREEN,UNKNOWN,Ön Cam 6 Ay Garanti,FULL_REPAIR,2000,TRY,true,telefon_profesoru,INDEPENDENT_REPAIR_SERVICE,https://telefonprofesoru.com/xiaomi-on-cam-degisimi-fiyatlari/,2026-09-29,tek katmanlı sütun; kaynak kalite etiketi yok
XIAOMI,Redmi Note 13 4G,,Redmi Note,Redmi Note 13 4G,OUTER_SCREEN,UNKNOWN,Ön Cam 6 Ay Garanti,FULL_REPAIR,2000,TRY,true,telefon_profesoru,INDEPENDENT_REPAIR_SERVICE,https://telefonprofesoru.com/xiaomi-on-cam-degisimi-fiyatlari/,2026-09-29,tek katmanlı sütun; kaynak kalite etiketi yok
XIAOMI,Redmi Note 13R,,Redmi Note,Redmi Note 13R,OUTER_SCREEN,UNKNOWN,Ön Cam 6 Ay Garanti,FULL_REPAIR,2000,TRY,true,telefon_profesoru,INDEPENDENT_REPAIR_SERVICE,https://telefonprofesoru.com/xiaomi-on-cam-degisimi-fiyatlari/,2026-09-29,tek katmanlı sütun; kaynak kalite etiketi yok
XIAOMI,Redmi 13,,Redmi,Redmi 13,OUTER_SCREEN,UNKNOWN,Ön Cam 6 Ay Garanti,FULL_REPAIR,2000,TRY,true,telefon_profesoru,INDEPENDENT_REPAIR_SERVICE,https://telefonprofesoru.com/xiaomi-on-cam-degisimi-fiyatlari/,2026-09-29,tek katmanlı sütun; kaynak kalite etiketi yok
XIAOMI,Redmi 13 5G,,Redmi,Redmi 13 5G,OUTER_SCREEN,UNKNOWN,Ön Cam 6 Ay Garanti,FULL_REPAIR,2000,TRY,true,telefon_profesoru,INDEPENDENT_REPAIR_SERVICE,https://telefonprofesoru.com/xiaomi-on-cam-degisimi-fiyatlari/,2026-09-29,tek katmanlı sütun; kaynak kalite etiketi yok
XIAOMI,Redmi 13C,,Redmi,Redmi 13C,OUTER_SCREEN,UNKNOWN,Ön Cam 6 Ay Garanti,FULL_REPAIR,2000,TRY,true,telefon_profesoru,INDEPENDENT_REPAIR_SERVICE,https://telefonprofesoru.com/xiaomi-on-cam-degisimi-fiyatlari/,2026-09-29,tek katmanlı sütun; kaynak kalite etiketi yok
XIAOMI,Redmi 13C 5G,,Redmi,Redmi 13C 5G,OUTER_SCREEN,UNKNOWN,Ön Cam 6 Ay Garanti,FULL_REPAIR,2000,TRY,true,telefon_profesoru,INDEPENDENT_REPAIR_SERVICE,https://telefonprofesoru.com/xiaomi-on-cam-degisimi-fiyatlari/,2026-09-29,tek katmanlı sütun; kaynak kalite etiketi yok
XIAOMI,Xiaomi 12 Ultra,,Mi,Xiaomi 12 Ultra,OUTER_SCREEN,UNKNOWN,Ön Cam 6 Ay Garanti,FULL_REPAIR,4300,TRY,true,telefon_profesoru,INDEPENDENT_REPAIR_SERVICE,https://telefonprofesoru.com/xiaomi-on-cam-degisimi-fiyatlari/,2026-09-29,tek katmanlı sütun; kaynak kalite etiketi yok
XIAOMI,Xiaomi 12 Pro,,Mi,Xiaomi 12 Pro,OUTER_SCREEN,UNKNOWN,Ön Cam 6 Ay Garanti,FULL_REPAIR,3300,TRY,true,telefon_profesoru,INDEPENDENT_REPAIR_SERVICE,https://telefonprofesoru.com/xiaomi-on-cam-degisimi-fiyatlari/,2026-09-29,tek katmanlı sütun; kaynak kalite etiketi yok
XIAOMI,Xiaomi 12T Pro,,Mi,Xiaomi 12T Pro,OUTER_SCREEN,UNKNOWN,Ön Cam 6 Ay Garanti,FULL_REPAIR,3300,TRY,true,telefon_profesoru,INDEPENDENT_REPAIR_SERVICE,https://telefonprofesoru.com/xiaomi-on-cam-degisimi-fiyatlari/,2026-09-29,tek katmanlı sütun; kaynak kalite etiketi yok
XIAOMI,Xiaomi 12,,Mi,Xiaomi 12,OUTER_SCREEN,UNKNOWN,Ön Cam 6 Ay Garanti,FULL_REPAIR,2700,TRY,true,telefon_profesoru,INDEPENDENT_REPAIR_SERVICE,https://telefonprofesoru.com/xiaomi-on-cam-degisimi-fiyatlari/,2026-09-29,tek katmanlı sütun; kaynak kalite etiketi yok
XIAOMI,Xiaomi 12S,,Mi,Xiaomi 12S,OUTER_SCREEN,UNKNOWN,Ön Cam 6 Ay Garanti,FULL_REPAIR,2700,TRY,true,telefon_profesoru,INDEPENDENT_REPAIR_SERVICE,https://telefonprofesoru.com/xiaomi-on-cam-degisimi-fiyatlari/,2026-09-29,tek katmanlı sütun; kaynak kalite etiketi yok
XIAOMI,Xiaomi 12T,,Mi,Xiaomi 12T,OUTER_SCREEN,UNKNOWN,Ön Cam 6 Ay Garanti,FULL_REPAIR,2700,TRY,true,telefon_profesoru,INDEPENDENT_REPAIR_SERVICE,https://telefonprofesoru.com/xiaomi-on-cam-degisimi-fiyatlari/,2026-09-29,tek katmanlı sütun; kaynak kalite etiketi yok
XIAOMI,Xiaomi 12 Lite,,Mi,Xiaomi 12 Lite,OUTER_SCREEN,UNKNOWN,Ön Cam 6 Ay Garanti,FULL_REPAIR,2200,TRY,true,telefon_profesoru,INDEPENDENT_REPAIR_SERVICE,https://telefonprofesoru.com/xiaomi-on-cam-degisimi-fiyatlari/,2026-09-29,tek katmanlı sütun; kaynak kalite etiketi yok
XIAOMI,Redmi Note 12 Pro,,Redmi Note,Redmi Note 12 Pro,OUTER_SCREEN,UNKNOWN,Ön Cam 6 Ay Garanti,FULL_REPAIR,2500,TRY,true,telefon_profesoru,INDEPENDENT_REPAIR_SERVICE,https://telefonprofesoru.com/xiaomi-on-cam-degisimi-fiyatlari/,2026-09-29,tek katmanlı sütun; kaynak kalite etiketi yok
XIAOMI,Redmi Note 12 Pro 4G,,Redmi Note,Redmi Note 12 Pro 4G,OUTER_SCREEN,UNKNOWN,Ön Cam 6 Ay Garanti,FULL_REPAIR,2500,TRY,true,telefon_profesoru,INDEPENDENT_REPAIR_SERVICE,https://telefonprofesoru.com/xiaomi-on-cam-degisimi-fiyatlari/,2026-09-29,tek katmanlı sütun; kaynak kalite etiketi yok
XIAOMI,Redmi Note 12 Pro 5G,,Redmi Note,Redmi Note 12 Pro 5G,OUTER_SCREEN,UNKNOWN,Ön Cam 6 Ay Garanti,FULL_REPAIR,2500,TRY,true,telefon_profesoru,INDEPENDENT_REPAIR_SERVICE,https://telefonprofesoru.com/xiaomi-on-cam-degisimi-fiyatlari/,2026-09-29,tek katmanlı sütun; kaynak kalite etiketi yok
XIAOMI,Redmi Note 12 Pro Plus 5G,,Redmi Note,Redmi Note 12 Pro Plus 5G,OUTER_SCREEN,UNKNOWN,Ön Cam 6 Ay Garanti,FULL_REPAIR,3300,TRY,true,telefon_profesoru,INDEPENDENT_REPAIR_SERVICE,https://telefonprofesoru.com/xiaomi-on-cam-degisimi-fiyatlari/,2026-09-29,tek katmanlı sütun; kaynak kalite etiketi yok
XIAOMI,Redmi Note 12,,Redmi Note,Redmi Note 12,OUTER_SCREEN,UNKNOWN,Ön Cam 6 Ay Garanti,FULL_REPAIR,2000,TRY,true,telefon_profesoru,INDEPENDENT_REPAIR_SERVICE,https://telefonprofesoru.com/xiaomi-on-cam-degisimi-fiyatlari/,2026-09-29,tek katmanlı sütun; kaynak kalite etiketi yok
XIAOMI,Redmi Note 12 4G,,Redmi Note,Redmi Note 12 4G,OUTER_SCREEN,UNKNOWN,Ön Cam 6 Ay Garanti,FULL_REPAIR,2000,TRY,true,telefon_profesoru,INDEPENDENT_REPAIR_SERVICE,https://telefonprofesoru.com/xiaomi-on-cam-degisimi-fiyatlari/,2026-09-29,tek katmanlı sütun; kaynak kalite etiketi yok
XIAOMI,Redmi Note 12 5G,,Redmi Note,Redmi Note 12 5G,OUTER_SCREEN,UNKNOWN,Ön Cam 6 Ay Garanti,FULL_REPAIR,2000,TRY,true,telefon_profesoru,INDEPENDENT_REPAIR_SERVICE,https://telefonprofesoru.com/xiaomi-on-cam-degisimi-fiyatlari/,2026-09-29,tek katmanlı sütun; kaynak kalite etiketi yok
XIAOMI,Redmi Note 12 Turbo,,Redmi Note,Redmi Note 12 Turbo,OUTER_SCREEN,UNKNOWN,Ön Cam 6 Ay Garanti,FULL_REPAIR,2000,TRY,true,telefon_profesoru,INDEPENDENT_REPAIR_SERVICE,https://telefonprofesoru.com/xiaomi-on-cam-degisimi-fiyatlari/,2026-09-29,tek katmanlı sütun; kaynak kalite etiketi yok
XIAOMI,Redmi Note 12R,,Redmi Note,Redmi Note 12R,OUTER_SCREEN,UNKNOWN,Ön Cam 6 Ay Garanti,FULL_REPAIR,2000,TRY,true,telefon_profesoru,INDEPENDENT_REPAIR_SERVICE,https://telefonprofesoru.com/xiaomi-on-cam-degisimi-fiyatlari/,2026-09-29,tek katmanlı sütun; kaynak kalite etiketi yok
XIAOMI,Redmi Note 12S,,Redmi Note,Redmi Note 12S,OUTER_SCREEN,UNKNOWN,Ön Cam 6 Ay Garanti,FULL_REPAIR,2000,TRY,true,telefon_profesoru,INDEPENDENT_REPAIR_SERVICE,https://telefonprofesoru.com/xiaomi-on-cam-degisimi-fiyatlari/,2026-09-29,tek katmanlı sütun; kaynak kalite etiketi yok
XIAOMI,Redmi 12,,Redmi,Redmi 12,OUTER_SCREEN,UNKNOWN,Ön Cam 6 Ay Garanti,FULL_REPAIR,1700,TRY,true,telefon_profesoru,INDEPENDENT_REPAIR_SERVICE,https://telefonprofesoru.com/xiaomi-on-cam-degisimi-fiyatlari/,2026-09-29,tek katmanlı sütun; kaynak kalite etiketi yok
XIAOMI,Redmi 12 5G,,Redmi,Redmi 12 5G,OUTER_SCREEN,UNKNOWN,Ön Cam 6 Ay Garanti,FULL_REPAIR,1700,TRY,true,telefon_profesoru,INDEPENDENT_REPAIR_SERVICE,https://telefonprofesoru.com/xiaomi-on-cam-degisimi-fiyatlari/,2026-09-29,tek katmanlı sütun; kaynak kalite etiketi yok
XIAOMI,Redmi 12C,,Redmi,Redmi 12C,OUTER_SCREEN,UNKNOWN,Ön Cam 6 Ay Garanti,FULL_REPAIR,1700,TRY,true,telefon_profesoru,INDEPENDENT_REPAIR_SERVICE,https://telefonprofesoru.com/xiaomi-on-cam-degisimi-fiyatlari/,2026-09-29,tek katmanlı sütun; kaynak kalite etiketi yok
XIAOMI,Mi 11 Ultra,,Mi,Mi 11 Ultra,OUTER_SCREEN,UNKNOWN,Ön Cam 6 Ay Garanti,FULL_REPAIR,3900,TRY,true,telefon_profesoru,INDEPENDENT_REPAIR_SERVICE,https://telefonprofesoru.com/xiaomi-on-cam-degisimi-fiyatlari/,2026-09-29,tek katmanlı sütun; kaynak kalite etiketi yok
XIAOMI,Mi 11T Pro,,Mi,Mi 11T Pro,OUTER_SCREEN,UNKNOWN,Ön Cam 6 Ay Garanti,FULL_REPAIR,3600,TRY,true,telefon_profesoru,INDEPENDENT_REPAIR_SERVICE,https://telefonprofesoru.com/xiaomi-on-cam-degisimi-fiyatlari/,2026-09-29,tek katmanlı sütun; kaynak kalite etiketi yok
XIAOMI,Mi 11,,Mi,Mi 11,OUTER_SCREEN,UNKNOWN,Ön Cam 6 Ay Garanti,FULL_REPAIR,3300,TRY,true,telefon_profesoru,INDEPENDENT_REPAIR_SERVICE,https://telefonprofesoru.com/xiaomi-on-cam-degisimi-fiyatlari/,2026-09-29,tek katmanlı sütun; kaynak kalite etiketi yok
XIAOMI,Mi 11T,,Mi,Mi 11T,OUTER_SCREEN,UNKNOWN,Ön Cam 6 Ay Garanti,FULL_REPAIR,2200,TRY,true,telefon_profesoru,INDEPENDENT_REPAIR_SERVICE,https://telefonprofesoru.com/xiaomi-on-cam-degisimi-fiyatlari/,2026-09-29,tek katmanlı sütun; kaynak kalite etiketi yok
XIAOMI,Mi 11i,,Mi,Mi 11i,OUTER_SCREEN,UNKNOWN,Ön Cam 6 Ay Garanti,FULL_REPAIR,2200,TRY,true,telefon_profesoru,INDEPENDENT_REPAIR_SERVICE,https://telefonprofesoru.com/xiaomi-on-cam-degisimi-fiyatlari/,2026-09-29,tek katmanlı sütun; kaynak kalite etiketi yok
XIAOMI,Mi 11 Lite,,Mi,Mi 11 Lite,OUTER_SCREEN,UNKNOWN,Ön Cam 6 Ay Garanti,FULL_REPAIR,2000,TRY,true,telefon_profesoru,INDEPENDENT_REPAIR_SERVICE,https://telefonprofesoru.com/xiaomi-on-cam-degisimi-fiyatlari/,2026-09-29,tek katmanlı sütun; kaynak kalite etiketi yok
XIAOMI,Mi 11 Lite 4G,,Mi,Mi 11 Lite 4G,OUTER_SCREEN,UNKNOWN,Ön Cam 6 Ay Garanti,FULL_REPAIR,2000,TRY,true,telefon_profesoru,INDEPENDENT_REPAIR_SERVICE,https://telefonprofesoru.com/xiaomi-on-cam-degisimi-fiyatlari/,2026-09-29,tek katmanlı sütun; kaynak kalite etiketi yok
XIAOMI,Mi 11 Lite 5G,,Mi,Mi 11 Lite 5G,OUTER_SCREEN,UNKNOWN,Ön Cam 6 Ay Garanti,FULL_REPAIR,2000,TRY,true,telefon_profesoru,INDEPENDENT_REPAIR_SERVICE,https://telefonprofesoru.com/xiaomi-on-cam-degisimi-fiyatlari/,2026-09-29,tek katmanlı sütun; kaynak kalite etiketi yok
XIAOMI,Mi 11 Lite 5G NE,,Mi,Mi 11 Lite 5G NE,OUTER_SCREEN,UNKNOWN,Ön Cam 6 Ay Garanti,FULL_REPAIR,2000,TRY,true,telefon_profesoru,INDEPENDENT_REPAIR_SERVICE,https://telefonprofesoru.com/xiaomi-on-cam-degisimi-fiyatlari/,2026-09-29,tek katmanlı sütun; kaynak kalite etiketi yok
XIAOMI,Redmi Note 11 Pro,,Redmi Note,Redmi Note 11 Pro,OUTER_SCREEN,UNKNOWN,Ön Cam 6 Ay Garanti,FULL_REPAIR,3300,TRY,true,telefon_profesoru,INDEPENDENT_REPAIR_SERVICE,https://telefonprofesoru.com/xiaomi-on-cam-degisimi-fiyatlari/,2026-09-29,tek katmanlı sütun; kaynak kalite etiketi yok
XIAOMI,Redmi Note 11 Pro 5G,,Redmi Note,Redmi Note 11 Pro 5G,OUTER_SCREEN,UNKNOWN,Ön Cam 6 Ay Garanti,FULL_REPAIR,3300,TRY,true,telefon_profesoru,INDEPENDENT_REPAIR_SERVICE,https://telefonprofesoru.com/xiaomi-on-cam-degisimi-fiyatlari/,2026-09-29,tek katmanlı sütun; kaynak kalite etiketi yok
XIAOMI,Redmi Note 11 Pro Plus,,Redmi Note,Redmi Note 11 Pro Plus,OUTER_SCREEN,UNKNOWN,Ön Cam 6 Ay Garanti,FULL_REPAIR,3300,TRY,true,telefon_profesoru,INDEPENDENT_REPAIR_SERVICE,https://telefonprofesoru.com/xiaomi-on-cam-degisimi-fiyatlari/,2026-09-29,tek katmanlı sütun; kaynak kalite etiketi yok
XIAOMI,Redmi Note 11,,Redmi Note,Redmi Note 11,OUTER_SCREEN,UNKNOWN,Ön Cam 6 Ay Garanti,FULL_REPAIR,2000,TRY,true,telefon_profesoru,INDEPENDENT_REPAIR_SERVICE,https://telefonprofesoru.com/xiaomi-on-cam-degisimi-fiyatlari/,2026-09-29,tek katmanlı sütun; kaynak kalite etiketi yok
XIAOMI,Redmi Note 11 SE,,Redmi Note,Redmi Note 11 SE,OUTER_SCREEN,UNKNOWN,Ön Cam 6 Ay Garanti,FULL_REPAIR,2000,TRY,true,telefon_profesoru,INDEPENDENT_REPAIR_SERVICE,https://telefonprofesoru.com/xiaomi-on-cam-degisimi-fiyatlari/,2026-09-29,tek katmanlı sütun; kaynak kalite etiketi yok
XIAOMI,Redmi Note 11E,,Redmi Note,Redmi Note 11E,OUTER_SCREEN,UNKNOWN,Ön Cam 6 Ay Garanti,FULL_REPAIR,2000,TRY,true,telefon_profesoru,INDEPENDENT_REPAIR_SERVICE,https://telefonprofesoru.com/xiaomi-on-cam-degisimi-fiyatlari/,2026-09-29,tek katmanlı sütun; kaynak kalite etiketi yok
XIAOMI,Redmi Note 11R,,Redmi Note,Redmi Note 11R,OUTER_SCREEN,UNKNOWN,Ön Cam 6 Ay Garanti,FULL_REPAIR,2000,TRY,true,telefon_profesoru,INDEPENDENT_REPAIR_SERVICE,https://telefonprofesoru.com/xiaomi-on-cam-degisimi-fiyatlari/,2026-09-29,tek katmanlı sütun; kaynak kalite etiketi yok
XIAOMI,Redmi Note 11S,,Redmi Note,Redmi Note 11S,OUTER_SCREEN,UNKNOWN,Ön Cam 6 Ay Garanti,FULL_REPAIR,2000,TRY,true,telefon_profesoru,INDEPENDENT_REPAIR_SERVICE,https://telefonprofesoru.com/xiaomi-on-cam-degisimi-fiyatlari/,2026-09-29,tek katmanlı sütun; kaynak kalite etiketi yok
XIAOMI,Redmi 11 Prime,,Redmi,Redmi 11 Prime,OUTER_SCREEN,UNKNOWN,Ön Cam 6 Ay Garanti,FULL_REPAIR,2000,TRY,true,telefon_profesoru,INDEPENDENT_REPAIR_SERVICE,https://telefonprofesoru.com/xiaomi-on-cam-degisimi-fiyatlari/,2026-09-29,tek katmanlı sütun; kaynak kalite etiketi yok
XIAOMI,Redmi Note 10 Pro,,Redmi Note,Redmi Note 10 Pro,OUTER_SCREEN,UNKNOWN,Ön Cam 6 Ay Garanti,FULL_REPAIR,2200,TRY,true,telefon_profesoru,INDEPENDENT_REPAIR_SERVICE,https://telefonprofesoru.com/xiaomi-on-cam-degisimi-fiyatlari/,2026-09-29,tek katmanlı sütun; kaynak kalite etiketi yok
XIAOMI,Redmi Note 10 Pro 5G,,Redmi Note,Redmi Note 10 Pro 5G,OUTER_SCREEN,UNKNOWN,Ön Cam 6 Ay Garanti,FULL_REPAIR,2200,TRY,true,telefon_profesoru,INDEPENDENT_REPAIR_SERVICE,https://telefonprofesoru.com/xiaomi-on-cam-degisimi-fiyatlari/,2026-09-29,tek katmanlı sütun; kaynak kalite etiketi yok
XIAOMI,Redmi Note 10,,Redmi Note,Redmi Note 10,OUTER_SCREEN,UNKNOWN,Ön Cam 6 Ay Garanti,FULL_REPAIR,1950,TRY,true,telefon_profesoru,INDEPENDENT_REPAIR_SERVICE,https://telefonprofesoru.com/xiaomi-on-cam-degisimi-fiyatlari/,2026-09-29,tek katmanlı sütun; kaynak kalite etiketi yok
XIAOMI,Redmi Note 10 5G,,Redmi Note,Redmi Note 10 5G,OUTER_SCREEN,UNKNOWN,Ön Cam 6 Ay Garanti,FULL_REPAIR,1950,TRY,true,telefon_profesoru,INDEPENDENT_REPAIR_SERVICE,https://telefonprofesoru.com/xiaomi-on-cam-degisimi-fiyatlari/,2026-09-29,tek katmanlı sütun; kaynak kalite etiketi yok
XIAOMI,Redmi Note 10S,,Redmi Note,Redmi Note 10S,OUTER_SCREEN,UNKNOWN,Ön Cam 6 Ay Garanti,FULL_REPAIR,1950,TRY,true,telefon_profesoru,INDEPENDENT_REPAIR_SERVICE,https://telefonprofesoru.com/xiaomi-on-cam-degisimi-fiyatlari/,2026-09-29,tek katmanlı sütun; kaynak kalite etiketi yok
XIAOMI,Redmi Note 10S 4G,,Redmi Note,Redmi Note 10S 4G,OUTER_SCREEN,UNKNOWN,Ön Cam 6 Ay Garanti,FULL_REPAIR,1950,TRY,true,telefon_profesoru,INDEPENDENT_REPAIR_SERVICE,https://telefonprofesoru.com/xiaomi-on-cam-degisimi-fiyatlari/,2026-09-29,tek katmanlı sütun; kaynak kalite etiketi yok
XIAOMI,Redmi 10,,Redmi,Redmi 10,OUTER_SCREEN,UNKNOWN,Ön Cam 6 Ay Garanti,FULL_REPAIR,1700,TRY,true,telefon_profesoru,INDEPENDENT_REPAIR_SERVICE,https://telefonprofesoru.com/xiaomi-on-cam-degisimi-fiyatlari/,2026-09-29,tek katmanlı sütun; kaynak kalite etiketi yok
XIAOMI,Redmi 10 5G,,Redmi,Redmi 10 5G,OUTER_SCREEN,UNKNOWN,Ön Cam 6 Ay Garanti,FULL_REPAIR,1700,TRY,true,telefon_profesoru,INDEPENDENT_REPAIR_SERVICE,https://telefonprofesoru.com/xiaomi-on-cam-degisimi-fiyatlari/,2026-09-29,tek katmanlı sütun; kaynak kalite etiketi yok
XIAOMI,Redmi 10A,,Redmi,Redmi 10A,OUTER_SCREEN,UNKNOWN,Ön Cam 6 Ay Garanti,FULL_REPAIR,1700,TRY,true,telefon_profesoru,INDEPENDENT_REPAIR_SERVICE,https://telefonprofesoru.com/xiaomi-on-cam-degisimi-fiyatlari/,2026-09-29,tek katmanlı sütun; kaynak kalite etiketi yok
XIAOMI,Redmi 10C,,Redmi,Redmi 10C,OUTER_SCREEN,UNKNOWN,Ön Cam 6 Ay Garanti,FULL_REPAIR,1700,TRY,true,telefon_profesoru,INDEPENDENT_REPAIR_SERVICE,https://telefonprofesoru.com/xiaomi-on-cam-degisimi-fiyatlari/,2026-09-29,tek katmanlı sütun; kaynak kalite etiketi yok
XIAOMI,Redmi Note 9 Pro Max,,Redmi Note,Redmi Note 9 Pro Max,OUTER_SCREEN,UNKNOWN,Ön Cam 6 Ay Garanti,FULL_REPAIR,1950,TRY,true,telefon_profesoru,INDEPENDENT_REPAIR_SERVICE,https://telefonprofesoru.com/xiaomi-on-cam-degisimi-fiyatlari/,2026-09-29,tek katmanlı sütun; kaynak kalite etiketi yok
XIAOMI,Redmi Note 9 Pro,,Redmi Note,Redmi Note 9 Pro,OUTER_SCREEN,UNKNOWN,Ön Cam 6 Ay Garanti,FULL_REPAIR,1950,TRY,true,telefon_profesoru,INDEPENDENT_REPAIR_SERVICE,https://telefonprofesoru.com/xiaomi-on-cam-degisimi-fiyatlari/,2026-09-29,tek katmanlı sütun; kaynak kalite etiketi yok
XIAOMI,Redmi Note 9 Pro 5G,,Redmi Note,Redmi Note 9 Pro 5G,OUTER_SCREEN,UNKNOWN,Ön Cam 6 Ay Garanti,FULL_REPAIR,1950,TRY,true,telefon_profesoru,INDEPENDENT_REPAIR_SERVICE,https://telefonprofesoru.com/xiaomi-on-cam-degisimi-fiyatlari/,2026-09-29,tek katmanlı sütun; kaynak kalite etiketi yok
XIAOMI,Redmi Note 9,,Redmi Note,Redmi Note 9,OUTER_SCREEN,UNKNOWN,Ön Cam 6 Ay Garanti,FULL_REPAIR,1750,TRY,true,telefon_profesoru,INDEPENDENT_REPAIR_SERVICE,https://telefonprofesoru.com/xiaomi-on-cam-degisimi-fiyatlari/,2026-09-29,tek katmanlı sütun; kaynak kalite etiketi yok
XIAOMI,Redmi Note 9S,,Redmi Note,Redmi Note 9S,OUTER_SCREEN,UNKNOWN,Ön Cam 6 Ay Garanti,FULL_REPAIR,1750,TRY,true,telefon_profesoru,INDEPENDENT_REPAIR_SERVICE,https://telefonprofesoru.com/xiaomi-on-cam-degisimi-fiyatlari/,2026-09-29,tek katmanlı sütun; kaynak kalite etiketi yok
XIAOMI,Redmi Note 9T,,Redmi Note,Redmi Note 9T,OUTER_SCREEN,UNKNOWN,Ön Cam 6 Ay Garanti,FULL_REPAIR,1750,TRY,true,telefon_profesoru,INDEPENDENT_REPAIR_SERVICE,https://telefonprofesoru.com/xiaomi-on-cam-degisimi-fiyatlari/,2026-09-29,tek katmanlı sütun; kaynak kalite etiketi yok
XIAOMI,Mi 9T Pro,,Mi,Mi 9T Pro,OUTER_SCREEN,UNKNOWN,Ön Cam 6 Ay Garanti,FULL_REPAIR,1950,TRY,true,telefon_profesoru,INDEPENDENT_REPAIR_SERVICE,https://telefonprofesoru.com/xiaomi-on-cam-degisimi-fiyatlari/,2026-09-29,tek katmanlı sütun; kaynak kalite etiketi yok
XIAOMI,Mi 9,,Mi,Mi 9,OUTER_SCREEN,UNKNOWN,Ön Cam 6 Ay Garanti,FULL_REPAIR,1950,TRY,true,telefon_profesoru,INDEPENDENT_REPAIR_SERVICE,https://telefonprofesoru.com/xiaomi-on-cam-degisimi-fiyatlari/,2026-09-29,tek katmanlı sütun; kaynak kalite etiketi yok
XIAOMI,Mi 9 SE,,Mi,Mi 9 SE,OUTER_SCREEN,UNKNOWN,Ön Cam 6 Ay Garanti,FULL_REPAIR,1950,TRY,true,telefon_profesoru,INDEPENDENT_REPAIR_SERVICE,https://telefonprofesoru.com/xiaomi-on-cam-degisimi-fiyatlari/,2026-09-29,tek katmanlı sütun; kaynak kalite etiketi yok
XIAOMI,Mi 9T,,Mi,Mi 9T,OUTER_SCREEN,UNKNOWN,Ön Cam 6 Ay Garanti,FULL_REPAIR,1950,TRY,true,telefon_profesoru,INDEPENDENT_REPAIR_SERVICE,https://telefonprofesoru.com/xiaomi-on-cam-degisimi-fiyatlari/,2026-09-29,tek katmanlı sütun; kaynak kalite etiketi yok
XIAOMI,Mi 9 Lite,,Mi,Mi 9 Lite,OUTER_SCREEN,UNKNOWN,Ön Cam 6 Ay Garanti,FULL_REPAIR,1750,TRY,true,telefon_profesoru,INDEPENDENT_REPAIR_SERVICE,https://telefonprofesoru.com/xiaomi-on-cam-degisimi-fiyatlari/,2026-09-29,tek katmanlı sütun; kaynak kalite etiketi yok
XIAOMI,Mi 15 Ultra,,Mi,Mi 15 Ultra,OUTER_SCREEN,UNKNOWN,card: KDV dahil net fiyat,FULL_REPAIR,4900,TRY,true,telefon_profesoru,INDEPENDENT_REPAIR_SERVICE,https://telefonprofesoru.com/xiaomi-on-cam-degisimi-fiyatlari/,2026-09-29,kart satırı; katman etiketi sayfada yok
XIAOMI,Mi 15 Pro,,Mi,Mi 15 Pro,OUTER_SCREEN,UNKNOWN,card: KDV dahil net fiyat,FULL_REPAIR,4700,TRY,true,telefon_profesoru,INDEPENDENT_REPAIR_SERVICE,https://telefonprofesoru.com/xiaomi-on-cam-degisimi-fiyatlari/,2026-09-29,kart satırı; katman etiketi sayfada yok
XIAOMI,Mi 15,,Mi,Mi 15,OUTER_SCREEN,UNKNOWN,card: KDV dahil net fiyat,FULL_REPAIR,4700,TRY,true,telefon_profesoru,INDEPENDENT_REPAIR_SERVICE,https://telefonprofesoru.com/xiaomi-on-cam-degisimi-fiyatlari/,2026-09-29,kart satırı; katman etiketi sayfada yok
XIAOMI,Redmi 15C,,Redmi,Redmi 15C,OUTER_SCREEN,UNKNOWN,card: KDV dahil net fiyat,FULL_REPAIR,2000,TRY,true,telefon_profesoru,INDEPENDENT_REPAIR_SERVICE,https://telefonprofesoru.com/xiaomi-on-cam-degisimi-fiyatlari/,2026-09-29,kart satırı; katman etiketi sayfada yok
XIAOMI,Xiaomi 14 Ultra,,Mi,Xiaomi 14 Ultra,OUTER_SCREEN,UNKNOWN,card: KDV dahil net fiyat,FULL_REPAIR,4900,TRY,true,telefon_profesoru,INDEPENDENT_REPAIR_SERVICE,https://telefonprofesoru.com/xiaomi-on-cam-degisimi-fiyatlari/,2026-09-29,kart satırı; katman etiketi sayfada yok
XIAOMI,Mi 10 Pro,,Mi,Mi 10 Pro,OUTER_SCREEN,UNKNOWN,card: KDV dahil net fiyat,FULL_REPAIR,2200,TRY,true,telefon_profesoru,INDEPENDENT_REPAIR_SERVICE,https://telefonprofesoru.com/xiaomi-on-cam-degisimi-fiyatlari/,2026-09-29,kart satırı; katman etiketi sayfada yok
XIAOMI,Mi 10T Pro,,Mi,Mi 10T Pro,OUTER_SCREEN,UNKNOWN,card: KDV dahil net fiyat,FULL_REPAIR,2200,TRY,true,telefon_profesoru,INDEPENDENT_REPAIR_SERVICE,https://telefonprofesoru.com/xiaomi-on-cam-degisimi-fiyatlari/,2026-09-29,kart satırı; katman etiketi sayfada yok
XIAOMI,Mi 10,,Mi,Mi 10,OUTER_SCREEN,UNKNOWN,card: KDV dahil net fiyat,FULL_REPAIR,1950,TRY,true,telefon_profesoru,INDEPENDENT_REPAIR_SERVICE,https://telefonprofesoru.com/xiaomi-on-cam-degisimi-fiyatlari/,2026-09-29,kart satırı; katman etiketi sayfada yok
XIAOMI,Mi 10T,,Mi,Mi 10T,OUTER_SCREEN,UNKNOWN,card: KDV dahil net fiyat,FULL_REPAIR,1950,TRY,true,telefon_profesoru,INDEPENDENT_REPAIR_SERVICE,https://telefonprofesoru.com/xiaomi-on-cam-degisimi-fiyatlari/,2026-09-29,kart satırı; katman etiketi sayfada yok
XIAOMI,Mi 10 Lite,,Mi,Mi 10 Lite,OUTER_SCREEN,UNKNOWN,card: KDV dahil net fiyat,FULL_REPAIR,1950,TRY,true,telefon_profesoru,INDEPENDENT_REPAIR_SERVICE,https://telefonprofesoru.com/xiaomi-on-cam-degisimi-fiyatlari/,2026-09-29,kart satırı; katman etiketi sayfada yok
XIAOMI,Mi Note 10,,Mi,Mi Note 10,OUTER_SCREEN,UNKNOWN,card: KDV dahil net fiyat,FULL_REPAIR,1950,TRY,true,telefon_profesoru,INDEPENDENT_REPAIR_SERVICE,https://telefonprofesoru.com/xiaomi-on-cam-degisimi-fiyatlari/,2026-09-29,kart satırı; katman etiketi sayfada yok
XIAOMI,Mi Note 10 Lite,,Mi,Mi Note 10 Lite,OUTER_SCREEN,UNKNOWN,card: KDV dahil net fiyat,FULL_REPAIR,1950,TRY,true,telefon_profesoru,INDEPENDENT_REPAIR_SERVICE,https://telefonprofesoru.com/xiaomi-on-cam-degisimi-fiyatlari/,2026-09-29,kart satırı; katman etiketi sayfada yok
XIAOMI,Redmi K70E,,Redmi,Redmi K70E,BACK_GLASS,UNKNOWN,Arka Cam 6 Ay Garanti,FULL_REPAIR,1100,TRY,true,telefon_profesoru,INDEPENDENT_REPAIR_SERVICE,https://telefonprofesoru.com/xiaomi-arka-cam-degisimi-fiyatlari/,2026-09-29,tek katmanlı sütun; kaynak kalite etiketi yok
XIAOMI,Redmi K60 Pro,,Redmi,Redmi K60 Pro,BACK_GLASS,UNKNOWN,Arka Cam 6 Ay Garanti,FULL_REPAIR,1100,TRY,true,telefon_profesoru,INDEPENDENT_REPAIR_SERVICE,https://telefonprofesoru.com/xiaomi-arka-cam-degisimi-fiyatlari/,2026-09-29,tek katmanlı sütun; kaynak kalite etiketi yok
XIAOMI,Redmi K60,,Redmi,Redmi K60,BACK_GLASS,UNKNOWN,Arka Cam 6 Ay Garanti,FULL_REPAIR,1100,TRY,true,telefon_profesoru,INDEPENDENT_REPAIR_SERVICE,https://telefonprofesoru.com/xiaomi-arka-cam-degisimi-fiyatlari/,2026-09-29,tek katmanlı sütun; kaynak kalite etiketi yok
XIAOMI,Redmi K50 Gaming,,Redmi,Redmi K50 Gaming,BACK_GLASS,UNKNOWN,Arka Cam 6 Ay Garanti,FULL_REPAIR,1100,TRY,true,telefon_profesoru,INDEPENDENT_REPAIR_SERVICE,https://telefonprofesoru.com/xiaomi-arka-cam-degisimi-fiyatlari/,2026-09-29,tek katmanlı sütun; kaynak kalite etiketi yok
XIAOMI,Redmi K40 Pro,,Redmi,Redmi K40 Pro,BACK_GLASS,UNKNOWN,Arka Cam 6 Ay Garanti,FULL_REPAIR,1100,TRY,true,telefon_profesoru,INDEPENDENT_REPAIR_SERVICE,https://telefonprofesoru.com/xiaomi-arka-cam-degisimi-fiyatlari/,2026-09-29,tek katmanlı sütun; kaynak kalite etiketi yok
XIAOMI,Redmi K40,,Redmi,Redmi K40,BACK_GLASS,UNKNOWN,Arka Cam 6 Ay Garanti,FULL_REPAIR,1100,TRY,true,telefon_profesoru,INDEPENDENT_REPAIR_SERVICE,https://telefonprofesoru.com/xiaomi-arka-cam-degisimi-fiyatlari/,2026-09-29,tek katmanlı sütun; kaynak kalite etiketi yok
XIAOMI,Redmi K40 Gaming,,Redmi,Redmi K40 Gaming,BACK_GLASS,UNKNOWN,Arka Cam 6 Ay Garanti,FULL_REPAIR,1100,TRY,true,telefon_profesoru,INDEPENDENT_REPAIR_SERVICE,https://telefonprofesoru.com/xiaomi-arka-cam-degisimi-fiyatlari/,2026-09-29,tek katmanlı sütun; kaynak kalite etiketi yok
XIAOMI,Xiaomi 13 Ultra,,Mi,Xiaomi 13 Ultra,BACK_GLASS,UNKNOWN,Arka Cam 6 Ay Garanti,FULL_REPAIR,1100,TRY,true,telefon_profesoru,INDEPENDENT_REPAIR_SERVICE,https://telefonprofesoru.com/xiaomi-arka-cam-degisimi-fiyatlari/,2026-09-29,tek katmanlı sütun; kaynak kalite etiketi yok
XIAOMI,Xiaomi 13 Pro,,Mi,Xiaomi 13 Pro,BACK_GLASS,UNKNOWN,Arka Cam 6 Ay Garanti,FULL_REPAIR,1100,TRY,true,telefon_profesoru,INDEPENDENT_REPAIR_SERVICE,https://telefonprofesoru.com/xiaomi-arka-cam-degisimi-fiyatlari/,2026-09-29,tek katmanlı sütun; kaynak kalite etiketi yok
XIAOMI,Xiaomi 13T Pro,,Mi,Xiaomi 13T Pro,BACK_GLASS,UNKNOWN,Arka Cam 6 Ay Garanti,FULL_REPAIR,1100,TRY,true,telefon_profesoru,INDEPENDENT_REPAIR_SERVICE,https://telefonprofesoru.com/xiaomi-arka-cam-degisimi-fiyatlari/,2026-09-29,tek katmanlı sütun; kaynak kalite etiketi yok
XIAOMI,Xiaomi 13,,Mi,Xiaomi 13,BACK_GLASS,UNKNOWN,Arka Cam 6 Ay Garanti,FULL_REPAIR,1100,TRY,true,telefon_profesoru,INDEPENDENT_REPAIR_SERVICE,https://telefonprofesoru.com/xiaomi-arka-cam-degisimi-fiyatlari/,2026-09-29,tek katmanlı sütun; kaynak kalite etiketi yok
XIAOMI,Xiaomi 13T,,Mi,Xiaomi 13T,BACK_GLASS,UNKNOWN,Arka Cam 6 Ay Garanti,FULL_REPAIR,1100,TRY,true,telefon_profesoru,INDEPENDENT_REPAIR_SERVICE,https://telefonprofesoru.com/xiaomi-arka-cam-degisimi-fiyatlari/,2026-09-29,tek katmanlı sütun; kaynak kalite etiketi yok
XIAOMI,Xiaomi 13 Lite,,Mi,Xiaomi 13 Lite,BACK_GLASS,UNKNOWN,Arka Cam 6 Ay Garanti,FULL_REPAIR,1100,TRY,true,telefon_profesoru,INDEPENDENT_REPAIR_SERVICE,https://telefonprofesoru.com/xiaomi-arka-cam-degisimi-fiyatlari/,2026-09-29,tek katmanlı sütun; kaynak kalite etiketi yok
XIAOMI,Redmi Note 13 Pro 4G,,Redmi Note,Redmi Note 13 Pro 4G,BACK_GLASS,UNKNOWN,Arka Cam 6 Ay Garanti,FULL_REPAIR,1100,TRY,true,telefon_profesoru,INDEPENDENT_REPAIR_SERVICE,https://telefonprofesoru.com/xiaomi-arka-cam-degisimi-fiyatlari/,2026-09-29,tek katmanlı sütun; kaynak kalite etiketi yok
XIAOMI,Redmi Note 13 Pro 5G,,Redmi Note,Redmi Note 13 Pro 5G,BACK_GLASS,UNKNOWN,Arka Cam 6 Ay Garanti,FULL_REPAIR,1100,TRY,true,telefon_profesoru,INDEPENDENT_REPAIR_SERVICE,https://telefonprofesoru.com/xiaomi-arka-cam-degisimi-fiyatlari/,2026-09-29,tek katmanlı sütun; kaynak kalite etiketi yok
XIAOMI,Redmi Note 13 Pro Plus,,Redmi Note,Redmi Note 13 Pro Plus,BACK_GLASS,UNKNOWN,Arka Cam 6 Ay Garanti,FULL_REPAIR,1100,TRY,true,telefon_profesoru,INDEPENDENT_REPAIR_SERVICE,https://telefonprofesoru.com/xiaomi-arka-cam-degisimi-fiyatlari/,2026-09-29,tek katmanlı sütun; kaynak kalite etiketi yok
XIAOMI,Redmi Note 13,,Redmi Note,Redmi Note 13,BACK_GLASS,UNKNOWN,Arka Cam 6 Ay Garanti,FULL_REPAIR,1100,TRY,true,telefon_profesoru,INDEPENDENT_REPAIR_SERVICE,https://telefonprofesoru.com/xiaomi-arka-cam-degisimi-fiyatlari/,2026-09-29,tek katmanlı sütun; kaynak kalite etiketi yok
XIAOMI,Redmi Note 13 4G,,Redmi Note,Redmi Note 13 4G,BACK_GLASS,UNKNOWN,Arka Cam 6 Ay Garanti,FULL_REPAIR,1100,TRY,true,telefon_profesoru,INDEPENDENT_REPAIR_SERVICE,https://telefonprofesoru.com/xiaomi-arka-cam-degisimi-fiyatlari/,2026-09-29,tek katmanlı sütun; kaynak kalite etiketi yok
XIAOMI,Redmi Note 13R,,Redmi Note,Redmi Note 13R,BACK_GLASS,UNKNOWN,Arka Cam 6 Ay Garanti,FULL_REPAIR,1100,TRY,true,telefon_profesoru,INDEPENDENT_REPAIR_SERVICE,https://telefonprofesoru.com/xiaomi-arka-cam-degisimi-fiyatlari/,2026-09-29,tek katmanlı sütun; kaynak kalite etiketi yok
XIAOMI,Redmi 13,,Redmi,Redmi 13,BACK_GLASS,UNKNOWN,Arka Cam 6 Ay Garanti,FULL_REPAIR,1100,TRY,true,telefon_profesoru,INDEPENDENT_REPAIR_SERVICE,https://telefonprofesoru.com/xiaomi-arka-cam-degisimi-fiyatlari/,2026-09-29,tek katmanlı sütun; kaynak kalite etiketi yok
XIAOMI,Redmi 13 5G,,Redmi,Redmi 13 5G,BACK_GLASS,UNKNOWN,Arka Cam 6 Ay Garanti,FULL_REPAIR,1100,TRY,true,telefon_profesoru,INDEPENDENT_REPAIR_SERVICE,https://telefonprofesoru.com/xiaomi-arka-cam-degisimi-fiyatlari/,2026-09-29,tek katmanlı sütun; kaynak kalite etiketi yok
XIAOMI,Redmi 13C,,Redmi,Redmi 13C,BACK_GLASS,UNKNOWN,Arka Cam 6 Ay Garanti,FULL_REPAIR,1100,TRY,true,telefon_profesoru,INDEPENDENT_REPAIR_SERVICE,https://telefonprofesoru.com/xiaomi-arka-cam-degisimi-fiyatlari/,2026-09-29,tek katmanlı sütun; kaynak kalite etiketi yok
XIAOMI,Redmi 13C 5G,,Redmi,Redmi 13C 5G,BACK_GLASS,UNKNOWN,Arka Cam 6 Ay Garanti,FULL_REPAIR,1100,TRY,true,telefon_profesoru,INDEPENDENT_REPAIR_SERVICE,https://telefonprofesoru.com/xiaomi-arka-cam-degisimi-fiyatlari/,2026-09-29,tek katmanlı sütun; kaynak kalite etiketi yok
XIAOMI,Xiaomi 12 Ultra,,Mi,Xiaomi 12 Ultra,BACK_GLASS,UNKNOWN,Arka Cam 6 Ay Garanti,FULL_REPAIR,1100,TRY,true,telefon_profesoru,INDEPENDENT_REPAIR_SERVICE,https://telefonprofesoru.com/xiaomi-arka-cam-degisimi-fiyatlari/,2026-09-29,tek katmanlı sütun; kaynak kalite etiketi yok
XIAOMI,Xiaomi 12 Pro,,Mi,Xiaomi 12 Pro,BACK_GLASS,UNKNOWN,Arka Cam 6 Ay Garanti,FULL_REPAIR,1000,TRY,true,telefon_profesoru,INDEPENDENT_REPAIR_SERVICE,https://telefonprofesoru.com/xiaomi-arka-cam-degisimi-fiyatlari/,2026-09-29,tek katmanlı sütun; kaynak kalite etiketi yok
XIAOMI,Xiaomi 12T Pro,,Mi,Xiaomi 12T Pro,BACK_GLASS,UNKNOWN,Arka Cam 6 Ay Garanti,FULL_REPAIR,1000,TRY,true,telefon_profesoru,INDEPENDENT_REPAIR_SERVICE,https://telefonprofesoru.com/xiaomi-arka-cam-degisimi-fiyatlari/,2026-09-29,tek katmanlı sütun; kaynak kalite etiketi yok
XIAOMI,Xiaomi 12,,Mi,Xiaomi 12,BACK_GLASS,UNKNOWN,Arka Cam 6 Ay Garanti,FULL_REPAIR,1100,TRY,true,telefon_profesoru,INDEPENDENT_REPAIR_SERVICE,https://telefonprofesoru.com/xiaomi-arka-cam-degisimi-fiyatlari/,2026-09-29,tek katmanlı sütun; kaynak kalite etiketi yok
XIAOMI,Xiaomi 12S,,Mi,Xiaomi 12S,BACK_GLASS,UNKNOWN,Arka Cam 6 Ay Garanti,FULL_REPAIR,1100,TRY,true,telefon_profesoru,INDEPENDENT_REPAIR_SERVICE,https://telefonprofesoru.com/xiaomi-arka-cam-degisimi-fiyatlari/,2026-09-29,tek katmanlı sütun; kaynak kalite etiketi yok
XIAOMI,Xiaomi 12T,,Mi,Xiaomi 12T,BACK_GLASS,UNKNOWN,Arka Cam 6 Ay Garanti,FULL_REPAIR,900,TRY,true,telefon_profesoru,INDEPENDENT_REPAIR_SERVICE,https://telefonprofesoru.com/xiaomi-arka-cam-degisimi-fiyatlari/,2026-09-29,tek katmanlı sütun; kaynak kalite etiketi yok
XIAOMI,Xiaomi 12 Lite,,Mi,Xiaomi 12 Lite,BACK_GLASS,UNKNOWN,Arka Cam 6 Ay Garanti,FULL_REPAIR,900,TRY,true,telefon_profesoru,INDEPENDENT_REPAIR_SERVICE,https://telefonprofesoru.com/xiaomi-arka-cam-degisimi-fiyatlari/,2026-09-29,tek katmanlı sütun; kaynak kalite etiketi yok
XIAOMI,Redmi Note 12 Pro,,Redmi Note,Redmi Note 12 Pro,BACK_GLASS,UNKNOWN,Arka Cam 6 Ay Garanti,FULL_REPAIR,1100,TRY,true,telefon_profesoru,INDEPENDENT_REPAIR_SERVICE,https://telefonprofesoru.com/xiaomi-arka-cam-degisimi-fiyatlari/,2026-09-29,tek katmanlı sütun; kaynak kalite etiketi yok
XIAOMI,Redmi Note 12 Pro 4G,,Redmi Note,Redmi Note 12 Pro 4G,BACK_GLASS,UNKNOWN,Arka Cam 6 Ay Garanti,FULL_REPAIR,1100,TRY,true,telefon_profesoru,INDEPENDENT_REPAIR_SERVICE,https://telefonprofesoru.com/xiaomi-arka-cam-degisimi-fiyatlari/,2026-09-29,tek katmanlı sütun; kaynak kalite etiketi yok
XIAOMI,Redmi Note 12 Pro 5G,,Redmi Note,Redmi Note 12 Pro 5G,BACK_GLASS,UNKNOWN,Arka Cam 6 Ay Garanti,FULL_REPAIR,1100,TRY,true,telefon_profesoru,INDEPENDENT_REPAIR_SERVICE,https://telefonprofesoru.com/xiaomi-arka-cam-degisimi-fiyatlari/,2026-09-29,tek katmanlı sütun; kaynak kalite etiketi yok
XIAOMI,Redmi Note 12 Pro Plus 5G,,Redmi Note,Redmi Note 12 Pro Plus 5G,BACK_GLASS,UNKNOWN,Arka Cam 6 Ay Garanti,FULL_REPAIR,1100,TRY,true,telefon_profesoru,INDEPENDENT_REPAIR_SERVICE,https://telefonprofesoru.com/xiaomi-arka-cam-degisimi-fiyatlari/,2026-09-29,tek katmanlı sütun; kaynak kalite etiketi yok
XIAOMI,Redmi Note 12,,Redmi Note,Redmi Note 12,BACK_GLASS,UNKNOWN,Arka Cam 6 Ay Garanti,FULL_REPAIR,1100,TRY,true,telefon_profesoru,INDEPENDENT_REPAIR_SERVICE,https://telefonprofesoru.com/xiaomi-arka-cam-degisimi-fiyatlari/,2026-09-29,tek katmanlı sütun; kaynak kalite etiketi yok
XIAOMI,Redmi Note 12 4G,,Redmi Note,Redmi Note 12 4G,BACK_GLASS,UNKNOWN,Arka Cam 6 Ay Garanti,FULL_REPAIR,1100,TRY,true,telefon_profesoru,INDEPENDENT_REPAIR_SERVICE,https://telefonprofesoru.com/xiaomi-arka-cam-degisimi-fiyatlari/,2026-09-29,tek katmanlı sütun; kaynak kalite etiketi yok
XIAOMI,Redmi Note 12 5G,,Redmi Note,Redmi Note 12 5G,BACK_GLASS,UNKNOWN,Arka Cam 6 Ay Garanti,FULL_REPAIR,1100,TRY,true,telefon_profesoru,INDEPENDENT_REPAIR_SERVICE,https://telefonprofesoru.com/xiaomi-arka-cam-degisimi-fiyatlari/,2026-09-29,tek katmanlı sütun; kaynak kalite etiketi yok
XIAOMI,Redmi Note 12 Turbo,,Redmi Note,Redmi Note 12 Turbo,BACK_GLASS,UNKNOWN,Arka Cam 6 Ay Garanti,FULL_REPAIR,1100,TRY,true,telefon_profesoru,INDEPENDENT_REPAIR_SERVICE,https://telefonprofesoru.com/xiaomi-arka-cam-degisimi-fiyatlari/,2026-09-29,tek katmanlı sütun; kaynak kalite etiketi yok
XIAOMI,Redmi Note 12R,,Redmi Note,Redmi Note 12R,BACK_GLASS,UNKNOWN,Arka Cam 6 Ay Garanti,FULL_REPAIR,1100,TRY,true,telefon_profesoru,INDEPENDENT_REPAIR_SERVICE,https://telefonprofesoru.com/xiaomi-arka-cam-degisimi-fiyatlari/,2026-09-29,tek katmanlı sütun; kaynak kalite etiketi yok
XIAOMI,Redmi Note 12S,,Redmi Note,Redmi Note 12S,BACK_GLASS,UNKNOWN,Arka Cam 6 Ay Garanti,FULL_REPAIR,1100,TRY,true,telefon_profesoru,INDEPENDENT_REPAIR_SERVICE,https://telefonprofesoru.com/xiaomi-arka-cam-degisimi-fiyatlari/,2026-09-29,tek katmanlı sütun; kaynak kalite etiketi yok
XIAOMI,Redmi 12,,Redmi,Redmi 12,BACK_GLASS,UNKNOWN,Arka Cam 6 Ay Garanti,FULL_REPAIR,1100,TRY,true,telefon_profesoru,INDEPENDENT_REPAIR_SERVICE,https://telefonprofesoru.com/xiaomi-arka-cam-degisimi-fiyatlari/,2026-09-29,tek katmanlı sütun; kaynak kalite etiketi yok
XIAOMI,Redmi 12 5G,,Redmi,Redmi 12 5G,BACK_GLASS,UNKNOWN,Arka Cam 6 Ay Garanti,FULL_REPAIR,1100,TRY,true,telefon_profesoru,INDEPENDENT_REPAIR_SERVICE,https://telefonprofesoru.com/xiaomi-arka-cam-degisimi-fiyatlari/,2026-09-29,tek katmanlı sütun; kaynak kalite etiketi yok
XIAOMI,Redmi 12C,,Redmi,Redmi 12C,BACK_GLASS,UNKNOWN,Arka Cam 6 Ay Garanti,FULL_REPAIR,1100,TRY,true,telefon_profesoru,INDEPENDENT_REPAIR_SERVICE,https://telefonprofesoru.com/xiaomi-arka-cam-degisimi-fiyatlari/,2026-09-29,tek katmanlı sütun; kaynak kalite etiketi yok
XIAOMI,Mi 11 Ultra,,Mi,Mi 11 Ultra,BACK_GLASS,UNKNOWN,Arka Cam 6 Ay Garanti,FULL_REPAIR,1000,TRY,true,telefon_profesoru,INDEPENDENT_REPAIR_SERVICE,https://telefonprofesoru.com/xiaomi-arka-cam-degisimi-fiyatlari/,2026-09-29,tek katmanlı sütun; kaynak kalite etiketi yok
XIAOMI,Mi 11T Pro,,Mi,Mi 11T Pro,BACK_GLASS,UNKNOWN,Arka Cam 6 Ay Garanti,FULL_REPAIR,1000,TRY,true,telefon_profesoru,INDEPENDENT_REPAIR_SERVICE,https://telefonprofesoru.com/xiaomi-arka-cam-degisimi-fiyatlari/,2026-09-29,tek katmanlı sütun; kaynak kalite etiketi yok
XIAOMI,Mi 11,,Mi,Mi 11,BACK_GLASS,UNKNOWN,Arka Cam 6 Ay Garanti,FULL_REPAIR,900,TRY,true,telefon_profesoru,INDEPENDENT_REPAIR_SERVICE,https://telefonprofesoru.com/xiaomi-arka-cam-degisimi-fiyatlari/,2026-09-29,tek katmanlı sütun; kaynak kalite etiketi yok
XIAOMI,Mi 11T,,Mi,Mi 11T,BACK_GLASS,UNKNOWN,Arka Cam 6 Ay Garanti,FULL_REPAIR,900,TRY,true,telefon_profesoru,INDEPENDENT_REPAIR_SERVICE,https://telefonprofesoru.com/xiaomi-arka-cam-degisimi-fiyatlari/,2026-09-29,tek katmanlı sütun; kaynak kalite etiketi yok
XIAOMI,Mi 11i,,Mi,Mi 11i,BACK_GLASS,UNKNOWN,Arka Cam 6 Ay Garanti,FULL_REPAIR,900,TRY,true,telefon_profesoru,INDEPENDENT_REPAIR_SERVICE,https://telefonprofesoru.com/xiaomi-arka-cam-degisimi-fiyatlari/,2026-09-29,tek katmanlı sütun; kaynak kalite etiketi yok
XIAOMI,Mi 11 Lite,,Mi,Mi 11 Lite,BACK_GLASS,UNKNOWN,Arka Cam 6 Ay Garanti,FULL_REPAIR,900,TRY,true,telefon_profesoru,INDEPENDENT_REPAIR_SERVICE,https://telefonprofesoru.com/xiaomi-arka-cam-degisimi-fiyatlari/,2026-09-29,tek katmanlı sütun; kaynak kalite etiketi yok
XIAOMI,Mi 11 Lite 4G,,Mi,Mi 11 Lite 4G,BACK_GLASS,UNKNOWN,Arka Cam 6 Ay Garanti,FULL_REPAIR,1100,TRY,true,telefon_profesoru,INDEPENDENT_REPAIR_SERVICE,https://telefonprofesoru.com/xiaomi-arka-cam-degisimi-fiyatlari/,2026-09-29,tek katmanlı sütun; kaynak kalite etiketi yok
XIAOMI,Mi 11 Lite 5G,,Mi,Mi 11 Lite 5G,BACK_GLASS,UNKNOWN,Arka Cam 6 Ay Garanti,FULL_REPAIR,1100,TRY,true,telefon_profesoru,INDEPENDENT_REPAIR_SERVICE,https://telefonprofesoru.com/xiaomi-arka-cam-degisimi-fiyatlari/,2026-09-29,tek katmanlı sütun; kaynak kalite etiketi yok
XIAOMI,Mi 11 Lite 5G NE,,Mi,Mi 11 Lite 5G NE,BACK_GLASS,UNKNOWN,Arka Cam 6 Ay Garanti,FULL_REPAIR,1100,TRY,true,telefon_profesoru,INDEPENDENT_REPAIR_SERVICE,https://telefonprofesoru.com/xiaomi-arka-cam-degisimi-fiyatlari/,2026-09-29,tek katmanlı sütun; kaynak kalite etiketi yok
XIAOMI,Redmi Note 11 Pro,,Redmi Note,Redmi Note 11 Pro,BACK_GLASS,UNKNOWN,Arka Cam 6 Ay Garanti,FULL_REPAIR,900,TRY,true,telefon_profesoru,INDEPENDENT_REPAIR_SERVICE,https://telefonprofesoru.com/xiaomi-arka-cam-degisimi-fiyatlari/,2026-09-29,tek katmanlı sütun; kaynak kalite etiketi yok
XIAOMI,Redmi Note 11 Pro 5G,,Redmi Note,Redmi Note 11 Pro 5G,BACK_GLASS,UNKNOWN,Arka Cam 6 Ay Garanti,FULL_REPAIR,900,TRY,true,telefon_profesoru,INDEPENDENT_REPAIR_SERVICE,https://telefonprofesoru.com/xiaomi-arka-cam-degisimi-fiyatlari/,2026-09-29,tek katmanlı sütun; kaynak kalite etiketi yok
XIAOMI,Redmi Note 11 Pro Plus,,Redmi Note,Redmi Note 11 Pro Plus,BACK_GLASS,UNKNOWN,Arka Cam 6 Ay Garanti,FULL_REPAIR,900,TRY,true,telefon_profesoru,INDEPENDENT_REPAIR_SERVICE,https://telefonprofesoru.com/xiaomi-arka-cam-degisimi-fiyatlari/,2026-09-29,tek katmanlı sütun; kaynak kalite etiketi yok
XIAOMI,Redmi Note 11,,Redmi Note,Redmi Note 11,BACK_GLASS,UNKNOWN,Arka Cam 6 Ay Garanti,FULL_REPAIR,900,TRY,true,telefon_profesoru,INDEPENDENT_REPAIR_SERVICE,https://telefonprofesoru.com/xiaomi-arka-cam-degisimi-fiyatlari/,2026-09-29,tek katmanlı sütun; kaynak kalite etiketi yok
XIAOMI,Redmi Note 11 SE,,Redmi Note,Redmi Note 11 SE,BACK_GLASS,UNKNOWN,Arka Cam 6 Ay Garanti,FULL_REPAIR,900,TRY,true,telefon_profesoru,INDEPENDENT_REPAIR_SERVICE,https://telefonprofesoru.com/xiaomi-arka-cam-degisimi-fiyatlari/,2026-09-29,tek katmanlı sütun; kaynak kalite etiketi yok
XIAOMI,Redmi Note 11E,,Redmi Note,Redmi Note 11E,BACK_GLASS,UNKNOWN,Arka Cam 6 Ay Garanti,FULL_REPAIR,900,TRY,true,telefon_profesoru,INDEPENDENT_REPAIR_SERVICE,https://telefonprofesoru.com/xiaomi-arka-cam-degisimi-fiyatlari/,2026-09-29,tek katmanlı sütun; kaynak kalite etiketi yok
XIAOMI,Redmi Note 11R,,Redmi Note,Redmi Note 11R,BACK_GLASS,UNKNOWN,Arka Cam 6 Ay Garanti,FULL_REPAIR,900,TRY,true,telefon_profesoru,INDEPENDENT_REPAIR_SERVICE,https://telefonprofesoru.com/xiaomi-arka-cam-degisimi-fiyatlari/,2026-09-29,tek katmanlı sütun; kaynak kalite etiketi yok
XIAOMI,Redmi Note 11S,,Redmi Note,Redmi Note 11S,BACK_GLASS,UNKNOWN,Arka Cam 6 Ay Garanti,FULL_REPAIR,900,TRY,true,telefon_profesoru,INDEPENDENT_REPAIR_SERVICE,https://telefonprofesoru.com/xiaomi-arka-cam-degisimi-fiyatlari/,2026-09-29,tek katmanlı sütun; kaynak kalite etiketi yok
XIAOMI,Redmi 11 Prime,,Redmi,Redmi 11 Prime,BACK_GLASS,UNKNOWN,Arka Cam 6 Ay Garanti,FULL_REPAIR,900,TRY,true,telefon_profesoru,INDEPENDENT_REPAIR_SERVICE,https://telefonprofesoru.com/xiaomi-arka-cam-degisimi-fiyatlari/,2026-09-29,tek katmanlı sütun; kaynak kalite etiketi yok
XIAOMI,Redmi Note 10 Pro,,Redmi Note,Redmi Note 10 Pro,BACK_GLASS,UNKNOWN,Arka Cam 6 Ay Garanti,FULL_REPAIR,1100,TRY,true,telefon_profesoru,INDEPENDENT_REPAIR_SERVICE,https://telefonprofesoru.com/xiaomi-arka-cam-degisimi-fiyatlari/,2026-09-29,tek katmanlı sütun; kaynak kalite etiketi yok
XIAOMI,Redmi Note 10 Pro 5G,,Redmi Note,Redmi Note 10 Pro 5G,BACK_GLASS,UNKNOWN,Arka Cam 6 Ay Garanti,FULL_REPAIR,1100,TRY,true,telefon_profesoru,INDEPENDENT_REPAIR_SERVICE,https://telefonprofesoru.com/xiaomi-arka-cam-degisimi-fiyatlari/,2026-09-29,tek katmanlı sütun; kaynak kalite etiketi yok
XIAOMI,Redmi Note 10,,Redmi Note,Redmi Note 10,BACK_GLASS,UNKNOWN,Arka Cam 6 Ay Garanti,FULL_REPAIR,1100,TRY,true,telefon_profesoru,INDEPENDENT_REPAIR_SERVICE,https://telefonprofesoru.com/xiaomi-arka-cam-degisimi-fiyatlari/,2026-09-29,tek katmanlı sütun; kaynak kalite etiketi yok
XIAOMI,Redmi Note 10 5G,,Redmi Note,Redmi Note 10 5G,BACK_GLASS,UNKNOWN,Arka Cam 6 Ay Garanti,FULL_REPAIR,1100,TRY,true,telefon_profesoru,INDEPENDENT_REPAIR_SERVICE,https://telefonprofesoru.com/xiaomi-arka-cam-degisimi-fiyatlari/,2026-09-29,tek katmanlı sütun; kaynak kalite etiketi yok
XIAOMI,Redmi Note 10S,,Redmi Note,Redmi Note 10S,BACK_GLASS,UNKNOWN,Arka Cam 6 Ay Garanti,FULL_REPAIR,1100,TRY,true,telefon_profesoru,INDEPENDENT_REPAIR_SERVICE,https://telefonprofesoru.com/xiaomi-arka-cam-degisimi-fiyatlari/,2026-09-29,tek katmanlı sütun; kaynak kalite etiketi yok
XIAOMI,Redmi Note 10S 4G,,Redmi Note,Redmi Note 10S 4G,BACK_GLASS,UNKNOWN,Arka Cam 6 Ay Garanti,FULL_REPAIR,1100,TRY,true,telefon_profesoru,INDEPENDENT_REPAIR_SERVICE,https://telefonprofesoru.com/xiaomi-arka-cam-degisimi-fiyatlari/,2026-09-29,tek katmanlı sütun; kaynak kalite etiketi yok
XIAOMI,Redmi 10,,Redmi,Redmi 10,BACK_GLASS,UNKNOWN,Arka Cam 6 Ay Garanti,FULL_REPAIR,1100,TRY,true,telefon_profesoru,INDEPENDENT_REPAIR_SERVICE,https://telefonprofesoru.com/xiaomi-arka-cam-degisimi-fiyatlari/,2026-09-29,tek katmanlı sütun; kaynak kalite etiketi yok
XIAOMI,Redmi 10 5G,,Redmi,Redmi 10 5G,BACK_GLASS,UNKNOWN,Arka Cam 6 Ay Garanti,FULL_REPAIR,1100,TRY,true,telefon_profesoru,INDEPENDENT_REPAIR_SERVICE,https://telefonprofesoru.com/xiaomi-arka-cam-degisimi-fiyatlari/,2026-09-29,tek katmanlı sütun; kaynak kalite etiketi yok
XIAOMI,Redmi 10A,,Redmi,Redmi 10A,BACK_GLASS,UNKNOWN,Arka Cam 6 Ay Garanti,FULL_REPAIR,1100,TRY,true,telefon_profesoru,INDEPENDENT_REPAIR_SERVICE,https://telefonprofesoru.com/xiaomi-arka-cam-degisimi-fiyatlari/,2026-09-29,tek katmanlı sütun; kaynak kalite etiketi yok
XIAOMI,Redmi 10C,,Redmi,Redmi 10C,BACK_GLASS,UNKNOWN,Arka Cam 6 Ay Garanti,FULL_REPAIR,1100,TRY,true,telefon_profesoru,INDEPENDENT_REPAIR_SERVICE,https://telefonprofesoru.com/xiaomi-arka-cam-degisimi-fiyatlari/,2026-09-29,tek katmanlı sütun; kaynak kalite etiketi yok
XIAOMI,Redmi Note 9 Pro Max,,Redmi Note,Redmi Note 9 Pro Max,BACK_GLASS,UNKNOWN,Arka Cam 6 Ay Garanti,FULL_REPAIR,1100,TRY,true,telefon_profesoru,INDEPENDENT_REPAIR_SERVICE,https://telefonprofesoru.com/xiaomi-arka-cam-degisimi-fiyatlari/,2026-09-29,tek katmanlı sütun; kaynak kalite etiketi yok
XIAOMI,Redmi Note 9 Pro,,Redmi Note,Redmi Note 9 Pro,BACK_GLASS,UNKNOWN,Arka Cam 6 Ay Garanti,FULL_REPAIR,1100,TRY,true,telefon_profesoru,INDEPENDENT_REPAIR_SERVICE,https://telefonprofesoru.com/xiaomi-arka-cam-degisimi-fiyatlari/,2026-09-29,tek katmanlı sütun; kaynak kalite etiketi yok
XIAOMI,Redmi Note 9 Pro 5G,,Redmi Note,Redmi Note 9 Pro 5G,BACK_GLASS,UNKNOWN,Arka Cam 6 Ay Garanti,FULL_REPAIR,1100,TRY,true,telefon_profesoru,INDEPENDENT_REPAIR_SERVICE,https://telefonprofesoru.com/xiaomi-arka-cam-degisimi-fiyatlari/,2026-09-29,tek katmanlı sütun; kaynak kalite etiketi yok
XIAOMI,Redmi Note 9,,Redmi Note,Redmi Note 9,BACK_GLASS,UNKNOWN,Arka Cam 6 Ay Garanti,FULL_REPAIR,1100,TRY,true,telefon_profesoru,INDEPENDENT_REPAIR_SERVICE,https://telefonprofesoru.com/xiaomi-arka-cam-degisimi-fiyatlari/,2026-09-29,tek katmanlı sütun; kaynak kalite etiketi yok
XIAOMI,Redmi Note 9S,,Redmi Note,Redmi Note 9S,BACK_GLASS,UNKNOWN,Arka Cam 6 Ay Garanti,FULL_REPAIR,1100,TRY,true,telefon_profesoru,INDEPENDENT_REPAIR_SERVICE,https://telefonprofesoru.com/xiaomi-arka-cam-degisimi-fiyatlari/,2026-09-29,tek katmanlı sütun; kaynak kalite etiketi yok
XIAOMI,Redmi Note 9T,,Redmi Note,Redmi Note 9T,BACK_GLASS,UNKNOWN,Arka Cam 6 Ay Garanti,FULL_REPAIR,1100,TRY,true,telefon_profesoru,INDEPENDENT_REPAIR_SERVICE,https://telefonprofesoru.com/xiaomi-arka-cam-degisimi-fiyatlari/,2026-09-29,tek katmanlı sütun; kaynak kalite etiketi yok
XIAOMI,Mi 9T Pro,,Mi,Mi 9T Pro,BACK_GLASS,UNKNOWN,Arka Cam 6 Ay Garanti,FULL_REPAIR,1100,TRY,true,telefon_profesoru,INDEPENDENT_REPAIR_SERVICE,https://telefonprofesoru.com/xiaomi-arka-cam-degisimi-fiyatlari/,2026-09-29,tek katmanlı sütun; kaynak kalite etiketi yok
XIAOMI,Mi 9,,Mi,Mi 9,BACK_GLASS,UNKNOWN,Arka Cam 6 Ay Garanti,FULL_REPAIR,1100,TRY,true,telefon_profesoru,INDEPENDENT_REPAIR_SERVICE,https://telefonprofesoru.com/xiaomi-arka-cam-degisimi-fiyatlari/,2026-09-29,tek katmanlı sütun; kaynak kalite etiketi yok
XIAOMI,Mi 9 SE,,Mi,Mi 9 SE,BACK_GLASS,UNKNOWN,Arka Cam 6 Ay Garanti,FULL_REPAIR,1100,TRY,true,telefon_profesoru,INDEPENDENT_REPAIR_SERVICE,https://telefonprofesoru.com/xiaomi-arka-cam-degisimi-fiyatlari/,2026-09-29,tek katmanlı sütun; kaynak kalite etiketi yok
XIAOMI,Mi 9T,,Mi,Mi 9T,BACK_GLASS,UNKNOWN,Arka Cam 6 Ay Garanti,FULL_REPAIR,1100,TRY,true,telefon_profesoru,INDEPENDENT_REPAIR_SERVICE,https://telefonprofesoru.com/xiaomi-arka-cam-degisimi-fiyatlari/,2026-09-29,tek katmanlı sütun; kaynak kalite etiketi yok
XIAOMI,Mi 9 Lite,,Mi,Mi 9 Lite,BACK_GLASS,UNKNOWN,Arka Cam 6 Ay Garanti,FULL_REPAIR,1100,TRY,true,telefon_profesoru,INDEPENDENT_REPAIR_SERVICE,https://telefonprofesoru.com/xiaomi-arka-cam-degisimi-fiyatlari/,2026-09-29,tek katmanlı sütun; kaynak kalite etiketi yok
XIAOMI,Redmi 9,,Redmi,Redmi 9,BACK_GLASS,UNKNOWN,Arka Cam 6 Ay Garanti,FULL_REPAIR,1100,TRY,true,telefon_profesoru,INDEPENDENT_REPAIR_SERVICE,https://telefonprofesoru.com/xiaomi-arka-cam-degisimi-fiyatlari/,2026-09-29,tek katmanlı sütun; kaynak kalite etiketi yok
XIAOMI,Redmi 9A,,Redmi,Redmi 9A,BACK_GLASS,UNKNOWN,Arka Cam 6 Ay Garanti,FULL_REPAIR,1100,TRY,true,telefon_profesoru,INDEPENDENT_REPAIR_SERVICE,https://telefonprofesoru.com/xiaomi-arka-cam-degisimi-fiyatlari/,2026-09-29,tek katmanlı sütun; kaynak kalite etiketi yok
XIAOMI,Redmi 9C,,Redmi,Redmi 9C,BACK_GLASS,UNKNOWN,Arka Cam 6 Ay Garanti,FULL_REPAIR,1100,TRY,true,telefon_profesoru,INDEPENDENT_REPAIR_SERVICE,https://telefonprofesoru.com/xiaomi-arka-cam-degisimi-fiyatlari/,2026-09-29,tek katmanlı sütun; kaynak kalite etiketi yok
XIAOMI,Redmi 9T,,Redmi,Redmi 9T,BACK_GLASS,UNKNOWN,Arka Cam 6 Ay Garanti,FULL_REPAIR,1100,TRY,true,telefon_profesoru,INDEPENDENT_REPAIR_SERVICE,https://telefonprofesoru.com/xiaomi-arka-cam-degisimi-fiyatlari/,2026-09-29,tek katmanlı sütun; kaynak kalite etiketi yok
XIAOMI,Mi 15 Ultra,,Mi,Mi 15 Ultra,BACK_GLASS,UNKNOWN,card: KDV dahil net fiyat,FULL_REPAIR,1800,TRY,true,telefon_profesoru,INDEPENDENT_REPAIR_SERVICE,https://telefonprofesoru.com/xiaomi-arka-cam-degisimi-fiyatlari/,2026-09-29,kart satırı; katman etiketi sayfada yok
XIAOMI,Redmi 15C,,Redmi,Redmi 15C,BACK_GLASS,UNKNOWN,card: KDV dahil net fiyat,FULL_REPAIR,1100,TRY,true,telefon_profesoru,INDEPENDENT_REPAIR_SERVICE,https://telefonprofesoru.com/xiaomi-arka-cam-degisimi-fiyatlari/,2026-09-29,kart satırı; katman etiketi sayfada yok
XIAOMI,Mi 10,,Mi,Mi 10,BACK_GLASS,UNKNOWN,card: KDV dahil net fiyat,FULL_REPAIR,1100,TRY,true,telefon_profesoru,INDEPENDENT_REPAIR_SERVICE,https://telefonprofesoru.com/xiaomi-arka-cam-degisimi-fiyatlari/,2026-09-29,kart satırı; katman etiketi sayfada yok
XIAOMI,Mi Note 10 Lite,,Mi,Mi Note 10 Lite,BACK_GLASS,UNKNOWN,card: KDV dahil net fiyat,FULL_REPAIR,1100,TRY,true,telefon_profesoru,INDEPENDENT_REPAIR_SERVICE,https://telefonprofesoru.com/xiaomi-arka-cam-degisimi-fiyatlari/,2026-09-29,kart satırı; katman etiketi sayfada yok
XIAOMI,Mi 8 Pro,,Mi,Mi 8 Pro,BACK_GLASS,UNKNOWN,card: KDV dahil net fiyat,FULL_REPAIR,1100,TRY,true,telefon_profesoru,INDEPENDENT_REPAIR_SERVICE,https://telefonprofesoru.com/xiaomi-arka-cam-degisimi-fiyatlari/,2026-09-29,kart satırı; katman etiketi sayfada yok
XIAOMI,Redmi K70E,,Redmi,Redmi K70E,CHARGING_PORT,UNKNOWN,Şarj Soketi 6 Ay Garanti,FULL_REPAIR,1000,TRY,true,telefon_profesoru,INDEPENDENT_REPAIR_SERVICE,https://telefonprofesoru.com/xiaomi-sarj-soketi-degisimi-fiyatlari/,2026-09-29,tek katmanlı sütun; kaynak kalite etiketi yok
XIAOMI,Redmi K60 Pro,,Redmi,Redmi K60 Pro,CHARGING_PORT,UNKNOWN,Şarj Soketi 6 Ay Garanti,FULL_REPAIR,1000,TRY,true,telefon_profesoru,INDEPENDENT_REPAIR_SERVICE,https://telefonprofesoru.com/xiaomi-sarj-soketi-degisimi-fiyatlari/,2026-09-29,tek katmanlı sütun; kaynak kalite etiketi yok
XIAOMI,Redmi K60,,Redmi,Redmi K60,CHARGING_PORT,UNKNOWN,Şarj Soketi 6 Ay Garanti,FULL_REPAIR,1000,TRY,true,telefon_profesoru,INDEPENDENT_REPAIR_SERVICE,https://telefonprofesoru.com/xiaomi-sarj-soketi-degisimi-fiyatlari/,2026-09-29,tek katmanlı sütun; kaynak kalite etiketi yok
XIAOMI,Redmi K50 Gaming,,Redmi,Redmi K50 Gaming,CHARGING_PORT,UNKNOWN,Şarj Soketi 6 Ay Garanti,FULL_REPAIR,1000,TRY,true,telefon_profesoru,INDEPENDENT_REPAIR_SERVICE,https://telefonprofesoru.com/xiaomi-sarj-soketi-degisimi-fiyatlari/,2026-09-29,tek katmanlı sütun; kaynak kalite etiketi yok
XIAOMI,Redmi K40 Pro,,Redmi,Redmi K40 Pro,CHARGING_PORT,UNKNOWN,Şarj Soketi 6 Ay Garanti,FULL_REPAIR,1000,TRY,true,telefon_profesoru,INDEPENDENT_REPAIR_SERVICE,https://telefonprofesoru.com/xiaomi-sarj-soketi-degisimi-fiyatlari/,2026-09-29,tek katmanlı sütun; kaynak kalite etiketi yok
XIAOMI,Redmi K40,,Redmi,Redmi K40,CHARGING_PORT,UNKNOWN,Şarj Soketi 6 Ay Garanti,FULL_REPAIR,1000,TRY,true,telefon_profesoru,INDEPENDENT_REPAIR_SERVICE,https://telefonprofesoru.com/xiaomi-sarj-soketi-degisimi-fiyatlari/,2026-09-29,tek katmanlı sütun; kaynak kalite etiketi yok
XIAOMI,Redmi K40 Gaming,,Redmi,Redmi K40 Gaming,CHARGING_PORT,UNKNOWN,Şarj Soketi 6 Ay Garanti,FULL_REPAIR,1000,TRY,true,telefon_profesoru,INDEPENDENT_REPAIR_SERVICE,https://telefonprofesoru.com/xiaomi-sarj-soketi-degisimi-fiyatlari/,2026-09-29,tek katmanlı sütun; kaynak kalite etiketi yok
XIAOMI,Mi 15 Ultra,,Mi,Mi 15 Ultra,CHARGING_PORT,UNKNOWN,Şarj Soketi 6 Ay Garanti,FULL_REPAIR,2250,TRY,true,telefon_profesoru,INDEPENDENT_REPAIR_SERVICE,https://telefonprofesoru.com/xiaomi-sarj-soketi-degisimi-fiyatlari/,2026-09-29,tek katmanlı sütun; kaynak kalite etiketi yok
XIAOMI,Mi 15 Pro,,Mi,Mi 15 Pro,CHARGING_PORT,UNKNOWN,Şarj Soketi 6 Ay Garanti,FULL_REPAIR,2250,TRY,true,telefon_profesoru,INDEPENDENT_REPAIR_SERVICE,https://telefonprofesoru.com/xiaomi-sarj-soketi-degisimi-fiyatlari/,2026-09-29,tek katmanlı sütun; kaynak kalite etiketi yok
XIAOMI,Mi 15,,Mi,Mi 15,CHARGING_PORT,UNKNOWN,Şarj Soketi 6 Ay Garanti,FULL_REPAIR,2250,TRY,true,telefon_profesoru,INDEPENDENT_REPAIR_SERVICE,https://telefonprofesoru.com/xiaomi-sarj-soketi-degisimi-fiyatlari/,2026-09-29,tek katmanlı sütun; kaynak kalite etiketi yok
XIAOMI,Redmi 15C,,Redmi,Redmi 15C,CHARGING_PORT,UNKNOWN,Şarj Soketi 6 Ay Garanti,FULL_REPAIR,1250,TRY,true,telefon_profesoru,INDEPENDENT_REPAIR_SERVICE,https://telefonprofesoru.com/xiaomi-sarj-soketi-degisimi-fiyatlari/,2026-09-29,tek katmanlı sütun; kaynak kalite etiketi yok
XIAOMI,Xiaomi 14 Ultra,,Mi,Xiaomi 14 Ultra,CHARGING_PORT,UNKNOWN,Şarj Soketi 6 Ay Garanti,FULL_REPAIR,2500,TRY,true,telefon_profesoru,INDEPENDENT_REPAIR_SERVICE,https://telefonprofesoru.com/xiaomi-sarj-soketi-degisimi-fiyatlari/,2026-09-29,tek katmanlı sütun; kaynak kalite etiketi yok
XIAOMI,Xiaomi 14 Pro,,Mi,Xiaomi 14 Pro,CHARGING_PORT,UNKNOWN,Şarj Soketi 6 Ay Garanti,FULL_REPAIR,1500,TRY,true,telefon_profesoru,INDEPENDENT_REPAIR_SERVICE,https://telefonprofesoru.com/xiaomi-sarj-soketi-degisimi-fiyatlari/,2026-09-29,tek katmanlı sütun; kaynak kalite etiketi yok
XIAOMI,Xiaomi 14T Pro,,Mi,Xiaomi 14T Pro,CHARGING_PORT,UNKNOWN,Şarj Soketi 6 Ay Garanti,FULL_REPAIR,2000,TRY,true,telefon_profesoru,INDEPENDENT_REPAIR_SERVICE,https://telefonprofesoru.com/xiaomi-sarj-soketi-degisimi-fiyatlari/,2026-09-29,tek katmanlı sütun; kaynak kalite etiketi yok
XIAOMI,Xiaomi 14,,Mi,Xiaomi 14,CHARGING_PORT,UNKNOWN,Şarj Soketi 6 Ay Garanti,FULL_REPAIR,1750,TRY,true,telefon_profesoru,INDEPENDENT_REPAIR_SERVICE,https://telefonprofesoru.com/xiaomi-sarj-soketi-degisimi-fiyatlari/,2026-09-29,tek katmanlı sütun; kaynak kalite etiketi yok
XIAOMI,Xiaomi 14T,,Mi,Xiaomi 14T,CHARGING_PORT,UNKNOWN,Şarj Soketi 6 Ay Garanti,FULL_REPAIR,1750,TRY,true,telefon_profesoru,INDEPENDENT_REPAIR_SERVICE,https://telefonprofesoru.com/xiaomi-sarj-soketi-degisimi-fiyatlari/,2026-09-29,tek katmanlı sütun; kaynak kalite etiketi yok
XIAOMI,Redmi Note 14 Pro,,Redmi Note,Redmi Note 14 Pro,CHARGING_PORT,UNKNOWN,Şarj Soketi 6 Ay Garanti,FULL_REPAIR,1500,TRY,true,telefon_profesoru,INDEPENDENT_REPAIR_SERVICE,https://telefonprofesoru.com/xiaomi-sarj-soketi-degisimi-fiyatlari/,2026-09-29,tek katmanlı sütun; kaynak kalite etiketi yok
XIAOMI,Redmi Note 14 Pro 4G,,Redmi Note,Redmi Note 14 Pro 4G,CHARGING_PORT,UNKNOWN,Şarj Soketi 6 Ay Garanti,FULL_REPAIR,1500,TRY,true,telefon_profesoru,INDEPENDENT_REPAIR_SERVICE,https://telefonprofesoru.com/xiaomi-sarj-soketi-degisimi-fiyatlari/,2026-09-29,tek katmanlı sütun; kaynak kalite etiketi yok
XIAOMI,Redmi Note 14 Pro Plus,,Redmi Note,Redmi Note 14 Pro Plus,CHARGING_PORT,UNKNOWN,Şarj Soketi 6 Ay Garanti,FULL_REPAIR,1500,TRY,true,telefon_profesoru,INDEPENDENT_REPAIR_SERVICE,https://telefonprofesoru.com/xiaomi-sarj-soketi-degisimi-fiyatlari/,2026-09-29,tek katmanlı sütun; kaynak kalite etiketi yok
XIAOMI,Redmi Note 14 Pro Plus 5G,,Redmi Note,Redmi Note 14 Pro Plus 5G,CHARGING_PORT,UNKNOWN,Şarj Soketi 6 Ay Garanti,FULL_REPAIR,1500,TRY,true,telefon_profesoru,INDEPENDENT_REPAIR_SERVICE,https://telefonprofesoru.com/xiaomi-sarj-soketi-degisimi-fiyatlari/,2026-09-29,tek katmanlı sütun; kaynak kalite etiketi yok
XIAOMI,Redmi Note 14,,Redmi Note,Redmi Note 14,CHARGING_PORT,UNKNOWN,Şarj Soketi 6 Ay Garanti,FULL_REPAIR,1000,TRY,true,telefon_profesoru,INDEPENDENT_REPAIR_SERVICE,https://telefonprofesoru.com/xiaomi-sarj-soketi-degisimi-fiyatlari/,2026-09-29,tek katmanlı sütun; kaynak kalite etiketi yok
XIAOMI,Redmi Note 14 4G,,Redmi Note,Redmi Note 14 4G,CHARGING_PORT,UNKNOWN,Şarj Soketi 6 Ay Garanti,FULL_REPAIR,1000,TRY,true,telefon_profesoru,INDEPENDENT_REPAIR_SERVICE,https://telefonprofesoru.com/xiaomi-sarj-soketi-degisimi-fiyatlari/,2026-09-29,tek katmanlı sütun; kaynak kalite etiketi yok
XIAOMI,Redmi Note 14 5G,,Redmi Note,Redmi Note 14 5G,CHARGING_PORT,UNKNOWN,Şarj Soketi 6 Ay Garanti,FULL_REPAIR,1000,TRY,true,telefon_profesoru,INDEPENDENT_REPAIR_SERVICE,https://telefonprofesoru.com/xiaomi-sarj-soketi-degisimi-fiyatlari/,2026-09-29,tek katmanlı sütun; kaynak kalite etiketi yok
XIAOMI,Redmi 14C,,Redmi,Redmi 14C,CHARGING_PORT,UNKNOWN,Şarj Soketi 6 Ay Garanti,FULL_REPAIR,800,TRY,true,telefon_profesoru,INDEPENDENT_REPAIR_SERVICE,https://telefonprofesoru.com/xiaomi-sarj-soketi-degisimi-fiyatlari/,2026-09-29,tek katmanlı sütun; kaynak kalite etiketi yok
XIAOMI,Redmi 14R,,Redmi,Redmi 14R,CHARGING_PORT,UNKNOWN,Şarj Soketi 6 Ay Garanti,FULL_REPAIR,800,TRY,true,telefon_profesoru,INDEPENDENT_REPAIR_SERVICE,https://telefonprofesoru.com/xiaomi-sarj-soketi-degisimi-fiyatlari/,2026-09-29,tek katmanlı sütun; kaynak kalite etiketi yok
XIAOMI,Xiaomi 13 Ultra,,Mi,Xiaomi 13 Ultra,CHARGING_PORT,UNKNOWN,Şarj Soketi 6 Ay Garanti,FULL_REPAIR,2000,TRY,true,telefon_profesoru,INDEPENDENT_REPAIR_SERVICE,https://telefonprofesoru.com/xiaomi-sarj-soketi-degisimi-fiyatlari/,2026-09-29,tek katmanlı sütun; kaynak kalite etiketi yok
XIAOMI,Xiaomi 13 Pro,,Mi,Xiaomi 13 Pro,CHARGING_PORT,UNKNOWN,Şarj Soketi 6 Ay Garanti,FULL_REPAIR,1250,TRY,true,telefon_profesoru,INDEPENDENT_REPAIR_SERVICE,https://telefonprofesoru.com/xiaomi-sarj-soketi-degisimi-fiyatlari/,2026-09-29,tek katmanlı sütun; kaynak kalite etiketi yok
XIAOMI,Xiaomi 13T Pro,,Mi,Xiaomi 13T Pro,CHARGING_PORT,UNKNOWN,Şarj Soketi 6 Ay Garanti,FULL_REPAIR,1750,TRY,true,telefon_profesoru,INDEPENDENT_REPAIR_SERVICE,https://telefonprofesoru.com/xiaomi-sarj-soketi-degisimi-fiyatlari/,2026-09-29,tek katmanlı sütun; kaynak kalite etiketi yok
XIAOMI,Xiaomi 13,,Mi,Xiaomi 13,CHARGING_PORT,UNKNOWN,Şarj Soketi 6 Ay Garanti,FULL_REPAIR,1000,TRY,true,telefon_profesoru,INDEPENDENT_REPAIR_SERVICE,https://telefonprofesoru.com/xiaomi-sarj-soketi-degisimi-fiyatlari/,2026-09-29,tek katmanlı sütun; kaynak kalite etiketi yok
XIAOMI,Xiaomi 13T,,Mi,Xiaomi 13T,CHARGING_PORT,UNKNOWN,Şarj Soketi 6 Ay Garanti,FULL_REPAIR,1000,TRY,true,telefon_profesoru,INDEPENDENT_REPAIR_SERVICE,https://telefonprofesoru.com/xiaomi-sarj-soketi-degisimi-fiyatlari/,2026-09-29,tek katmanlı sütun; kaynak kalite etiketi yok
XIAOMI,Xiaomi 13 Lite,,Mi,Xiaomi 13 Lite,CHARGING_PORT,UNKNOWN,Şarj Soketi 6 Ay Garanti,FULL_REPAIR,1000,TRY,true,telefon_profesoru,INDEPENDENT_REPAIR_SERVICE,https://telefonprofesoru.com/xiaomi-sarj-soketi-degisimi-fiyatlari/,2026-09-29,tek katmanlı sütun; kaynak kalite etiketi yok
XIAOMI,Redmi Note 13 Pro 4G,,Redmi Note,Redmi Note 13 Pro 4G,CHARGING_PORT,UNKNOWN,Şarj Soketi 6 Ay Garanti,FULL_REPAIR,1000,TRY,true,telefon_profesoru,INDEPENDENT_REPAIR_SERVICE,https://telefonprofesoru.com/xiaomi-sarj-soketi-degisimi-fiyatlari/,2026-09-29,tek katmanlı sütun; kaynak kalite etiketi yok
XIAOMI,Redmi Note 13 Pro 5G,,Redmi Note,Redmi Note 13 Pro 5G,CHARGING_PORT,UNKNOWN,Şarj Soketi 6 Ay Garanti,FULL_REPAIR,1000,TRY,true,telefon_profesoru,INDEPENDENT_REPAIR_SERVICE,https://telefonprofesoru.com/xiaomi-sarj-soketi-degisimi-fiyatlari/,2026-09-29,tek katmanlı sütun; kaynak kalite etiketi yok
XIAOMI,Redmi Note 13 Pro Plus,,Redmi Note,Redmi Note 13 Pro Plus,CHARGING_PORT,UNKNOWN,Şarj Soketi 6 Ay Garanti,FULL_REPAIR,1000,TRY,true,telefon_profesoru,INDEPENDENT_REPAIR_SERVICE,https://telefonprofesoru.com/xiaomi-sarj-soketi-degisimi-fiyatlari/,2026-09-29,tek katmanlı sütun; kaynak kalite etiketi yok
XIAOMI,Redmi Note 13,,Redmi Note,Redmi Note 13,CHARGING_PORT,UNKNOWN,Şarj Soketi 6 Ay Garanti,FULL_REPAIR,800,TRY,true,telefon_profesoru,INDEPENDENT_REPAIR_SERVICE,https://telefonprofesoru.com/xiaomi-sarj-soketi-degisimi-fiyatlari/,2026-09-29,tek katmanlı sütun; kaynak kalite etiketi yok
XIAOMI,Redmi Note 13 4G,,Redmi Note,Redmi Note 13 4G,CHARGING_PORT,UNKNOWN,Şarj Soketi 6 Ay Garanti,FULL_REPAIR,800,TRY,true,telefon_profesoru,INDEPENDENT_REPAIR_SERVICE,https://telefonprofesoru.com/xiaomi-sarj-soketi-degisimi-fiyatlari/,2026-09-29,tek katmanlı sütun; kaynak kalite etiketi yok
XIAOMI,Redmi Note 13R,,Redmi Note,Redmi Note 13R,CHARGING_PORT,UNKNOWN,Şarj Soketi 6 Ay Garanti,FULL_REPAIR,800,TRY,true,telefon_profesoru,INDEPENDENT_REPAIR_SERVICE,https://telefonprofesoru.com/xiaomi-sarj-soketi-degisimi-fiyatlari/,2026-09-29,tek katmanlı sütun; kaynak kalite etiketi yok
XIAOMI,Redmi 13,,Redmi,Redmi 13,CHARGING_PORT,UNKNOWN,Şarj Soketi 6 Ay Garanti,FULL_REPAIR,800,TRY,true,telefon_profesoru,INDEPENDENT_REPAIR_SERVICE,https://telefonprofesoru.com/xiaomi-sarj-soketi-degisimi-fiyatlari/,2026-09-29,tek katmanlı sütun; kaynak kalite etiketi yok
XIAOMI,Redmi 13 5G,,Redmi,Redmi 13 5G,CHARGING_PORT,UNKNOWN,Şarj Soketi 6 Ay Garanti,FULL_REPAIR,800,TRY,true,telefon_profesoru,INDEPENDENT_REPAIR_SERVICE,https://telefonprofesoru.com/xiaomi-sarj-soketi-degisimi-fiyatlari/,2026-09-29,tek katmanlı sütun; kaynak kalite etiketi yok
XIAOMI,Redmi 13C,,Redmi,Redmi 13C,CHARGING_PORT,UNKNOWN,Şarj Soketi 6 Ay Garanti,FULL_REPAIR,800,TRY,true,telefon_profesoru,INDEPENDENT_REPAIR_SERVICE,https://telefonprofesoru.com/xiaomi-sarj-soketi-degisimi-fiyatlari/,2026-09-29,tek katmanlı sütun; kaynak kalite etiketi yok
XIAOMI,Redmi 13C 5G,,Redmi,Redmi 13C 5G,CHARGING_PORT,UNKNOWN,Şarj Soketi 6 Ay Garanti,FULL_REPAIR,800,TRY,true,telefon_profesoru,INDEPENDENT_REPAIR_SERVICE,https://telefonprofesoru.com/xiaomi-sarj-soketi-degisimi-fiyatlari/,2026-09-29,tek katmanlı sütun; kaynak kalite etiketi yok
XIAOMI,Xiaomi 12 Ultra,,Mi,Xiaomi 12 Ultra,CHARGING_PORT,UNKNOWN,Şarj Soketi 6 Ay Garanti,FULL_REPAIR,1750,TRY,true,telefon_profesoru,INDEPENDENT_REPAIR_SERVICE,https://telefonprofesoru.com/xiaomi-sarj-soketi-degisimi-fiyatlari/,2026-09-29,tek katmanlı sütun; kaynak kalite etiketi yok
XIAOMI,Xiaomi 12 Pro,,Mi,Xiaomi 12 Pro,CHARGING_PORT,UNKNOWN,Şarj Soketi 6 Ay Garanti,FULL_REPAIR,1200,TRY,true,telefon_profesoru,INDEPENDENT_REPAIR_SERVICE,https://telefonprofesoru.com/xiaomi-sarj-soketi-degisimi-fiyatlari/,2026-09-29,tek katmanlı sütun; kaynak kalite etiketi yok
XIAOMI,Xiaomi 12T Pro,,Mi,Xiaomi 12T Pro,CHARGING_PORT,UNKNOWN,Şarj Soketi 6 Ay Garanti,FULL_REPAIR,1200,TRY,true,telefon_profesoru,INDEPENDENT_REPAIR_SERVICE,https://telefonprofesoru.com/xiaomi-sarj-soketi-degisimi-fiyatlari/,2026-09-29,tek katmanlı sütun; kaynak kalite etiketi yok
XIAOMI,Xiaomi 12,,Mi,Xiaomi 12,CHARGING_PORT,UNKNOWN,Şarj Soketi 6 Ay Garanti,FULL_REPAIR,1000,TRY,true,telefon_profesoru,INDEPENDENT_REPAIR_SERVICE,https://telefonprofesoru.com/xiaomi-sarj-soketi-degisimi-fiyatlari/,2026-09-29,tek katmanlı sütun; kaynak kalite etiketi yok
XIAOMI,Xiaomi 12S,,Mi,Xiaomi 12S,CHARGING_PORT,UNKNOWN,Şarj Soketi 6 Ay Garanti,FULL_REPAIR,1000,TRY,true,telefon_profesoru,INDEPENDENT_REPAIR_SERVICE,https://telefonprofesoru.com/xiaomi-sarj-soketi-degisimi-fiyatlari/,2026-09-29,tek katmanlı sütun; kaynak kalite etiketi yok
XIAOMI,Xiaomi 12T,,Mi,Xiaomi 12T,CHARGING_PORT,UNKNOWN,Şarj Soketi 6 Ay Garanti,FULL_REPAIR,1000,TRY,true,telefon_profesoru,INDEPENDENT_REPAIR_SERVICE,https://telefonprofesoru.com/xiaomi-sarj-soketi-degisimi-fiyatlari/,2026-09-29,tek katmanlı sütun; kaynak kalite etiketi yok
XIAOMI,Xiaomi 12 Lite,,Mi,Xiaomi 12 Lite,CHARGING_PORT,UNKNOWN,Şarj Soketi 6 Ay Garanti,FULL_REPAIR,1000,TRY,true,telefon_profesoru,INDEPENDENT_REPAIR_SERVICE,https://telefonprofesoru.com/xiaomi-sarj-soketi-degisimi-fiyatlari/,2026-09-29,tek katmanlı sütun; kaynak kalite etiketi yok
XIAOMI,Redmi Note 12 Pro,,Redmi Note,Redmi Note 12 Pro,CHARGING_PORT,UNKNOWN,Şarj Soketi 6 Ay Garanti,FULL_REPAIR,1000,TRY,true,telefon_profesoru,INDEPENDENT_REPAIR_SERVICE,https://telefonprofesoru.com/xiaomi-sarj-soketi-degisimi-fiyatlari/,2026-09-29,tek katmanlı sütun; kaynak kalite etiketi yok
XIAOMI,Redmi Note 12 Pro 4G,,Redmi Note,Redmi Note 12 Pro 4G,CHARGING_PORT,UNKNOWN,Şarj Soketi 6 Ay Garanti,FULL_REPAIR,1000,TRY,true,telefon_profesoru,INDEPENDENT_REPAIR_SERVICE,https://telefonprofesoru.com/xiaomi-sarj-soketi-degisimi-fiyatlari/,2026-09-29,tek katmanlı sütun; kaynak kalite etiketi yok
XIAOMI,Redmi Note 12 Pro 5G,,Redmi Note,Redmi Note 12 Pro 5G,CHARGING_PORT,UNKNOWN,Şarj Soketi 6 Ay Garanti,FULL_REPAIR,1000,TRY,true,telefon_profesoru,INDEPENDENT_REPAIR_SERVICE,https://telefonprofesoru.com/xiaomi-sarj-soketi-degisimi-fiyatlari/,2026-09-29,tek katmanlı sütun; kaynak kalite etiketi yok
XIAOMI,Redmi Note 12 Pro Plus 5G,,Redmi Note,Redmi Note 12 Pro Plus 5G,CHARGING_PORT,UNKNOWN,Şarj Soketi 6 Ay Garanti,FULL_REPAIR,1000,TRY,true,telefon_profesoru,INDEPENDENT_REPAIR_SERVICE,https://telefonprofesoru.com/xiaomi-sarj-soketi-degisimi-fiyatlari/,2026-09-29,tek katmanlı sütun; kaynak kalite etiketi yok
XIAOMI,Redmi Note 12,,Redmi Note,Redmi Note 12,CHARGING_PORT,UNKNOWN,Şarj Soketi 6 Ay Garanti,FULL_REPAIR,850,TRY,true,telefon_profesoru,INDEPENDENT_REPAIR_SERVICE,https://telefonprofesoru.com/xiaomi-sarj-soketi-degisimi-fiyatlari/,2026-09-29,tek katmanlı sütun; kaynak kalite etiketi yok
XIAOMI,Redmi Note 12 4G,,Redmi Note,Redmi Note 12 4G,CHARGING_PORT,UNKNOWN,Şarj Soketi 6 Ay Garanti,FULL_REPAIR,850,TRY,true,telefon_profesoru,INDEPENDENT_REPAIR_SERVICE,https://telefonprofesoru.com/xiaomi-sarj-soketi-degisimi-fiyatlari/,2026-09-29,tek katmanlı sütun; kaynak kalite etiketi yok
XIAOMI,Redmi Note 12 5G,,Redmi Note,Redmi Note 12 5G,CHARGING_PORT,UNKNOWN,Şarj Soketi 6 Ay Garanti,FULL_REPAIR,850,TRY,true,telefon_profesoru,INDEPENDENT_REPAIR_SERVICE,https://telefonprofesoru.com/xiaomi-sarj-soketi-degisimi-fiyatlari/,2026-09-29,tek katmanlı sütun; kaynak kalite etiketi yok
XIAOMI,Redmi Note 12 Turbo,,Redmi Note,Redmi Note 12 Turbo,CHARGING_PORT,UNKNOWN,Şarj Soketi 6 Ay Garanti,FULL_REPAIR,850,TRY,true,telefon_profesoru,INDEPENDENT_REPAIR_SERVICE,https://telefonprofesoru.com/xiaomi-sarj-soketi-degisimi-fiyatlari/,2026-09-29,tek katmanlı sütun; kaynak kalite etiketi yok
XIAOMI,Redmi Note 12R,,Redmi Note,Redmi Note 12R,CHARGING_PORT,UNKNOWN,Şarj Soketi 6 Ay Garanti,FULL_REPAIR,850,TRY,true,telefon_profesoru,INDEPENDENT_REPAIR_SERVICE,https://telefonprofesoru.com/xiaomi-sarj-soketi-degisimi-fiyatlari/,2026-09-29,tek katmanlı sütun; kaynak kalite etiketi yok
XIAOMI,Redmi Note 12S,,Redmi Note,Redmi Note 12S,CHARGING_PORT,UNKNOWN,Şarj Soketi 6 Ay Garanti,FULL_REPAIR,850,TRY,true,telefon_profesoru,INDEPENDENT_REPAIR_SERVICE,https://telefonprofesoru.com/xiaomi-sarj-soketi-degisimi-fiyatlari/,2026-09-29,tek katmanlı sütun; kaynak kalite etiketi yok
XIAOMI,Redmi 12,,Redmi,Redmi 12,CHARGING_PORT,UNKNOWN,Şarj Soketi 6 Ay Garanti,FULL_REPAIR,800,TRY,true,telefon_profesoru,INDEPENDENT_REPAIR_SERVICE,https://telefonprofesoru.com/xiaomi-sarj-soketi-degisimi-fiyatlari/,2026-09-29,tek katmanlı sütun; kaynak kalite etiketi yok
XIAOMI,Redmi 12 5G,,Redmi,Redmi 12 5G,CHARGING_PORT,UNKNOWN,Şarj Soketi 6 Ay Garanti,FULL_REPAIR,800,TRY,true,telefon_profesoru,INDEPENDENT_REPAIR_SERVICE,https://telefonprofesoru.com/xiaomi-sarj-soketi-degisimi-fiyatlari/,2026-09-29,tek katmanlı sütun; kaynak kalite etiketi yok
XIAOMI,Redmi 12C,,Redmi,Redmi 12C,CHARGING_PORT,UNKNOWN,Şarj Soketi 6 Ay Garanti,FULL_REPAIR,800,TRY,true,telefon_profesoru,INDEPENDENT_REPAIR_SERVICE,https://telefonprofesoru.com/xiaomi-sarj-soketi-degisimi-fiyatlari/,2026-09-29,tek katmanlı sütun; kaynak kalite etiketi yok
XIAOMI,Mi 11 Ultra,,Mi,Mi 11 Ultra,CHARGING_PORT,UNKNOWN,Şarj Soketi 6 Ay Garanti,FULL_REPAIR,1250,TRY,true,telefon_profesoru,INDEPENDENT_REPAIR_SERVICE,https://telefonprofesoru.com/xiaomi-sarj-soketi-degisimi-fiyatlari/,2026-09-29,tek katmanlı sütun; kaynak kalite etiketi yok
XIAOMI,Mi 11T Pro,,Mi,Mi 11T Pro,CHARGING_PORT,UNKNOWN,Şarj Soketi 6 Ay Garanti,FULL_REPAIR,1250,TRY,true,telefon_profesoru,INDEPENDENT_REPAIR_SERVICE,https://telefonprofesoru.com/xiaomi-sarj-soketi-degisimi-fiyatlari/,2026-09-29,tek katmanlı sütun; kaynak kalite etiketi yok
XIAOMI,Mi 11,,Mi,Mi 11,CHARGING_PORT,UNKNOWN,Şarj Soketi 6 Ay Garanti,FULL_REPAIR,1000,TRY,true,telefon_profesoru,INDEPENDENT_REPAIR_SERVICE,https://telefonprofesoru.com/xiaomi-sarj-soketi-degisimi-fiyatlari/,2026-09-29,tek katmanlı sütun; kaynak kalite etiketi yok
XIAOMI,Mi 11T,,Mi,Mi 11T,CHARGING_PORT,UNKNOWN,Şarj Soketi 6 Ay Garanti,FULL_REPAIR,1000,TRY,true,telefon_profesoru,INDEPENDENT_REPAIR_SERVICE,https://telefonprofesoru.com/xiaomi-sarj-soketi-degisimi-fiyatlari/,2026-09-29,tek katmanlı sütun; kaynak kalite etiketi yok
XIAOMI,Mi 11i,,Mi,Mi 11i,CHARGING_PORT,UNKNOWN,Şarj Soketi 6 Ay Garanti,FULL_REPAIR,1000,TRY,true,telefon_profesoru,INDEPENDENT_REPAIR_SERVICE,https://telefonprofesoru.com/xiaomi-sarj-soketi-degisimi-fiyatlari/,2026-09-29,tek katmanlı sütun; kaynak kalite etiketi yok
XIAOMI,Mi 11 Lite,,Mi,Mi 11 Lite,CHARGING_PORT,UNKNOWN,Şarj Soketi 6 Ay Garanti,FULL_REPAIR,800,TRY,true,telefon_profesoru,INDEPENDENT_REPAIR_SERVICE,https://telefonprofesoru.com/xiaomi-sarj-soketi-degisimi-fiyatlari/,2026-09-29,tek katmanlı sütun; kaynak kalite etiketi yok
XIAOMI,Mi 11 Lite 4G,,Mi,Mi 11 Lite 4G,CHARGING_PORT,UNKNOWN,Şarj Soketi 6 Ay Garanti,FULL_REPAIR,800,TRY,true,telefon_profesoru,INDEPENDENT_REPAIR_SERVICE,https://telefonprofesoru.com/xiaomi-sarj-soketi-degisimi-fiyatlari/,2026-09-29,tek katmanlı sütun; kaynak kalite etiketi yok
XIAOMI,Mi 11 Lite 5G,,Mi,Mi 11 Lite 5G,CHARGING_PORT,UNKNOWN,Şarj Soketi 6 Ay Garanti,FULL_REPAIR,800,TRY,true,telefon_profesoru,INDEPENDENT_REPAIR_SERVICE,https://telefonprofesoru.com/xiaomi-sarj-soketi-degisimi-fiyatlari/,2026-09-29,tek katmanlı sütun; kaynak kalite etiketi yok
XIAOMI,Mi 11 Lite 5G NE,,Mi,Mi 11 Lite 5G NE,CHARGING_PORT,UNKNOWN,Şarj Soketi 6 Ay Garanti,FULL_REPAIR,800,TRY,true,telefon_profesoru,INDEPENDENT_REPAIR_SERVICE,https://telefonprofesoru.com/xiaomi-sarj-soketi-degisimi-fiyatlari/,2026-09-29,tek katmanlı sütun; kaynak kalite etiketi yok
XIAOMI,Redmi Note 11 Pro,,Redmi Note,Redmi Note 11 Pro,CHARGING_PORT,UNKNOWN,Şarj Soketi 6 Ay Garanti,FULL_REPAIR,1000,TRY,true,telefon_profesoru,INDEPENDENT_REPAIR_SERVICE,https://telefonprofesoru.com/xiaomi-sarj-soketi-degisimi-fiyatlari/,2026-09-29,tek katmanlı sütun; kaynak kalite etiketi yok
XIAOMI,Redmi Note 11 Pro 5G,,Redmi Note,Redmi Note 11 Pro 5G,CHARGING_PORT,UNKNOWN,Şarj Soketi 6 Ay Garanti,FULL_REPAIR,1000,TRY,true,telefon_profesoru,INDEPENDENT_REPAIR_SERVICE,https://telefonprofesoru.com/xiaomi-sarj-soketi-degisimi-fiyatlari/,2026-09-29,tek katmanlı sütun; kaynak kalite etiketi yok
XIAOMI,Redmi Note 11 Pro Plus,,Redmi Note,Redmi Note 11 Pro Plus,CHARGING_PORT,UNKNOWN,Şarj Soketi 6 Ay Garanti,FULL_REPAIR,1000,TRY,true,telefon_profesoru,INDEPENDENT_REPAIR_SERVICE,https://telefonprofesoru.com/xiaomi-sarj-soketi-degisimi-fiyatlari/,2026-09-29,tek katmanlı sütun; kaynak kalite etiketi yok
XIAOMI,Redmi Note 11,,Redmi Note,Redmi Note 11,CHARGING_PORT,UNKNOWN,Şarj Soketi 6 Ay Garanti,FULL_REPAIR,800,TRY,true,telefon_profesoru,INDEPENDENT_REPAIR_SERVICE,https://telefonprofesoru.com/xiaomi-sarj-soketi-degisimi-fiyatlari/,2026-09-29,tek katmanlı sütun; kaynak kalite etiketi yok
XIAOMI,Redmi Note 11 SE,,Redmi Note,Redmi Note 11 SE,CHARGING_PORT,UNKNOWN,Şarj Soketi 6 Ay Garanti,FULL_REPAIR,800,TRY,true,telefon_profesoru,INDEPENDENT_REPAIR_SERVICE,https://telefonprofesoru.com/xiaomi-sarj-soketi-degisimi-fiyatlari/,2026-09-29,tek katmanlı sütun; kaynak kalite etiketi yok
XIAOMI,Redmi Note 11E,,Redmi Note,Redmi Note 11E,CHARGING_PORT,UNKNOWN,Şarj Soketi 6 Ay Garanti,FULL_REPAIR,800,TRY,true,telefon_profesoru,INDEPENDENT_REPAIR_SERVICE,https://telefonprofesoru.com/xiaomi-sarj-soketi-degisimi-fiyatlari/,2026-09-29,tek katmanlı sütun; kaynak kalite etiketi yok
XIAOMI,Redmi Note 11R,,Redmi Note,Redmi Note 11R,CHARGING_PORT,UNKNOWN,card: KDV dahil net fiyat,FULL_REPAIR,800,TRY,true,telefon_profesoru,INDEPENDENT_REPAIR_SERVICE,https://telefonprofesoru.com/xiaomi-sarj-soketi-degisimi-fiyatlari/,2026-09-29,kart satırı; katman etiketi sayfada yok
XIAOMI,Redmi Note 11S,,Redmi Note,Redmi Note 11S,CHARGING_PORT,UNKNOWN,card: KDV dahil net fiyat,FULL_REPAIR,800,TRY,true,telefon_profesoru,INDEPENDENT_REPAIR_SERVICE,https://telefonprofesoru.com/xiaomi-sarj-soketi-degisimi-fiyatlari/,2026-09-29,kart satırı; katman etiketi sayfada yok
XIAOMI,Poco C75,,Poco,Poco C75,BATTERY,PREMIUM,Premium Pil 15 Ay Garanti,FULL_REPAIR,1500,TRY,true,telefon_profesoru,INDEPENDENT_REPAIR_SERVICE,https://telefonprofesoru.com/poco-pil-degisimi-fiyatlari/,2026-09-29,
XIAOMI,Poco C65,,Poco,Poco C65,BATTERY,PREMIUM,Premium Pil 15 Ay Garanti,FULL_REPAIR,1500,TRY,true,telefon_profesoru,INDEPENDENT_REPAIR_SERVICE,https://telefonprofesoru.com/poco-pil-degisimi-fiyatlari/,2026-09-29,
XIAOMI,Poco C61,,Poco,Poco C61,BATTERY,PREMIUM,Premium Pil 15 Ay Garanti,FULL_REPAIR,1500,TRY,true,telefon_profesoru,INDEPENDENT_REPAIR_SERVICE,https://telefonprofesoru.com/poco-pil-degisimi-fiyatlari/,2026-09-29,
XIAOMI,Poco C55,,Poco,Poco C55,BATTERY,PREMIUM,Premium Pil 15 Ay Garanti,FULL_REPAIR,1500,TRY,true,telefon_profesoru,INDEPENDENT_REPAIR_SERVICE,https://telefonprofesoru.com/poco-pil-degisimi-fiyatlari/,2026-09-29,
XIAOMI,Poco C51,,Poco,Poco C51,BATTERY,PREMIUM,Premium Pil 15 Ay Garanti,FULL_REPAIR,1500,TRY,true,telefon_profesoru,INDEPENDENT_REPAIR_SERVICE,https://telefonprofesoru.com/poco-pil-degisimi-fiyatlari/,2026-09-29,
XIAOMI,Poco C50,,Poco,Poco C50,BATTERY,PREMIUM,Premium Pil 15 Ay Garanti,FULL_REPAIR,1500,TRY,true,telefon_profesoru,INDEPENDENT_REPAIR_SERVICE,https://telefonprofesoru.com/poco-pil-degisimi-fiyatlari/,2026-09-29,
XIAOMI,Poco C40,,Poco,Poco C40,BATTERY,PREMIUM,Premium Pil 15 Ay Garanti,FULL_REPAIR,1500,TRY,true,telefon_profesoru,INDEPENDENT_REPAIR_SERVICE,https://telefonprofesoru.com/poco-pil-degisimi-fiyatlari/,2026-09-29,
XIAOMI,Poco C31,,Poco,Poco C31,BATTERY,PREMIUM,Premium Pil 15 Ay Garanti,FULL_REPAIR,1500,TRY,true,telefon_profesoru,INDEPENDENT_REPAIR_SERVICE,https://telefonprofesoru.com/poco-pil-degisimi-fiyatlari/,2026-09-29,
XIAOMI,Poco C3,,Poco,Poco C3,BATTERY,PREMIUM,Premium Pil 15 Ay Garanti,FULL_REPAIR,1500,TRY,true,telefon_profesoru,INDEPENDENT_REPAIR_SERVICE,https://telefonprofesoru.com/poco-pil-degisimi-fiyatlari/,2026-09-29,
XIAOMI,Poco F6 Pro,,Poco,Poco F6 Pro,BATTERY,PREMIUM,Premium Pil 15 Ay Garanti,FULL_REPAIR,1500,TRY,true,telefon_profesoru,INDEPENDENT_REPAIR_SERVICE,https://telefonprofesoru.com/poco-pil-degisimi-fiyatlari/,2026-09-29,
XIAOMI,Poco F6,,Poco,Poco F6,BATTERY,PREMIUM,Premium Pil 15 Ay Garanti,FULL_REPAIR,1500,TRY,true,telefon_profesoru,INDEPENDENT_REPAIR_SERVICE,https://telefonprofesoru.com/poco-pil-degisimi-fiyatlari/,2026-09-29,
XIAOMI,Poco F5 Pro,,Poco,Poco F5 Pro,BATTERY,PREMIUM,Premium Pil 15 Ay Garanti,FULL_REPAIR,1500,TRY,true,telefon_profesoru,INDEPENDENT_REPAIR_SERVICE,https://telefonprofesoru.com/poco-pil-degisimi-fiyatlari/,2026-09-29,
XIAOMI,Poco F5,,Poco,Poco F5,BATTERY,PREMIUM,Premium Pil 15 Ay Garanti,FULL_REPAIR,1500,TRY,true,telefon_profesoru,INDEPENDENT_REPAIR_SERVICE,https://telefonprofesoru.com/poco-pil-degisimi-fiyatlari/,2026-09-29,
XIAOMI,Poco F4,,Poco,Poco F4,BATTERY,PREMIUM,Premium Pil 15 Ay Garanti,FULL_REPAIR,1500,TRY,true,telefon_profesoru,INDEPENDENT_REPAIR_SERVICE,https://telefonprofesoru.com/poco-pil-degisimi-fiyatlari/,2026-09-29,
XIAOMI,Poco F4 GT,,Poco,Poco F4 GT,BATTERY,PREMIUM,Premium Pil 15 Ay Garanti,FULL_REPAIR,1500,TRY,true,telefon_profesoru,INDEPENDENT_REPAIR_SERVICE,https://telefonprofesoru.com/poco-pil-degisimi-fiyatlari/,2026-09-29,
XIAOMI,Poco F3,,Poco,Poco F3,BATTERY,PREMIUM,Premium Pil 15 Ay Garanti,FULL_REPAIR,1500,TRY,true,telefon_profesoru,INDEPENDENT_REPAIR_SERVICE,https://telefonprofesoru.com/poco-pil-degisimi-fiyatlari/,2026-09-29,
XIAOMI,Poco F3 GT,,Poco,Poco F3 GT,BATTERY,PREMIUM,Premium Pil 15 Ay Garanti,FULL_REPAIR,1500,TRY,true,telefon_profesoru,INDEPENDENT_REPAIR_SERVICE,https://telefonprofesoru.com/poco-pil-degisimi-fiyatlari/,2026-09-29,
XIAOMI,Poco F2 Pro,,Poco,Poco F2 Pro,BATTERY,PREMIUM,Premium Pil 15 Ay Garanti,FULL_REPAIR,1500,TRY,true,telefon_profesoru,INDEPENDENT_REPAIR_SERVICE,https://telefonprofesoru.com/poco-pil-degisimi-fiyatlari/,2026-09-29,
XIAOMI,Poco F1,,Poco,Poco F1,BATTERY,PREMIUM,Premium Pil 15 Ay Garanti,FULL_REPAIR,1500,TRY,true,telefon_profesoru,INDEPENDENT_REPAIR_SERVICE,https://telefonprofesoru.com/poco-pil-degisimi-fiyatlari/,2026-09-29,
XIAOMI,Poco M6 Pro,,Poco,Poco M6 Pro,BATTERY,PREMIUM,Premium Pil 15 Ay Garanti,FULL_REPAIR,1500,TRY,true,telefon_profesoru,INDEPENDENT_REPAIR_SERVICE,https://telefonprofesoru.com/poco-pil-degisimi-fiyatlari/,2026-09-29,
XIAOMI,Poco M6,,Poco,Poco M6,BATTERY,PREMIUM,Premium Pil 15 Ay Garanti,FULL_REPAIR,1500,TRY,true,telefon_profesoru,INDEPENDENT_REPAIR_SERVICE,https://telefonprofesoru.com/poco-pil-degisimi-fiyatlari/,2026-09-29,
XIAOMI,Poco M5,,Poco,Poco M5,BATTERY,PREMIUM,Premium Pil 15 Ay Garanti,FULL_REPAIR,1500,TRY,true,telefon_profesoru,INDEPENDENT_REPAIR_SERVICE,https://telefonprofesoru.com/poco-pil-degisimi-fiyatlari/,2026-09-29,
XIAOMI,Poco M5s,,Poco,Poco M5s,BATTERY,PREMIUM,Premium Pil 15 Ay Garanti,FULL_REPAIR,1500,TRY,true,telefon_profesoru,INDEPENDENT_REPAIR_SERVICE,https://telefonprofesoru.com/poco-pil-degisimi-fiyatlari/,2026-09-29,
XIAOMI,Poco M4 Pro,,Poco,Poco M4 Pro,BATTERY,PREMIUM,Premium Pil 15 Ay Garanti,FULL_REPAIR,1500,TRY,true,telefon_profesoru,INDEPENDENT_REPAIR_SERVICE,https://telefonprofesoru.com/poco-pil-degisimi-fiyatlari/,2026-09-29,
XIAOMI,Poco M4 Pro 5G,,Poco,Poco M4 Pro 5G,BATTERY,PREMIUM,Premium Pil 15 Ay Garanti,FULL_REPAIR,1500,TRY,true,telefon_profesoru,INDEPENDENT_REPAIR_SERVICE,https://telefonprofesoru.com/poco-pil-degisimi-fiyatlari/,2026-09-29,
XIAOMI,Poco M4 5G,,Poco,Poco M4 5G,BATTERY,PREMIUM,Premium Pil 15 Ay Garanti,FULL_REPAIR,1500,TRY,true,telefon_profesoru,INDEPENDENT_REPAIR_SERVICE,https://telefonprofesoru.com/poco-pil-degisimi-fiyatlari/,2026-09-29,
XIAOMI,Poco M3 Pro,,Poco,Poco M3 Pro,BATTERY,PREMIUM,Premium Pil 15 Ay Garanti,FULL_REPAIR,1500,TRY,true,telefon_profesoru,INDEPENDENT_REPAIR_SERVICE,https://telefonprofesoru.com/poco-pil-degisimi-fiyatlari/,2026-09-29,
XIAOMI,Poco M3 Pro 5G,,Poco,Poco M3 Pro 5G,BATTERY,PREMIUM,Premium Pil 15 Ay Garanti,FULL_REPAIR,1500,TRY,true,telefon_profesoru,INDEPENDENT_REPAIR_SERVICE,https://telefonprofesoru.com/poco-pil-degisimi-fiyatlari/,2026-09-29,
XIAOMI,Poco M3,,Poco,Poco M3,BATTERY,PREMIUM,Premium Pil 15 Ay Garanti,FULL_REPAIR,1500,TRY,true,telefon_profesoru,INDEPENDENT_REPAIR_SERVICE,https://telefonprofesoru.com/poco-pil-degisimi-fiyatlari/,2026-09-29,
XIAOMI,Poco M2 Pro,,Poco,Poco M2 Pro,BATTERY,PREMIUM,Premium Pil 15 Ay Garanti,FULL_REPAIR,1500,TRY,true,telefon_profesoru,INDEPENDENT_REPAIR_SERVICE,https://telefonprofesoru.com/poco-pil-degisimi-fiyatlari/,2026-09-29,
XIAOMI,Poco M2,,Poco,Poco M2,BATTERY,PREMIUM,Premium Pil 15 Ay Garanti,FULL_REPAIR,1500,TRY,true,telefon_profesoru,INDEPENDENT_REPAIR_SERVICE,https://telefonprofesoru.com/poco-pil-degisimi-fiyatlari/,2026-09-29,
XIAOMI,Poco C55,,Poco,Poco C55,SCREEN_MODULE,HIGH_QUALITY,Yüksek Kalite 6 Ay Garanti,FULL_REPAIR,2400,TRY,true,telefon_profesoru,INDEPENDENT_REPAIR_SERVICE,https://telefonprofesoru.com/poco-ekran-degisimi-fiyatlari/,2026-09-29,
XIAOMI,Poco C40,,Poco,Poco C40,SCREEN_MODULE,HIGH_QUALITY,Yüksek Kalite 6 Ay Garanti,FULL_REPAIR,2400,TRY,true,telefon_profesoru,INDEPENDENT_REPAIR_SERVICE,https://telefonprofesoru.com/poco-ekran-degisimi-fiyatlari/,2026-09-29,
XIAOMI,Poco F6 Pro,,Poco,Poco F6 Pro,SCREEN_MODULE,ORIGINAL,Orijinal Ekran 6 Ay Garanti,FULL_REPAIR,3800,TRY,true,telefon_profesoru,INDEPENDENT_REPAIR_SERVICE,https://telefonprofesoru.com/poco-ekran-degisimi-fiyatlari/,2026-09-29,
XIAOMI,Poco F5,,Poco,Poco F5,SCREEN_MODULE,ORIGINAL,Orijinal Ekran 6 Ay Garanti,FULL_REPAIR,3800,TRY,true,telefon_profesoru,INDEPENDENT_REPAIR_SERVICE,https://telefonprofesoru.com/poco-ekran-degisimi-fiyatlari/,2026-09-29,
XIAOMI,Poco F3,,Poco,Poco F3,SCREEN_MODULE,ORIGINAL,Orijinal Ekran 6 Ay Garanti,FULL_REPAIR,4800,TRY,true,telefon_profesoru,INDEPENDENT_REPAIR_SERVICE,https://telefonprofesoru.com/poco-ekran-degisimi-fiyatlari/,2026-09-29,
XIAOMI,Poco F3 GT,,Poco,Poco F3 GT,SCREEN_MODULE,ORIGINAL,Orijinal Ekran 6 Ay Garanti,FULL_REPAIR,5500,TRY,true,telefon_profesoru,INDEPENDENT_REPAIR_SERVICE,https://telefonprofesoru.com/poco-ekran-degisimi-fiyatlari/,2026-09-29,
XIAOMI,Poco F2 Pro,,Poco,Poco F2 Pro,SCREEN_MODULE,ORIGINAL,Orijinal Ekran 6 Ay Garanti,FULL_REPAIR,4300,TRY,true,telefon_profesoru,INDEPENDENT_REPAIR_SERVICE,https://telefonprofesoru.com/poco-ekran-degisimi-fiyatlari/,2026-09-29,
XIAOMI,Poco M6 Pro,,Poco,Poco M6 Pro,SCREEN_MODULE,ORIGINAL,Orijinal Ekran 6 Ay Garanti,FULL_REPAIR,4000,TRY,true,telefon_profesoru,INDEPENDENT_REPAIR_SERVICE,https://telefonprofesoru.com/poco-ekran-degisimi-fiyatlari/,2026-09-29,
XIAOMI,Poco M3 Pro,,Poco,Poco M3 Pro,SCREEN_MODULE,HIGH_QUALITY,Yüksek Kalite 6 Ay Garanti,FULL_REPAIR,2400,TRY,true,telefon_profesoru,INDEPENDENT_REPAIR_SERVICE,https://telefonprofesoru.com/poco-ekran-degisimi-fiyatlari/,2026-09-29,
XIAOMI,Poco M3 Pro 5G,,Poco,Poco M3 Pro 5G,SCREEN_MODULE,HIGH_QUALITY,Yüksek Kalite 6 Ay Garanti,FULL_REPAIR,2400,TRY,true,telefon_profesoru,INDEPENDENT_REPAIR_SERVICE,https://telefonprofesoru.com/poco-ekran-degisimi-fiyatlari/,2026-09-29,
XIAOMI,Poco X6 Pro,,Poco,Poco X6 Pro,SCREEN_MODULE,ORIGINAL,Orijinal Ekran 6 Ay Garanti,FULL_REPAIR,4300,TRY,true,telefon_profesoru,INDEPENDENT_REPAIR_SERVICE,https://telefonprofesoru.com/poco-ekran-degisimi-fiyatlari/,2026-09-29,
XIAOMI,Poco X4 GT,,Poco,Poco X4 GT,SCREEN_MODULE,HIGH_QUALITY,Yüksek Kalite 6 Ay Garanti,FULL_REPAIR,2400,TRY,true,telefon_profesoru,INDEPENDENT_REPAIR_SERVICE,https://telefonprofesoru.com/poco-ekran-degisimi-fiyatlari/,2026-09-29,
XIAOMI,Poco X3 Pro,,Poco,Poco X3 Pro,SCREEN_MODULE,HIGH_QUALITY,Yüksek Kalite 6 Ay Garanti,FULL_REPAIR,2400,TRY,true,telefon_profesoru,INDEPENDENT_REPAIR_SERVICE,https://telefonprofesoru.com/poco-ekran-degisimi-fiyatlari/,2026-09-29,
XIAOMI,Poco X3,,Poco,Poco X3,SCREEN_MODULE,HIGH_QUALITY,Yüksek Kalite 6 Ay Garanti,FULL_REPAIR,2400,TRY,true,telefon_profesoru,INDEPENDENT_REPAIR_SERVICE,https://telefonprofesoru.com/poco-ekran-degisimi-fiyatlari/,2026-09-29,
XIAOMI,Poco X3 GT,,Poco,Poco X3 GT,SCREEN_MODULE,HIGH_QUALITY,Yüksek Kalite 6 Ay Garanti,FULL_REPAIR,2400,TRY,true,telefon_profesoru,INDEPENDENT_REPAIR_SERVICE,https://telefonprofesoru.com/poco-ekran-degisimi-fiyatlari/,2026-09-29,
XIAOMI,Poco X3 NFC,,Poco,Poco X3 NFC,SCREEN_MODULE,HIGH_QUALITY,Yüksek Kalite 6 Ay Garanti,FULL_REPAIR,2400,TRY,true,telefon_profesoru,INDEPENDENT_REPAIR_SERVICE,https://telefonprofesoru.com/poco-ekran-degisimi-fiyatlari/,2026-09-29,
OPPO,A96,,,A96,BATTERY,PREMIUM,Premium Pil 15 Ay Garanti,FULL_REPAIR,1400,TRY,true,telefon_profesoru,INDEPENDENT_REPAIR_SERVICE,https://telefonprofesoru.com/oppo-pil-degisimi-fiyatlari/,2026-09-29,
OPPO,A94 4G,,,A94 4G,BATTERY,PREMIUM,Premium Pil 15 Ay Garanti,FULL_REPAIR,1400,TRY,true,telefon_profesoru,INDEPENDENT_REPAIR_SERVICE,https://telefonprofesoru.com/oppo-pil-degisimi-fiyatlari/,2026-09-29,
OPPO,A91,,,A91,BATTERY,PREMIUM,Premium Pil 15 Ay Garanti,FULL_REPAIR,1400,TRY,true,telefon_profesoru,INDEPENDENT_REPAIR_SERVICE,https://telefonprofesoru.com/oppo-pil-degisimi-fiyatlari/,2026-09-29,
OPPO,A79,,,A79,BATTERY,PREMIUM,Premium Pil 15 Ay Garanti,FULL_REPAIR,1400,TRY,true,telefon_profesoru,INDEPENDENT_REPAIR_SERVICE,https://telefonprofesoru.com/oppo-pil-degisimi-fiyatlari/,2026-09-29,
OPPO,A79 5G,,,A79 5G,BATTERY,PREMIUM,Premium Pil 15 Ay Garanti,FULL_REPAIR,1400,TRY,true,telefon_profesoru,INDEPENDENT_REPAIR_SERVICE,https://telefonprofesoru.com/oppo-pil-degisimi-fiyatlari/,2026-09-29,
OPPO,A74 4G,,,A74 4G,BATTERY,PREMIUM,Premium Pil 15 Ay Garanti,FULL_REPAIR,1400,TRY,true,telefon_profesoru,INDEPENDENT_REPAIR_SERVICE,https://telefonprofesoru.com/oppo-pil-degisimi-fiyatlari/,2026-09-29,
OPPO,A73,,,A73,BATTERY,PREMIUM,Premium Pil 15 Ay Garanti,FULL_REPAIR,1400,TRY,true,telefon_profesoru,INDEPENDENT_REPAIR_SERVICE,https://telefonprofesoru.com/oppo-pil-degisimi-fiyatlari/,2026-09-29,
OPPO,A73 (2020),,,A73 (2020),BATTERY,PREMIUM,Premium Pil 15 Ay Garanti,FULL_REPAIR,1400,TRY,true,telefon_profesoru,INDEPENDENT_REPAIR_SERVICE,https://telefonprofesoru.com/oppo-pil-degisimi-fiyatlari/,2026-09-29,
OPPO,A9 2020,,,A9 2020,BATTERY,PREMIUM,Premium Pil 15 Ay Garanti,FULL_REPAIR,1400,TRY,true,telefon_profesoru,INDEPENDENT_REPAIR_SERVICE,https://telefonprofesoru.com/oppo-pil-degisimi-fiyatlari/,2026-09-29,
OPPO,AX7,,,AX7,BATTERY,PREMIUM,Premium Pil 15 Ay Garanti,FULL_REPAIR,1400,TRY,true,telefon_profesoru,INDEPENDENT_REPAIR_SERVICE,https://telefonprofesoru.com/oppo-pil-degisimi-fiyatlari/,2026-09-29,
OPPO,Reno 6,,Reno,Reno 6,BATTERY,PREMIUM,Premium Pil 15 Ay Garanti,FULL_REPAIR,1400,TRY,true,telefon_profesoru,INDEPENDENT_REPAIR_SERVICE,https://telefonprofesoru.com/oppo-pil-degisimi-fiyatlari/,2026-09-29,
OPPO,A5 2020,,,A5 2020,BATTERY,PREMIUM,Premium Pil 15 Ay Garanti,FULL_REPAIR,1400,TRY,true,telefon_profesoru,INDEPENDENT_REPAIR_SERVICE,https://telefonprofesoru.com/oppo-pil-degisimi-fiyatlari/,2026-09-29,
OPPO,A5s,,,A5s,BATTERY,PREMIUM,Premium Pil 15 Ay Garanti,FULL_REPAIR,1400,TRY,true,telefon_profesoru,INDEPENDENT_REPAIR_SERVICE,https://telefonprofesoru.com/oppo-pil-degisimi-fiyatlari/,2026-09-29,
OPPO,Reno 5,,Reno,Reno 5,BATTERY,PREMIUM,Premium Pil 15 Ay Garanti,FULL_REPAIR,1400,TRY,true,telefon_profesoru,INDEPENDENT_REPAIR_SERVICE,https://telefonprofesoru.com/oppo-pil-degisimi-fiyatlari/,2026-09-29,
OPPO,Reno 5 Lite,,Reno,Reno 5 Lite,BATTERY,PREMIUM,Premium Pil 15 Ay Garanti,FULL_REPAIR,1400,TRY,true,telefon_profesoru,INDEPENDENT_REPAIR_SERVICE,https://telefonprofesoru.com/oppo-pil-degisimi-fiyatlari/,2026-09-29,
OPPO,A96,,,A96,SCREEN_MODULE,HIGH_QUALITY,Yüksek Kalite 6 Ay Garanti,FULL_REPAIR,2400,TRY,true,telefon_profesoru,INDEPENDENT_REPAIR_SERVICE,https://telefonprofesoru.com/oppo-ekran-degisimi-fiyatlari/,2026-09-29,
OPPO,A94 4G,,,A94 4G,SCREEN_MODULE,ORIGINAL,Orijinal Ekran 6 Ay Garanti,FULL_REPAIR,5600,TRY,true,telefon_profesoru,INDEPENDENT_REPAIR_SERVICE,https://telefonprofesoru.com/oppo-ekran-degisimi-fiyatlari/,2026-09-29,
OPPO,A91,,,A91,SCREEN_MODULE,ORIGINAL,Orijinal Ekran 6 Ay Garanti,FULL_REPAIR,4300,TRY,true,telefon_profesoru,INDEPENDENT_REPAIR_SERVICE,https://telefonprofesoru.com/oppo-ekran-degisimi-fiyatlari/,2026-09-29,
OPPO,A74 4G,,,A74 4G,SCREEN_MODULE,ORIGINAL,Orijinal Ekran 6 Ay Garanti,FULL_REPAIR,4800,TRY,true,telefon_profesoru,INDEPENDENT_REPAIR_SERVICE,https://telefonprofesoru.com/oppo-ekran-degisimi-fiyatlari/,2026-09-29,
OPPO,A74 4G,,,A74 4G,SCREEN_MODULE,HIGH_QUALITY,Yüksek Kalite 6 Ay Garanti,FULL_REPAIR,3700,TRY,true,telefon_profesoru,INDEPENDENT_REPAIR_SERVICE,https://telefonprofesoru.com/oppo-ekran-degisimi-fiyatlari/,2026-09-29,
OPPO,A73,,,A73,SCREEN_MODULE,ORIGINAL,Orijinal Ekran 6 Ay Garanti,FULL_REPAIR,5600,TRY,true,telefon_profesoru,INDEPENDENT_REPAIR_SERVICE,https://telefonprofesoru.com/oppo-ekran-degisimi-fiyatlari/,2026-09-29,
OPPO,A73,,,A73,SCREEN_MODULE,HIGH_QUALITY,Yüksek Kalite 6 Ay Garanti,FULL_REPAIR,3600,TRY,true,telefon_profesoru,INDEPENDENT_REPAIR_SERVICE,https://telefonprofesoru.com/oppo-ekran-degisimi-fiyatlari/,2026-09-29,
OPPO,A73 (2020),,,A73 (2020),SCREEN_MODULE,ORIGINAL,Orijinal Ekran 6 Ay Garanti,FULL_REPAIR,4500,TRY,true,telefon_profesoru,INDEPENDENT_REPAIR_SERVICE,https://telefonprofesoru.com/oppo-ekran-degisimi-fiyatlari/,2026-09-29,
OPPO,A73 (2020),,,A73 (2020),SCREEN_MODULE,HIGH_QUALITY,Yüksek Kalite 6 Ay Garanti,FULL_REPAIR,2600,TRY,true,telefon_profesoru,INDEPENDENT_REPAIR_SERVICE,https://telefonprofesoru.com/oppo-ekran-degisimi-fiyatlari/,2026-09-29,
OPPO,A72,,,A72,SCREEN_MODULE,HIGH_QUALITY,Yüksek Kalite 6 Ay Garanti,FULL_REPAIR,2400,TRY,true,telefon_profesoru,INDEPENDENT_REPAIR_SERVICE,https://telefonprofesoru.com/oppo-ekran-degisimi-fiyatlari/,2026-09-29,
OPPO,A58,,,A58,SCREEN_MODULE,HIGH_QUALITY,Yüksek Kalite 6 Ay Garanti,FULL_REPAIR,2400,TRY,true,telefon_profesoru,INDEPENDENT_REPAIR_SERVICE,https://telefonprofesoru.com/oppo-ekran-degisimi-fiyatlari/,2026-09-29,
OPPO,A54 4G,,,A54 4G,SCREEN_MODULE,HIGH_QUALITY,Yüksek Kalite 6 Ay Garanti,FULL_REPAIR,2400,TRY,true,telefon_profesoru,INDEPENDENT_REPAIR_SERVICE,https://telefonprofesoru.com/oppo-ekran-degisimi-fiyatlari/,2026-09-29,
OPPO,A52,,,A52,SCREEN_MODULE,HIGH_QUALITY,Yüksek Kalite 6 Ay Garanti,FULL_REPAIR,2400,TRY,true,telefon_profesoru,INDEPENDENT_REPAIR_SERVICE,https://telefonprofesoru.com/oppo-ekran-degisimi-fiyatlari/,2026-09-29,
OPPO,A38,,,A38,SCREEN_MODULE,HIGH_QUALITY,Yüksek Kalite 6 Ay Garanti,FULL_REPAIR,2400,TRY,true,telefon_profesoru,INDEPENDENT_REPAIR_SERVICE,https://telefonprofesoru.com/oppo-ekran-degisimi-fiyatlari/,2026-09-29,
OPPO,A31,,,A31,SCREEN_MODULE,HIGH_QUALITY,Yüksek Kalite 6 Ay Garanti,FULL_REPAIR,2400,TRY,true,telefon_profesoru,INDEPENDENT_REPAIR_SERVICE,https://telefonprofesoru.com/oppo-ekran-degisimi-fiyatlari/,2026-09-29,
OPPO,RX17,,,RX17,SCREEN_MODULE,ORIGINAL,Orijinal Ekran 6 Ay Garanti,FULL_REPAIR,3800,TRY,true,telefon_profesoru,INDEPENDENT_REPAIR_SERVICE,https://telefonprofesoru.com/oppo-ekran-degisimi-fiyatlari/,2026-09-29,
OPPO,RX17 Neo,,,RX17 Neo,SCREEN_MODULE,ORIGINAL,Orijinal Ekran 6 Ay Garanti,FULL_REPAIR,3800,TRY,true,telefon_profesoru,INDEPENDENT_REPAIR_SERVICE,https://telefonprofesoru.com/oppo-ekran-degisimi-fiyatlari/,2026-09-29,
OPPO,A16,,,A16,SCREEN_MODULE,HIGH_QUALITY,Yüksek Kalite 6 Ay Garanti,FULL_REPAIR,2400,TRY,true,telefon_profesoru,INDEPENDENT_REPAIR_SERVICE,https://telefonprofesoru.com/oppo-ekran-degisimi-fiyatlari/,2026-09-29,
OPPO,A15,,,A15,SCREEN_MODULE,HIGH_QUALITY,Yüksek Kalite 6 Ay Garanti,FULL_REPAIR,2400,TRY,true,telefon_profesoru,INDEPENDENT_REPAIR_SERVICE,https://telefonprofesoru.com/oppo-ekran-degisimi-fiyatlari/,2026-09-29,
OPPO,A15s,,,A15s,SCREEN_MODULE,HIGH_QUALITY,Yüksek Kalite 6 Ay Garanti,FULL_REPAIR,2400,TRY,true,telefon_profesoru,INDEPENDENT_REPAIR_SERVICE,https://telefonprofesoru.com/oppo-ekran-degisimi-fiyatlari/,2026-09-29,
OPPO,A9 2020,,,A9 2020,SCREEN_MODULE,HIGH_QUALITY,Yüksek Kalite 6 Ay Garanti,FULL_REPAIR,2400,TRY,true,telefon_profesoru,INDEPENDENT_REPAIR_SERVICE,https://telefonprofesoru.com/oppo-ekran-degisimi-fiyatlari/,2026-09-29,
OPPO,A5 2020,,,A5 2020,SCREEN_MODULE,HIGH_QUALITY,Yüksek Kalite 6 Ay Garanti,FULL_REPAIR,2400,TRY,true,telefon_profesoru,INDEPENDENT_REPAIR_SERVICE,https://telefonprofesoru.com/oppo-ekran-degisimi-fiyatlari/,2026-09-29,
OPPO,Reno 5,,Reno,Reno 5,SCREEN_MODULE,ORIGINAL,Orijinal Ekran 6 Ay Garanti,FULL_REPAIR,5600,TRY,true,telefon_profesoru,INDEPENDENT_REPAIR_SERVICE,https://telefonprofesoru.com/oppo-ekran-degisimi-fiyatlari/,2026-09-29,
OPPO,Reno 5 Lite,,Reno,Reno 5 Lite,SCREEN_MODULE,ORIGINAL,Orijinal Ekran 6 Ay Garanti,FULL_REPAIR,4800,TRY,true,telefon_profesoru,INDEPENDENT_REPAIR_SERVICE,https://telefonprofesoru.com/oppo-ekran-degisimi-fiyatlari/,2026-09-29,
OPPO,Reno 5 Lite,,Reno,Reno 5 Lite,SCREEN_MODULE,HIGH_QUALITY,Yüksek Kalite 6 Ay Garanti,FULL_REPAIR,3700,TRY,true,telefon_profesoru,INDEPENDENT_REPAIR_SERVICE,https://telefonprofesoru.com/oppo-ekran-degisimi-fiyatlari/,2026-09-29,
OPPO,Reno 3 Pro,,Reno,Reno 3 Pro,SCREEN_MODULE,ORIGINAL,Orijinal Ekran 6 Ay Garanti,FULL_REPAIR,4300,TRY,true,telefon_profesoru,INDEPENDENT_REPAIR_SERVICE,https://telefonprofesoru.com/oppo-ekran-degisimi-fiyatlari/,2026-09-29,
OPPO,Reno 3,,Reno,Reno 3,SCREEN_MODULE,ORIGINAL,Orijinal Ekran 6 Ay Garanti,FULL_REPAIR,4300,TRY,true,telefon_profesoru,INDEPENDENT_REPAIR_SERVICE,https://telefonprofesoru.com/oppo-ekran-degisimi-fiyatlari/,2026-09-29,
OPPO,Reno 3,,Reno,Reno 3,SCREEN_MODULE,HIGH_QUALITY,Yüksek Kalite 6 Ay Garanti,FULL_REPAIR,3600,TRY,true,telefon_profesoru,INDEPENDENT_REPAIR_SERVICE,https://telefonprofesoru.com/oppo-ekran-degisimi-fiyatlari/,2026-09-29,
REALME,Realme C75,,Realme,Realme C75,BATTERY,COMPATIBLE,Standart Pil 6 Ay Garanti,FULL_REPAIR,1650,TRY,true,telefon_profesoru,INDEPENDENT_REPAIR_SERVICE,https://telefonprofesoru.com/realme-pil-degisimi-fiyatlari/,2026-09-29,
REALME,Realme C75,,Realme,Realme C75,BATTERY,PREMIUM,Premium Pil 15 Ay Garanti,FULL_REPAIR,2100,TRY,true,telefon_profesoru,INDEPENDENT_REPAIR_SERVICE,https://telefonprofesoru.com/realme-pil-degisimi-fiyatlari/,2026-09-29,
REALME,Realme C67,,Realme,Realme C67,BATTERY,COMPATIBLE,Standart Pil 6 Ay Garanti,FULL_REPAIR,1650,TRY,true,telefon_profesoru,INDEPENDENT_REPAIR_SERVICE,https://telefonprofesoru.com/realme-pil-degisimi-fiyatlari/,2026-09-29,
REALME,Realme C67,,Realme,Realme C67,BATTERY,PREMIUM,Premium Pil 15 Ay Garanti,FULL_REPAIR,2100,TRY,true,telefon_profesoru,INDEPENDENT_REPAIR_SERVICE,https://telefonprofesoru.com/realme-pil-degisimi-fiyatlari/,2026-09-29,
REALME,Realme C65,,Realme,Realme C65,BATTERY,COMPATIBLE,Standart Pil 6 Ay Garanti,FULL_REPAIR,1650,TRY,true,telefon_profesoru,INDEPENDENT_REPAIR_SERVICE,https://telefonprofesoru.com/realme-pil-degisimi-fiyatlari/,2026-09-29,
REALME,Realme C65,,Realme,Realme C65,BATTERY,PREMIUM,Premium Pil 15 Ay Garanti,FULL_REPAIR,2100,TRY,true,telefon_profesoru,INDEPENDENT_REPAIR_SERVICE,https://telefonprofesoru.com/realme-pil-degisimi-fiyatlari/,2026-09-29,
REALME,Realme C63,,Realme,Realme C63,BATTERY,COMPATIBLE,Standart Pil 6 Ay Garanti,FULL_REPAIR,1650,TRY,true,telefon_profesoru,INDEPENDENT_REPAIR_SERVICE,https://telefonprofesoru.com/realme-pil-degisimi-fiyatlari/,2026-09-29,
REALME,Realme C63,,Realme,Realme C63,BATTERY,PREMIUM,Premium Pil 15 Ay Garanti,FULL_REPAIR,2100,TRY,true,telefon_profesoru,INDEPENDENT_REPAIR_SERVICE,https://telefonprofesoru.com/realme-pil-degisimi-fiyatlari/,2026-09-29,
REALME,Realme C61,,Realme,Realme C61,BATTERY,COMPATIBLE,Standart Pil 6 Ay Garanti,FULL_REPAIR,1650,TRY,true,telefon_profesoru,INDEPENDENT_REPAIR_SERVICE,https://telefonprofesoru.com/realme-pil-degisimi-fiyatlari/,2026-09-29,
REALME,Realme C61,,Realme,Realme C61,BATTERY,PREMIUM,Premium Pil 15 Ay Garanti,FULL_REPAIR,2100,TRY,true,telefon_profesoru,INDEPENDENT_REPAIR_SERVICE,https://telefonprofesoru.com/realme-pil-degisimi-fiyatlari/,2026-09-29,
REALME,Realme C55,,Realme,Realme C55,BATTERY,COMPATIBLE,Standart Pil 6 Ay Garanti,FULL_REPAIR,1650,TRY,true,telefon_profesoru,INDEPENDENT_REPAIR_SERVICE,https://telefonprofesoru.com/realme-pil-degisimi-fiyatlari/,2026-09-29,
REALME,Realme C55,,Realme,Realme C55,BATTERY,PREMIUM,Premium Pil 15 Ay Garanti,FULL_REPAIR,2100,TRY,true,telefon_profesoru,INDEPENDENT_REPAIR_SERVICE,https://telefonprofesoru.com/realme-pil-degisimi-fiyatlari/,2026-09-29,
REALME,Realme C53,,Realme,Realme C53,BATTERY,COMPATIBLE,Standart Pil 6 Ay Garanti,FULL_REPAIR,1650,TRY,true,telefon_profesoru,INDEPENDENT_REPAIR_SERVICE,https://telefonprofesoru.com/realme-pil-degisimi-fiyatlari/,2026-09-29,
REALME,Realme C53,,Realme,Realme C53,BATTERY,PREMIUM,Premium Pil 15 Ay Garanti,FULL_REPAIR,2100,TRY,true,telefon_profesoru,INDEPENDENT_REPAIR_SERVICE,https://telefonprofesoru.com/realme-pil-degisimi-fiyatlari/,2026-09-29,
REALME,Realme C51,,Realme,Realme C51,BATTERY,COMPATIBLE,Standart Pil 6 Ay Garanti,FULL_REPAIR,1650,TRY,true,telefon_profesoru,INDEPENDENT_REPAIR_SERVICE,https://telefonprofesoru.com/realme-pil-degisimi-fiyatlari/,2026-09-29,
REALME,Realme C51,,Realme,Realme C51,BATTERY,PREMIUM,Premium Pil 15 Ay Garanti,FULL_REPAIR,2100,TRY,true,telefon_profesoru,INDEPENDENT_REPAIR_SERVICE,https://telefonprofesoru.com/realme-pil-degisimi-fiyatlari/,2026-09-29,
REALME,Realme C35,,Realme,Realme C35,BATTERY,COMPATIBLE,Standart Pil 6 Ay Garanti,FULL_REPAIR,1650,TRY,true,telefon_profesoru,INDEPENDENT_REPAIR_SERVICE,https://telefonprofesoru.com/realme-pil-degisimi-fiyatlari/,2026-09-29,
REALME,Realme C35,,Realme,Realme C35,BATTERY,PREMIUM,Premium Pil 15 Ay Garanti,FULL_REPAIR,2100,TRY,true,telefon_profesoru,INDEPENDENT_REPAIR_SERVICE,https://telefonprofesoru.com/realme-pil-degisimi-fiyatlari/,2026-09-29,
REALME,Realme C33,,Realme,Realme C33,BATTERY,COMPATIBLE,Standart Pil 6 Ay Garanti,FULL_REPAIR,1650,TRY,true,telefon_profesoru,INDEPENDENT_REPAIR_SERVICE,https://telefonprofesoru.com/realme-pil-degisimi-fiyatlari/,2026-09-29,
REALME,Realme C33,,Realme,Realme C33,BATTERY,PREMIUM,Premium Pil 15 Ay Garanti,FULL_REPAIR,2100,TRY,true,telefon_profesoru,INDEPENDENT_REPAIR_SERVICE,https://telefonprofesoru.com/realme-pil-degisimi-fiyatlari/,2026-09-29,
REALME,Realme C25,,Realme,Realme C25,BATTERY,COMPATIBLE,Standart Pil 6 Ay Garanti,FULL_REPAIR,1650,TRY,true,telefon_profesoru,INDEPENDENT_REPAIR_SERVICE,https://telefonprofesoru.com/realme-pil-degisimi-fiyatlari/,2026-09-29,
REALME,Realme C25,,Realme,Realme C25,BATTERY,PREMIUM,Premium Pil 15 Ay Garanti,FULL_REPAIR,2100,TRY,true,telefon_profesoru,INDEPENDENT_REPAIR_SERVICE,https://telefonprofesoru.com/realme-pil-degisimi-fiyatlari/,2026-09-29,
REALME,Realme C25S,,Realme,Realme C25S,BATTERY,COMPATIBLE,Standart Pil 6 Ay Garanti,FULL_REPAIR,1650,TRY,true,telefon_profesoru,INDEPENDENT_REPAIR_SERVICE,https://telefonprofesoru.com/realme-pil-degisimi-fiyatlari/,2026-09-29,
REALME,Realme C25S,,Realme,Realme C25S,BATTERY,PREMIUM,Premium Pil 15 Ay Garanti,FULL_REPAIR,2100,TRY,true,telefon_profesoru,INDEPENDENT_REPAIR_SERVICE,https://telefonprofesoru.com/realme-pil-degisimi-fiyatlari/,2026-09-29,
REALME,Realme C25Y,,Realme,Realme C25Y,BATTERY,COMPATIBLE,Standart Pil 6 Ay Garanti,FULL_REPAIR,1650,TRY,true,telefon_profesoru,INDEPENDENT_REPAIR_SERVICE,https://telefonprofesoru.com/realme-pil-degisimi-fiyatlari/,2026-09-29,
REALME,Realme C25Y,,Realme,Realme C25Y,BATTERY,PREMIUM,Premium Pil 15 Ay Garanti,FULL_REPAIR,2100,TRY,true,telefon_profesoru,INDEPENDENT_REPAIR_SERVICE,https://telefonprofesoru.com/realme-pil-degisimi-fiyatlari/,2026-09-29,
REALME,Realme C21,,Realme,Realme C21,BATTERY,COMPATIBLE,Standart Pil 6 Ay Garanti,FULL_REPAIR,1650,TRY,true,telefon_profesoru,INDEPENDENT_REPAIR_SERVICE,https://telefonprofesoru.com/realme-pil-degisimi-fiyatlari/,2026-09-29,
REALME,Realme C21,,Realme,Realme C21,BATTERY,PREMIUM,Premium Pil 15 Ay Garanti,FULL_REPAIR,2100,TRY,true,telefon_profesoru,INDEPENDENT_REPAIR_SERVICE,https://telefonprofesoru.com/realme-pil-degisimi-fiyatlari/,2026-09-29,
REALME,Realme C21Y,,Realme,Realme C21Y,BATTERY,COMPATIBLE,Standart Pil 6 Ay Garanti,FULL_REPAIR,1650,TRY,true,telefon_profesoru,INDEPENDENT_REPAIR_SERVICE,https://telefonprofesoru.com/realme-pil-degisimi-fiyatlari/,2026-09-29,
REALME,Realme C21Y,,Realme,Realme C21Y,BATTERY,PREMIUM,Premium Pil 15 Ay Garanti,FULL_REPAIR,2100,TRY,true,telefon_profesoru,INDEPENDENT_REPAIR_SERVICE,https://telefonprofesoru.com/realme-pil-degisimi-fiyatlari/,2026-09-29,
REALME,Realme C15,,Realme,Realme C15,BATTERY,COMPATIBLE,Standart Pil 6 Ay Garanti,FULL_REPAIR,1650,TRY,true,telefon_profesoru,INDEPENDENT_REPAIR_SERVICE,https://telefonprofesoru.com/realme-pil-degisimi-fiyatlari/,2026-09-29,
REALME,Realme C15,,Realme,Realme C15,BATTERY,PREMIUM,Premium Pil 15 Ay Garanti,FULL_REPAIR,2100,TRY,true,telefon_profesoru,INDEPENDENT_REPAIR_SERVICE,https://telefonprofesoru.com/realme-pil-degisimi-fiyatlari/,2026-09-29,
REALME,Realme C11,,Realme,Realme C11,BATTERY,COMPATIBLE,Standart Pil 6 Ay Garanti,FULL_REPAIR,1650,TRY,true,telefon_profesoru,INDEPENDENT_REPAIR_SERVICE,https://telefonprofesoru.com/realme-pil-degisimi-fiyatlari/,2026-09-29,
REALME,Realme C11,,Realme,Realme C11,BATTERY,PREMIUM,Premium Pil 15 Ay Garanti,FULL_REPAIR,2100,TRY,true,telefon_profesoru,INDEPENDENT_REPAIR_SERVICE,https://telefonprofesoru.com/realme-pil-degisimi-fiyatlari/,2026-09-29,
REALME,Realme C11 2021,,Realme,Realme C11 2021,BATTERY,COMPATIBLE,Standart Pil 6 Ay Garanti,FULL_REPAIR,1650,TRY,true,telefon_profesoru,INDEPENDENT_REPAIR_SERVICE,https://telefonprofesoru.com/realme-pil-degisimi-fiyatlari/,2026-09-29,
REALME,Realme C11 2021,,Realme,Realme C11 2021,BATTERY,PREMIUM,Premium Pil 15 Ay Garanti,FULL_REPAIR,2100,TRY,true,telefon_profesoru,INDEPENDENT_REPAIR_SERVICE,https://telefonprofesoru.com/realme-pil-degisimi-fiyatlari/,2026-09-29,
REALME,Realme C3,,Realme,Realme C3,BATTERY,COMPATIBLE,Standart Pil 6 Ay Garanti,FULL_REPAIR,1650,TRY,true,telefon_profesoru,INDEPENDENT_REPAIR_SERVICE,https://telefonprofesoru.com/realme-pil-degisimi-fiyatlari/,2026-09-29,
REALME,Realme C3,,Realme,Realme C3,BATTERY,PREMIUM,Premium Pil 15 Ay Garanti,FULL_REPAIR,2100,TRY,true,telefon_profesoru,INDEPENDENT_REPAIR_SERVICE,https://telefonprofesoru.com/realme-pil-degisimi-fiyatlari/,2026-09-29,
REALME,Realme C3i,,Realme,Realme C3i,BATTERY,COMPATIBLE,Standart Pil 6 Ay Garanti,FULL_REPAIR,1650,TRY,true,telefon_profesoru,INDEPENDENT_REPAIR_SERVICE,https://telefonprofesoru.com/realme-pil-degisimi-fiyatlari/,2026-09-29,
REALME,Realme C3i,,Realme,Realme C3i,BATTERY,PREMIUM,Premium Pil 15 Ay Garanti,FULL_REPAIR,2100,TRY,true,telefon_profesoru,INDEPENDENT_REPAIR_SERVICE,https://telefonprofesoru.com/realme-pil-degisimi-fiyatlari/,2026-09-29,
REALME,Realme C2,,Realme,Realme C2,BATTERY,COMPATIBLE,Standart Pil 6 Ay Garanti,FULL_REPAIR,1650,TRY,true,telefon_profesoru,INDEPENDENT_REPAIR_SERVICE,https://telefonprofesoru.com/realme-pil-degisimi-fiyatlari/,2026-09-29,
REALME,Realme C2,,Realme,Realme C2,BATTERY,PREMIUM,Premium Pil 15 Ay Garanti,FULL_REPAIR,2100,TRY,true,telefon_profesoru,INDEPENDENT_REPAIR_SERVICE,https://telefonprofesoru.com/realme-pil-degisimi-fiyatlari/,2026-09-29,
REALME,Realme 11 Pro+,,Realme,Realme 11 Pro+,BATTERY,COMPATIBLE,Standart Pil 6 Ay Garanti,FULL_REPAIR,1650,TRY,true,telefon_profesoru,INDEPENDENT_REPAIR_SERVICE,https://telefonprofesoru.com/realme-pil-degisimi-fiyatlari/,2026-09-29,
REALME,Realme 11 Pro+,,Realme,Realme 11 Pro+,BATTERY,PREMIUM,Premium Pil 15 Ay Garanti,FULL_REPAIR,2100,TRY,true,telefon_profesoru,INDEPENDENT_REPAIR_SERVICE,https://telefonprofesoru.com/realme-pil-degisimi-fiyatlari/,2026-09-29,
REALME,Realme 11 Pro,,Realme,Realme 11 Pro,BATTERY,COMPATIBLE,Standart Pil 6 Ay Garanti,FULL_REPAIR,1650,TRY,true,telefon_profesoru,INDEPENDENT_REPAIR_SERVICE,https://telefonprofesoru.com/realme-pil-degisimi-fiyatlari/,2026-09-29,
REALME,Realme 11 Pro,,Realme,Realme 11 Pro,BATTERY,PREMIUM,Premium Pil 15 Ay Garanti,FULL_REPAIR,2100,TRY,true,telefon_profesoru,INDEPENDENT_REPAIR_SERVICE,https://telefonprofesoru.com/realme-pil-degisimi-fiyatlari/,2026-09-29,
REALME,Realme 11,,Realme,Realme 11,BATTERY,COMPATIBLE,Standart Pil 6 Ay Garanti,FULL_REPAIR,1650,TRY,true,telefon_profesoru,INDEPENDENT_REPAIR_SERVICE,https://telefonprofesoru.com/realme-pil-degisimi-fiyatlari/,2026-09-29,
REALME,Realme 11,,Realme,Realme 11,BATTERY,PREMIUM,Premium Pil 15 Ay Garanti,FULL_REPAIR,2100,TRY,true,telefon_profesoru,INDEPENDENT_REPAIR_SERVICE,https://telefonprofesoru.com/realme-pil-degisimi-fiyatlari/,2026-09-29,
REALME,Realme 10 Pro+,,Realme,Realme 10 Pro+,BATTERY,COMPATIBLE,Standart Pil 6 Ay Garanti,FULL_REPAIR,1650,TRY,true,telefon_profesoru,INDEPENDENT_REPAIR_SERVICE,https://telefonprofesoru.com/realme-pil-degisimi-fiyatlari/,2026-09-29,
REALME,Realme 10 Pro+,,Realme,Realme 10 Pro+,BATTERY,PREMIUM,Premium Pil 15 Ay Garanti,FULL_REPAIR,2100,TRY,true,telefon_profesoru,INDEPENDENT_REPAIR_SERVICE,https://telefonprofesoru.com/realme-pil-degisimi-fiyatlari/,2026-09-29,
REALME,Realme 10 Pro,,Realme,Realme 10 Pro,BATTERY,COMPATIBLE,Standart Pil 6 Ay Garanti,FULL_REPAIR,1650,TRY,true,telefon_profesoru,INDEPENDENT_REPAIR_SERVICE,https://telefonprofesoru.com/realme-pil-degisimi-fiyatlari/,2026-09-29,
REALME,Realme 10 Pro,,Realme,Realme 10 Pro,BATTERY,PREMIUM,Premium Pil 15 Ay Garanti,FULL_REPAIR,2100,TRY,true,telefon_profesoru,INDEPENDENT_REPAIR_SERVICE,https://telefonprofesoru.com/realme-pil-degisimi-fiyatlari/,2026-09-29,
REALME,Realme 10,,Realme,Realme 10,BATTERY,COMPATIBLE,Standart Pil 6 Ay Garanti,FULL_REPAIR,1650,TRY,true,telefon_profesoru,INDEPENDENT_REPAIR_SERVICE,https://telefonprofesoru.com/realme-pil-degisimi-fiyatlari/,2026-09-29,
REALME,Realme 10,,Realme,Realme 10,BATTERY,PREMIUM,Premium Pil 15 Ay Garanti,FULL_REPAIR,2100,TRY,true,telefon_profesoru,INDEPENDENT_REPAIR_SERVICE,https://telefonprofesoru.com/realme-pil-degisimi-fiyatlari/,2026-09-29,
REALME,Realme 9 Pro+,,Realme,Realme 9 Pro+,BATTERY,COMPATIBLE,Standart Pil 6 Ay Garanti,FULL_REPAIR,1650,TRY,true,telefon_profesoru,INDEPENDENT_REPAIR_SERVICE,https://telefonprofesoru.com/realme-pil-degisimi-fiyatlari/,2026-09-29,
REALME,Realme 9 Pro+,,Realme,Realme 9 Pro+,BATTERY,PREMIUM,Premium Pil 15 Ay Garanti,FULL_REPAIR,2100,TRY,true,telefon_profesoru,INDEPENDENT_REPAIR_SERVICE,https://telefonprofesoru.com/realme-pil-degisimi-fiyatlari/,2026-09-29,
REALME,Realme 9 Pro,,Realme,Realme 9 Pro,BATTERY,COMPATIBLE,Standart Pil 6 Ay Garanti,FULL_REPAIR,1650,TRY,true,telefon_profesoru,INDEPENDENT_REPAIR_SERVICE,https://telefonprofesoru.com/realme-pil-degisimi-fiyatlari/,2026-09-29,
REALME,Realme 9 Pro,,Realme,Realme 9 Pro,BATTERY,PREMIUM,Premium Pil 15 Ay Garanti,FULL_REPAIR,2100,TRY,true,telefon_profesoru,INDEPENDENT_REPAIR_SERVICE,https://telefonprofesoru.com/realme-pil-degisimi-fiyatlari/,2026-09-29,
REALME,Realme 9,,Realme,Realme 9,BATTERY,COMPATIBLE,Standart Pil 6 Ay Garanti,FULL_REPAIR,1650,TRY,true,telefon_profesoru,INDEPENDENT_REPAIR_SERVICE,https://telefonprofesoru.com/realme-pil-degisimi-fiyatlari/,2026-09-29,
REALME,Realme 9,,Realme,Realme 9,BATTERY,PREMIUM,Premium Pil 15 Ay Garanti,FULL_REPAIR,2100,TRY,true,telefon_profesoru,INDEPENDENT_REPAIR_SERVICE,https://telefonprofesoru.com/realme-pil-degisimi-fiyatlari/,2026-09-29,
REALME,Realme 8 4G,,Realme,Realme 8 4G,BATTERY,COMPATIBLE,Standart Pil 6 Ay Garanti,FULL_REPAIR,1650,TRY,true,telefon_profesoru,INDEPENDENT_REPAIR_SERVICE,https://telefonprofesoru.com/realme-pil-degisimi-fiyatlari/,2026-09-29,
REALME,Realme 8 4G,,Realme,Realme 8 4G,BATTERY,PREMIUM,Premium Pil 15 Ay Garanti,FULL_REPAIR,2100,TRY,true,telefon_profesoru,INDEPENDENT_REPAIR_SERVICE,https://telefonprofesoru.com/realme-pil-degisimi-fiyatlari/,2026-09-29,
REALME,Realme 8 5G,,Realme,Realme 8 5G,BATTERY,COMPATIBLE,Standart Pil 6 Ay Garanti,FULL_REPAIR,1650,TRY,true,telefon_profesoru,INDEPENDENT_REPAIR_SERVICE,https://telefonprofesoru.com/realme-pil-degisimi-fiyatlari/,2026-09-29,
REALME,Realme 8 5G,,Realme,Realme 8 5G,BATTERY,PREMIUM,Premium Pil 15 Ay Garanti,FULL_REPAIR,2100,TRY,true,telefon_profesoru,INDEPENDENT_REPAIR_SERVICE,https://telefonprofesoru.com/realme-pil-degisimi-fiyatlari/,2026-09-29,
REALME,Realme 7 Pro,,Realme,Realme 7 Pro,BATTERY,COMPATIBLE,Standart Pil 6 Ay Garanti,FULL_REPAIR,1650,TRY,true,telefon_profesoru,INDEPENDENT_REPAIR_SERVICE,https://telefonprofesoru.com/realme-pil-degisimi-fiyatlari/,2026-09-29,
REALME,Realme 7 Pro,,Realme,Realme 7 Pro,BATTERY,PREMIUM,Premium Pil 15 Ay Garanti,FULL_REPAIR,2100,TRY,true,telefon_profesoru,INDEPENDENT_REPAIR_SERVICE,https://telefonprofesoru.com/realme-pil-degisimi-fiyatlari/,2026-09-29,
REALME,Realme 7,,Realme,Realme 7,BATTERY,COMPATIBLE,Standart Pil 6 Ay Garanti,FULL_REPAIR,1650,TRY,true,telefon_profesoru,INDEPENDENT_REPAIR_SERVICE,https://telefonprofesoru.com/realme-pil-degisimi-fiyatlari/,2026-09-29,
REALME,Realme 7,,Realme,Realme 7,BATTERY,PREMIUM,Premium Pil 15 Ay Garanti,FULL_REPAIR,2100,TRY,true,telefon_profesoru,INDEPENDENT_REPAIR_SERVICE,https://telefonprofesoru.com/realme-pil-degisimi-fiyatlari/,2026-09-29,
REALME,Realme 6 Pro,,Realme,Realme 6 Pro,BATTERY,COMPATIBLE,Standart Pil 6 Ay Garanti,FULL_REPAIR,1650,TRY,true,telefon_profesoru,INDEPENDENT_REPAIR_SERVICE,https://telefonprofesoru.com/realme-pil-degisimi-fiyatlari/,2026-09-29,
REALME,Realme 6 Pro,,Realme,Realme 6 Pro,BATTERY,PREMIUM,Premium Pil 15 Ay Garanti,FULL_REPAIR,2100,TRY,true,telefon_profesoru,INDEPENDENT_REPAIR_SERVICE,https://telefonprofesoru.com/realme-pil-degisimi-fiyatlari/,2026-09-29,
REALME,Realme 6,,Realme,Realme 6,BATTERY,COMPATIBLE,Standart Pil 6 Ay Garanti,FULL_REPAIR,1650,TRY,true,telefon_profesoru,INDEPENDENT_REPAIR_SERVICE,https://telefonprofesoru.com/realme-pil-degisimi-fiyatlari/,2026-09-29,
REALME,Realme 6,,Realme,Realme 6,BATTERY,PREMIUM,Premium Pil 15 Ay Garanti,FULL_REPAIR,2100,TRY,true,telefon_profesoru,INDEPENDENT_REPAIR_SERVICE,https://telefonprofesoru.com/realme-pil-degisimi-fiyatlari/,2026-09-29,
REALME,Realme 6i,,Realme,Realme 6i,BATTERY,COMPATIBLE,Standart Pil 6 Ay Garanti,FULL_REPAIR,1650,TRY,true,telefon_profesoru,INDEPENDENT_REPAIR_SERVICE,https://telefonprofesoru.com/realme-pil-degisimi-fiyatlari/,2026-09-29,
REALME,Realme 6i,,Realme,Realme 6i,BATTERY,PREMIUM,Premium Pil 15 Ay Garanti,FULL_REPAIR,2100,TRY,true,telefon_profesoru,INDEPENDENT_REPAIR_SERVICE,https://telefonprofesoru.com/realme-pil-degisimi-fiyatlari/,2026-09-29,
REALME,Realme 5 Pro,,Realme,Realme 5 Pro,BATTERY,COMPATIBLE,Standart Pil 6 Ay Garanti,FULL_REPAIR,1650,TRY,true,telefon_profesoru,INDEPENDENT_REPAIR_SERVICE,https://telefonprofesoru.com/realme-pil-degisimi-fiyatlari/,2026-09-29,
REALME,Realme 5 Pro,,Realme,Realme 5 Pro,BATTERY,PREMIUM,Premium Pil 15 Ay Garanti,FULL_REPAIR,2100,TRY,true,telefon_profesoru,INDEPENDENT_REPAIR_SERVICE,https://telefonprofesoru.com/realme-pil-degisimi-fiyatlari/,2026-09-29,
REALME,Realme 5i,,Realme,Realme 5i,BATTERY,COMPATIBLE,Standart Pil 6 Ay Garanti,FULL_REPAIR,1650,TRY,true,telefon_profesoru,INDEPENDENT_REPAIR_SERVICE,https://telefonprofesoru.com/realme-pil-degisimi-fiyatlari/,2026-09-29,
REALME,Realme 5i,,Realme,Realme 5i,BATTERY,PREMIUM,Premium Pil 15 Ay Garanti,FULL_REPAIR,2100,TRY,true,telefon_profesoru,INDEPENDENT_REPAIR_SERVICE,https://telefonprofesoru.com/realme-pil-degisimi-fiyatlari/,2026-09-29,
REALME,Realme XT,,Realme,Realme XT,BATTERY,COMPATIBLE,Standart Pil 6 Ay Garanti,FULL_REPAIR,1650,TRY,true,telefon_profesoru,INDEPENDENT_REPAIR_SERVICE,https://telefonprofesoru.com/realme-pil-degisimi-fiyatlari/,2026-09-29,
REALME,Realme XT,,Realme,Realme XT,BATTERY,PREMIUM,Premium Pil 15 Ay Garanti,FULL_REPAIR,2100,TRY,true,telefon_profesoru,INDEPENDENT_REPAIR_SERVICE,https://telefonprofesoru.com/realme-pil-degisimi-fiyatlari/,2026-09-29,
REALME,Realme C67,,Realme,Realme C67,SCREEN_MODULE,HIGH_QUALITY,Yüksek Kalite 6 Ay Garanti,FULL_REPAIR,2400,TRY,true,telefon_profesoru,INDEPENDENT_REPAIR_SERVICE,https://telefonprofesoru.com/realme-ekran-degisimi-fiyatlari/,2026-09-29,
REALME,Realme C65,,Realme,Realme C65,SCREEN_MODULE,HIGH_QUALITY,Yüksek Kalite 6 Ay Garanti,FULL_REPAIR,2400,TRY,true,telefon_profesoru,INDEPENDENT_REPAIR_SERVICE,https://telefonprofesoru.com/realme-ekran-degisimi-fiyatlari/,2026-09-29,
REALME,Realme C63,,Realme,Realme C63,SCREEN_MODULE,HIGH_QUALITY,Yüksek Kalite 6 Ay Garanti,FULL_REPAIR,2400,TRY,true,telefon_profesoru,INDEPENDENT_REPAIR_SERVICE,https://telefonprofesoru.com/realme-ekran-degisimi-fiyatlari/,2026-09-29,
REALME,Realme C55,,Realme,Realme C55,SCREEN_MODULE,HIGH_QUALITY,Yüksek Kalite 6 Ay Garanti,FULL_REPAIR,2400,TRY,true,telefon_profesoru,INDEPENDENT_REPAIR_SERVICE,https://telefonprofesoru.com/realme-ekran-degisimi-fiyatlari/,2026-09-29,
REALME,Realme C53,,Realme,Realme C53,SCREEN_MODULE,HIGH_QUALITY,Yüksek Kalite 6 Ay Garanti,FULL_REPAIR,2400,TRY,true,telefon_profesoru,INDEPENDENT_REPAIR_SERVICE,https://telefonprofesoru.com/realme-ekran-degisimi-fiyatlari/,2026-09-29,
REALME,Realme C35,,Realme,Realme C35,SCREEN_MODULE,HIGH_QUALITY,Yüksek Kalite 6 Ay Garanti,FULL_REPAIR,2400,TRY,true,telefon_profesoru,INDEPENDENT_REPAIR_SERVICE,https://telefonprofesoru.com/realme-ekran-degisimi-fiyatlari/,2026-09-29,
REALME,Realme C25,,Realme,Realme C25,SCREEN_MODULE,HIGH_QUALITY,Yüksek Kalite 6 Ay Garanti,FULL_REPAIR,2400,TRY,true,telefon_profesoru,INDEPENDENT_REPAIR_SERVICE,https://telefonprofesoru.com/realme-ekran-degisimi-fiyatlari/,2026-09-29,
REALME,Realme C25S,,Realme,Realme C25S,SCREEN_MODULE,HIGH_QUALITY,Yüksek Kalite 6 Ay Garanti,FULL_REPAIR,2400,TRY,true,telefon_profesoru,INDEPENDENT_REPAIR_SERVICE,https://telefonprofesoru.com/realme-ekran-degisimi-fiyatlari/,2026-09-29,
REALME,Realme C25Y,,Realme,Realme C25Y,SCREEN_MODULE,HIGH_QUALITY,Yüksek Kalite 6 Ay Garanti,FULL_REPAIR,2400,TRY,true,telefon_profesoru,INDEPENDENT_REPAIR_SERVICE,https://telefonprofesoru.com/realme-ekran-degisimi-fiyatlari/,2026-09-29,
REALME,Realme C21,,Realme,Realme C21,SCREEN_MODULE,HIGH_QUALITY,Yüksek Kalite 6 Ay Garanti,FULL_REPAIR,2400,TRY,true,telefon_profesoru,INDEPENDENT_REPAIR_SERVICE,https://telefonprofesoru.com/realme-ekran-degisimi-fiyatlari/,2026-09-29,
REALME,Realme C21Y,,Realme,Realme C21Y,SCREEN_MODULE,HIGH_QUALITY,Yüksek Kalite 6 Ay Garanti,FULL_REPAIR,2400,TRY,true,telefon_profesoru,INDEPENDENT_REPAIR_SERVICE,https://telefonprofesoru.com/realme-ekran-degisimi-fiyatlari/,2026-09-29,
REALME,Realme C15,,Realme,Realme C15,SCREEN_MODULE,HIGH_QUALITY,Yüksek Kalite 6 Ay Garanti,FULL_REPAIR,2400,TRY,true,telefon_profesoru,INDEPENDENT_REPAIR_SERVICE,https://telefonprofesoru.com/realme-ekran-degisimi-fiyatlari/,2026-09-29,
REALME,Realme C11,,Realme,Realme C11,SCREEN_MODULE,HIGH_QUALITY,Yüksek Kalite 6 Ay Garanti,FULL_REPAIR,2400,TRY,true,telefon_profesoru,INDEPENDENT_REPAIR_SERVICE,https://telefonprofesoru.com/realme-ekran-degisimi-fiyatlari/,2026-09-29,
REALME,Realme C11 2021,,Realme,Realme C11 2021,SCREEN_MODULE,HIGH_QUALITY,Yüksek Kalite 6 Ay Garanti,FULL_REPAIR,2400,TRY,true,telefon_profesoru,INDEPENDENT_REPAIR_SERVICE,https://telefonprofesoru.com/realme-ekran-degisimi-fiyatlari/,2026-09-29,
REALME,Realme C3,,Realme,Realme C3,SCREEN_MODULE,HIGH_QUALITY,Yüksek Kalite 6 Ay Garanti,FULL_REPAIR,2400,TRY,true,telefon_profesoru,INDEPENDENT_REPAIR_SERVICE,https://telefonprofesoru.com/realme-ekran-degisimi-fiyatlari/,2026-09-29,
REALME,Realme C3i,,Realme,Realme C3i,SCREEN_MODULE,HIGH_QUALITY,Yüksek Kalite 6 Ay Garanti,FULL_REPAIR,2400,TRY,true,telefon_profesoru,INDEPENDENT_REPAIR_SERVICE,https://telefonprofesoru.com/realme-ekran-degisimi-fiyatlari/,2026-09-29,
REALME,Realme C2,,Realme,Realme C2,SCREEN_MODULE,HIGH_QUALITY,Yüksek Kalite 6 Ay Garanti,FULL_REPAIR,2400,TRY,true,telefon_profesoru,INDEPENDENT_REPAIR_SERVICE,https://telefonprofesoru.com/realme-ekran-degisimi-fiyatlari/,2026-09-29,
REALME,Realme 12,,Realme,Realme 12,SCREEN_MODULE,ORIGINAL,Orijinal Ekran 6 Ay Garanti,FULL_REPAIR,6000,TRY,true,telefon_profesoru,INDEPENDENT_REPAIR_SERVICE,https://telefonprofesoru.com/realme-ekran-degisimi-fiyatlari/,2026-09-29,
REALME,Realme 12,,Realme,Realme 12,SCREEN_MODULE,HIGH_QUALITY,Yüksek Kalite 6 Ay Garanti,FULL_REPAIR,4800,TRY,true,telefon_profesoru,INDEPENDENT_REPAIR_SERVICE,https://telefonprofesoru.com/realme-ekran-degisimi-fiyatlari/,2026-09-29,
REALME,Realme 11,,Realme,Realme 11,SCREEN_MODULE,ORIGINAL,Orijinal Ekran 6 Ay Garanti,FULL_REPAIR,5600,TRY,true,telefon_profesoru,INDEPENDENT_REPAIR_SERVICE,https://telefonprofesoru.com/realme-ekran-degisimi-fiyatlari/,2026-09-29,
REALME,Realme 8 4G,,Realme,Realme 8 4G,SCREEN_MODULE,ORIGINAL,Orijinal Ekran 6 Ay Garanti,FULL_REPAIR,4500,TRY,true,telefon_profesoru,INDEPENDENT_REPAIR_SERVICE,https://telefonprofesoru.com/realme-ekran-degisimi-fiyatlari/,2026-09-29,
REALME,Realme 8 5G,,Realme,Realme 8 5G,SCREEN_MODULE,ORIGINAL,Orijinal Ekran 6 Ay Garanti,FULL_REPAIR,2800,TRY,true,telefon_profesoru,INDEPENDENT_REPAIR_SERVICE,https://telefonprofesoru.com/realme-ekran-degisimi-fiyatlari/,2026-09-29,
REALME,Realme 7 Pro,,Realme,Realme 7 Pro,SCREEN_MODULE,ORIGINAL,Orijinal Ekran 6 Ay Garanti,FULL_REPAIR,4300,TRY,true,telefon_profesoru,INDEPENDENT_REPAIR_SERVICE,https://telefonprofesoru.com/realme-ekran-degisimi-fiyatlari/,2026-09-29,
REALME,Realme 7,,Realme,Realme 7,SCREEN_MODULE,HIGH_QUALITY,Yüksek Kalite 6 Ay Garanti,FULL_REPAIR,2400,TRY,true,telefon_profesoru,INDEPENDENT_REPAIR_SERVICE,https://telefonprofesoru.com/realme-ekran-degisimi-fiyatlari/,2026-09-29,
REALME,Realme 6,,Realme,Realme 6,SCREEN_MODULE,HIGH_QUALITY,Yüksek Kalite 6 Ay Garanti,FULL_REPAIR,2400,TRY,true,telefon_profesoru,INDEPENDENT_REPAIR_SERVICE,https://telefonprofesoru.com/realme-ekran-degisimi-fiyatlari/,2026-09-29,
REALME,Realme 6i,,Realme,Realme 6i,SCREEN_MODULE,HIGH_QUALITY,Yüksek Kalite 6 Ay Garanti,FULL_REPAIR,2400,TRY,true,telefon_profesoru,INDEPENDENT_REPAIR_SERVICE,https://telefonprofesoru.com/realme-ekran-degisimi-fiyatlari/,2026-09-29,
REALME,Realme 5 Pro,,Realme,Realme 5 Pro,SCREEN_MODULE,UNKNOWN,card: KDV dahil net fiyat,FULL_REPAIR,2400,TRY,true,telefon_profesoru,INDEPENDENT_REPAIR_SERVICE,https://telefonprofesoru.com/realme-ekran-degisimi-fiyatlari/,2026-09-29,kart satırı; katman etiketi sayfada yok
APPLE,iPhone 13,,iPhone,13,BATTERY,HIGH_QUALITY,Yüksek Kalite,FULL_REPAIR,2500,TRY,true,telefon_profesoru,INDEPENDENT_REPAIR_SERVICE,https://telefonprofesoru.com/iphone-tamiri/iphone-13-tamiri/pil-degisimi-fiyati/,2026-09-29,model sayfası; sayfa metni KDV+işçilik dahil olduğunu belirtir
APPLE,iPhone 13,,iPhone,13,BATTERY,PREMIUM,Premium Pil,FULL_REPAIR,4550,TRY,true,telefon_profesoru,INDEPENDENT_REPAIR_SERVICE,https://telefonprofesoru.com/iphone-tamiri/iphone-13-tamiri/pil-degisimi-fiyati/,2026-09-29,model sayfası; sayfa metni KDV+işçilik dahil olduğunu belirtir
APPLE,iPhone 13,,iPhone,13,BATTERY,ORIGINAL,Orijinal Pil,FULL_REPAIR,6250,TRY,true,telefon_profesoru,INDEPENDENT_REPAIR_SERVICE,https://telefonprofesoru.com/iphone-tamiri/iphone-13-tamiri/pil-degisimi-fiyati/,2026-09-29,model sayfası; sayfa metni KDV+işçilik dahil olduğunu belirtir
APPLE,iPhone 13,,,,BATTERY,COMPATIBLE,İphone 13 Uyumlu Batarya Pil,PART_ONLY,591.48,TRY,false,ercorp,PART_SUPPLIER,https://www.ercorp.com.tr/iphone-13-uyumlu-batarya-pil,2026-09-29,"parça fiyatı (montaj/işçilik dahil değil); indirimli liste fiyatı 916,79 TL"
APPLE,iPhone 16 Pro Max,,,,BATTERY,COMPATIBLE,İphone 16 Pro Max Uyumlu Batarya Pil,PART_ONLY,1267.45,TRY,false,ercorp,PART_SUPPLIER,https://www.ercorp.com.tr/iphone-13-uyumlu-batarya-pil,2026-09-29,"parça fiyatı (montaj/işçilik dahil değil); indirimli liste fiyatı 1.964,54 TL"
APPLE,iPhone 16 Pro,,,,BATTERY,COMPATIBLE,İphone 16 Pro Uyumlu Batarya Pil,PART_ONLY,1182.95,TRY,false,ercorp,PART_SUPPLIER,https://www.ercorp.com.tr/iphone-13-uyumlu-batarya-pil,2026-09-29,"parça fiyatı (montaj/işçilik dahil değil); indirimli liste fiyatı 1.833,57 TL"
APPLE,iPhone 16E,,,,BATTERY,COMPATIBLE,İphone 16E Uyumlu Batarya Pil,PART_ONLY,2027.92,TRY,false,ercorp,PART_SUPPLIER,https://www.ercorp.com.tr/iphone-13-uyumlu-batarya-pil,2026-09-29,"parça fiyatı (montaj/işçilik dahil değil); indirimli liste fiyatı 3.143,27 TL"
APPLE,iPhone 16,,,,BATTERY,COMPATIBLE,İphone 16 Uyumlu Batarya Pil,PART_ONLY,1943.42,TRY,false,ercorp,PART_SUPPLIER,https://www.ercorp.com.tr/iphone-13-uyumlu-batarya-pil,2026-09-29,"parça fiyatı (montaj/işçilik dahil değil); indirimli liste fiyatı 3.012,30 TL"
APPLE,iPhone 15 Plus,,,,BATTERY,COMPATIBLE,İphone 15 Plus Uyumlu Batarya Pil,PART_ONLY,760.47,TRY,false,ercorp,PART_SUPPLIER,https://www.ercorp.com.tr/iphone-13-uyumlu-batarya-pil,2026-09-29,"parça fiyatı (montaj/işçilik dahil değil); indirimli liste fiyatı 1.178,73 TL"
APPLE,iPhone 15 Pro Max,,,,BATTERY,COMPATIBLE,İphone 15 Pro Max Uyumlu Batarya Pil,PART_ONLY,929.46,TRY,false,ercorp,PART_SUPPLIER,https://www.ercorp.com.tr/iphone-13-uyumlu-batarya-pil,2026-09-29,"parça fiyatı (montaj/işçilik dahil değil); indirimli liste fiyatı 1.440,67 TL"
APPLE,iPhone 15 Pro,,,,BATTERY,COMPATIBLE,İphone 15 Pro Uyumlu Batarya Pil,PART_ONLY,844.97,TRY,false,ercorp,PART_SUPPLIER,https://www.ercorp.com.tr/iphone-13-uyumlu-batarya-pil,2026-09-29,"parça fiyatı (montaj/işçilik dahil değil); indirimli liste fiyatı 1.309,70 TL"
APPLE,iPhone 15,,,,BATTERY,COMPATIBLE,İphone 15 Uyumlu Batarya Pil,PART_ONLY,675.97,TRY,false,ercorp,PART_SUPPLIER,https://www.ercorp.com.tr/iphone-13-uyumlu-batarya-pil,2026-09-29,"parça fiyatı (montaj/işçilik dahil değil); indirimli liste fiyatı 1.047,76 TL"
APPLE,iPhone 14 Plus,,,,BATTERY,COMPATIBLE,İphone 14 Plus Uyumlu Batarya Pil,PART_ONLY,675.97,TRY,false,ercorp,PART_SUPPLIER,https://www.ercorp.com.tr/iphone-13-uyumlu-batarya-pil,2026-09-29,"parça fiyatı (montaj/işçilik dahil değil); indirimli liste fiyatı 1.047,76 TL"
APPLE,iPhone 14 Pro Max,,,,BATTERY,COMPATIBLE,İphone 14 Pro Max Uyumlu Batarya Pil,PART_ONLY,760.47,TRY,false,ercorp,PART_SUPPLIER,https://www.ercorp.com.tr/iphone-13-uyumlu-batarya-pil,2026-09-29,"parça fiyatı (montaj/işçilik dahil değil); indirimli liste fiyatı 1.178,73 TL"
APPLE,iPhone 14 Pro,,,,BATTERY,COMPATIBLE,İphone 14 Pro Uyumlu Batarya Pil,PART_ONLY,675.97,TRY,false,ercorp,PART_SUPPLIER,https://www.ercorp.com.tr/iphone-13-uyumlu-batarya-pil,2026-09-29,"parça fiyatı (montaj/işçilik dahil değil); indirimli liste fiyatı 1.047,76 TL"
APPLE,iPhone 14,,,,BATTERY,COMPATIBLE,İphone 14 Uyumlu Batarya Pil,PART_ONLY,591.48,TRY,false,ercorp,PART_SUPPLIER,https://www.ercorp.com.tr/iphone-13-uyumlu-batarya-pil,2026-09-29,"parça fiyatı (montaj/işçilik dahil değil); indirimli liste fiyatı 916,79 TL"
APPLE,iPhone 13 Pro Max,,,,BATTERY,COMPATIBLE,İphone 13 Pro Max Uyumlu Batarya Pil,PART_ONLY,760.47,TRY,false,ercorp,PART_SUPPLIER,https://www.ercorp.com.tr/iphone-13-uyumlu-batarya-pil,2026-09-29,"parça fiyatı (montaj/işçilik dahil değil); indirimli liste fiyatı 1.178,73 TL"
APPLE,iPhone 13 Pro,,,,BATTERY,COMPATIBLE,İphone 13 Pro Uyumlu Batarya Pil,PART_ONLY,760.47,TRY,false,ercorp,PART_SUPPLIER,https://www.ercorp.com.tr/iphone-13-uyumlu-batarya-pil,2026-09-29,"parça fiyatı (montaj/işçilik dahil değil); indirimli liste fiyatı 1.178,73 TL"
APPLE,iPhone 13 Mini,,,,BATTERY,COMPATIBLE,İphone 13 Mini Uyumlu Batarya Pil,PART_ONLY,591.48,TRY,false,ercorp,PART_SUPPLIER,https://www.ercorp.com.tr/iphone-13-uyumlu-batarya-pil,2026-09-29,"parça fiyatı (montaj/işçilik dahil değil); indirimli liste fiyatı 916,79 TL"
APPLE,iPhone 12 Pro Max,,,,BATTERY,COMPATIBLE,İphone 12 Pro Max Uyumlu Batarya Pil,PART_ONLY,675.97,TRY,false,ercorp,PART_SUPPLIER,https://www.ercorp.com.tr/iphone-13-uyumlu-batarya-pil,2026-09-29,"parça fiyatı (montaj/işçilik dahil değil); indirimli liste fiyatı 1.047,76 TL"
APPLE,iPhone 12 Pro,,,,BATTERY,COMPATIBLE,İphone 12 Pro Uyumlu Batarya Pil,PART_ONLY,549.23,TRY,false,ercorp,PART_SUPPLIER,https://www.ercorp.com.tr/iphone-13-uyumlu-batarya-pil,2026-09-29,"parça fiyatı (montaj/işçilik dahil değil); indirimli liste fiyatı 851,30 TL"
APPLE,iPhone 12 Mini,,,,BATTERY,COMPATIBLE,İphone 12 Mini Uyumlu Batarya Pil,PART_ONLY,591.48,TRY,false,ercorp,PART_SUPPLIER,https://www.ercorp.com.tr/iphone-13-uyumlu-batarya-pil,2026-09-29,"parça fiyatı (montaj/işçilik dahil değil); indirimli liste fiyatı 916,79 TL"
APPLE,iPhone 12,,,,BATTERY,COMPATIBLE,İphone 12 Uyumlu Batarya Pil,PART_ONLY,675.97,TRY,false,ercorp,PART_SUPPLIER,https://www.ercorp.com.tr/iphone-13-uyumlu-batarya-pil,2026-09-29,"parça fiyatı (montaj/işçilik dahil değil); indirimli liste fiyatı 1.047,76 TL"
APPLE,iPhone 11 Pro Max,,,,BATTERY,COMPATIBLE,İphone 11 Pro Max Uyumlu Batarya Pil,PART_ONLY,760.47,TRY,false,ercorp,PART_SUPPLIER,https://www.ercorp.com.tr/iphone-13-uyumlu-batarya-pil,2026-09-29,"parça fiyatı (montaj/işçilik dahil değil); indirimli liste fiyatı 1.178,73 TL"
APPLE,iPhone 13,,,,SCREEN_MODULE,ORIGINAL,İphone 13 Lcd Ekran ORİJİNAL,PART_ONLY,3728.09,TRY,false,ercorp,PART_SUPPLIER,https://www.ercorp.com.tr/iphone-13-lcd-ekran-orijinal,2026-09-29,"parça fiyatı (montaj/işçilik dahil değil); indirimli liste fiyatı 6.151,35 TL"
APPLE,iPhone 8G Plus,,,,SCREEN_MODULE,UNKNOWN,İphone 8G Plus LW Lcd Ekran Siyah,PART_ONLY,640.13,TRY,false,ercorp,PART_SUPPLIER,https://www.ercorp.com.tr/iphone-13-lcd-ekran-orijinal,2026-09-29,"parça fiyatı (montaj/işçilik dahil değil); indirimli liste fiyatı 1.043,53 TL"
APPLE,iPhone 8G Plus,,,,SCREEN_MODULE,UNKNOWN,İphone 8G Plus LW Lcd Ekran Beyaz,PART_ONLY,640.13,TRY,false,ercorp,PART_SUPPLIER,https://www.ercorp.com.tr/iphone-13-lcd-ekran-orijinal,2026-09-29,"parça fiyatı (montaj/işçilik dahil değil); indirimli liste fiyatı 1.043,53 TL"
APPLE,iPhone 8G,,,,SCREEN_MODULE,UNKNOWN,İphone 8G LW Lcd Ekran Siyah,PART_ONLY,588.92,TRY,false,ercorp,PART_SUPPLIER,https://www.ercorp.com.tr/iphone-13-lcd-ekran-orijinal,2026-09-29,"parça fiyatı (montaj/işçilik dahil değil); indirimli liste fiyatı 933,69 TL"
APPLE,iPhone 8G,,,,SCREEN_MODULE,UNKNOWN,İphone 8G LW Lcd Ekran Beyaz,PART_ONLY,588.92,TRY,false,ercorp,PART_SUPPLIER,https://www.ercorp.com.tr/iphone-13-lcd-ekran-orijinal,2026-09-29,"parça fiyatı (montaj/işçilik dahil değil); indirimli liste fiyatı 933,69 TL"
APPLE,iPhone 7G Plus,,,,SCREEN_MODULE,UNKNOWN,İphone 7G Plus LW Lcd Ekran Siyah,PART_ONLY,640.13,TRY,false,ercorp,PART_SUPPLIER,https://www.ercorp.com.tr/iphone-13-lcd-ekran-orijinal,2026-09-29,"parça fiyatı (montaj/işçilik dahil değil); indirimli liste fiyatı 1.043,53 TL"
APPLE,iPhone 7G Plus,,,,SCREEN_MODULE,UNKNOWN,İphone 7G Plus LW Lcd Ekran Beyaz,PART_ONLY,640.13,TRY,false,ercorp,PART_SUPPLIER,https://www.ercorp.com.tr/iphone-13-lcd-ekran-orijinal,2026-09-29,"parça fiyatı (montaj/işçilik dahil değil); indirimli liste fiyatı 1.043,53 TL"
APPLE,iPhone 7G,,,,SCREEN_MODULE,UNKNOWN,İphone 7G LW Lcd Ekran Siyah,PART_ONLY,588.92,TRY,false,ercorp,PART_SUPPLIER,https://www.ercorp.com.tr/iphone-13-lcd-ekran-orijinal,2026-09-29,"parça fiyatı (montaj/işçilik dahil değil); indirimli liste fiyatı 933,69 TL"
APPLE,iPhone 7G,,,,SCREEN_MODULE,UNKNOWN,İphone 7G LW Lcd Ekran Beyaz,PART_ONLY,588.92,TRY,false,ercorp,PART_SUPPLIER,https://www.ercorp.com.tr/iphone-13-lcd-ekran-orijinal,2026-09-29,"parça fiyatı (montaj/işçilik dahil değil); indirimli liste fiyatı 933,69 TL"
APPLE,iPhone 6S Plus,,,,SCREEN_MODULE,UNKNOWN,İphone 6S Plus LW Lcd Ekran Siyah,PART_ONLY,640.13,TRY,false,ercorp,PART_SUPPLIER,https://www.ercorp.com.tr/iphone-13-lcd-ekran-orijinal,2026-09-29,"parça fiyatı (montaj/işçilik dahil değil); indirimli liste fiyatı 1.016,49 TL"
APPLE,iPhone 6S Plus,,,,SCREEN_MODULE,UNKNOWN,İphone 6S Plus LW Lcd Ekran Beyaz,PART_ONLY,640.13,TRY,false,ercorp,PART_SUPPLIER,https://www.ercorp.com.tr/iphone-13-lcd-ekran-orijinal,2026-09-29,"parça fiyatı (montaj/işçilik dahil değil); indirimli liste fiyatı 1.016,49 TL"
APPLE,iPhone 6S,,,,SCREEN_MODULE,UNKNOWN,İphone 6S LW Lcd Ekran Siyah,PART_ONLY,588.92,TRY,false,ercorp,PART_SUPPLIER,https://www.ercorp.com.tr/iphone-13-lcd-ekran-orijinal,2026-09-29,"parça fiyatı (montaj/işçilik dahil değil); indirimli liste fiyatı 933,69 TL"
APPLE,iPhone 6S,,,,SCREEN_MODULE,UNKNOWN,İphone 6S LW Lcd Ekran Beyaz,PART_ONLY,588.92,TRY,false,ercorp,PART_SUPPLIER,https://www.ercorp.com.tr/iphone-13-lcd-ekran-orijinal,2026-09-29,"parça fiyatı (montaj/işçilik dahil değil); indirimli liste fiyatı 933,69 TL"
APPLE,iPhone 6G Plus,,,,SCREEN_MODULE,UNKNOWN,İphone 6G Plus LW Lcd Ekran Siyah,PART_ONLY,614.52,TRY,false,ercorp,PART_SUPPLIER,https://www.ercorp.com.tr/iphone-13-lcd-ekran-orijinal,2026-09-29,"parça fiyatı (montaj/işçilik dahil değil); indirimli liste fiyatı 988,61 TL"
APPLE,iPhone 6G Plus,,,,SCREEN_MODULE,UNKNOWN,İphone 6G Plus LW Lcd Ekran Beyaz,PART_ONLY,614.52,TRY,false,ercorp,PART_SUPPLIER,https://www.ercorp.com.tr/iphone-13-lcd-ekran-orijinal,2026-09-29,"parça fiyatı (montaj/işçilik dahil değil); indirimli liste fiyatı 988,61 TL"
APPLE,iPhone 6G,,,,SCREEN_MODULE,UNKNOWN,İphone 6G LW Lcd Ekran Siyah,PART_ONLY,532.58,TRY,false,ercorp,PART_SUPPLIER,https://www.ercorp.com.tr/iphone-13-lcd-ekran-orijinal,2026-09-29,"parça fiyatı (montaj/işçilik dahil değil); indirimli liste fiyatı 878,76 TL"
APPLE,iPhone 6G,,,,SCREEN_MODULE,UNKNOWN,İphone 6G LW Lcd Ekran Beyaz,PART_ONLY,532.58,TRY,false,ercorp,PART_SUPPLIER,https://www.ercorp.com.tr/iphone-13-lcd-ekran-orijinal,2026-09-29,"parça fiyatı (montaj/işçilik dahil değil); indirimli liste fiyatı 878,76 TL"
APPLE,iPhone Xs Max,,,,SCREEN_MODULE,COMPATIBLE,İphone Xs Max Lcd Ekran incell,PART_ONLY,870.57,TRY,false,ercorp,PART_SUPPLIER,https://www.ercorp.com.tr/iphone-13-lcd-ekran-orijinal,2026-09-29,"parça fiyatı (montaj/işçilik dahil değil); indirimli liste fiyatı 1.318,15 TL"
APPLE,iPhone Xs,,,,SCREEN_MODULE,COMPATIBLE,İphone Xs Lcd Ekran incell,PART_ONLY,742.55,TRY,false,ercorp,PART_SUPPLIER,https://www.ercorp.com.tr/iphone-13-lcd-ekran-orijinal,2026-09-29,"parça fiyatı (montaj/işçilik dahil değil); indirimli liste fiyatı 1.043,53 TL"
APPLE,iPhone Xr,,,,SCREEN_MODULE,COMPATIBLE,İphone Xr Lcd Ekran incell,PART_ONLY,793.76,TRY,false,ercorp,PART_SUPPLIER,https://www.ercorp.com.tr/iphone-13-lcd-ekran-orijinal,2026-09-29,"parça fiyatı (montaj/işçilik dahil değil); indirimli liste fiyatı 1.153,38 TL"
APPLE,iPhone X,,,,SCREEN_MODULE,COMPATIBLE,İphone X Lcd Ekran incell,PART_ONLY,691.34,TRY,false,ercorp,PART_SUPPLIER,https://www.ercorp.com.tr/iphone-13-lcd-ekran-orijinal,2026-09-29,"parça fiyatı (montaj/işçilik dahil değil); indirimli liste fiyatı 1.043,53 TL"
APPLE,iPhone 13 Pro Max,,,,SCREEN_MODULE,HIGH_QUALITY,İphone 13 Pro Max Lcd Ekran OLED,PART_ONLY,2918.97,TRY,false,ercorp,PART_SUPPLIER,https://www.ercorp.com.tr/iphone-13-pro-max-lcd-ekran-oled,2026-09-29,"parça fiyatı (montaj/işçilik dahil değil); indirimli liste fiyatı 4.723,35 TL"
APPLE,iPhone 13,,,,CAMERA_REAR,ORIGINAL,İphone 13 Uyumlu Arka Kamera ORİJİNAL,PART_ONLY,1294.08,TRY,false,ercorp,PART_SUPPLIER,https://www.ercorp.com.tr/iphone-13-uyumlu-arka-kamera-orijinal,2026-09-29,"parça fiyatı (montaj/işçilik dahil değil); indirimli liste fiyatı 2.070,52 TL"
APPLE,iPhone 13 Pro Max,,,,EARPIECE,COMPATIBLE,İphone 13 Pro Max Uyumlu İç Kulaklık Izgara,PART_ONLY,50.95,TRY,false,ercorp,PART_SUPPLIER,https://www.ercorp.com.tr/iphone-13-uyumlu-arka-kamera-orijinal,2026-09-29,"parça fiyatı (montaj/işçilik dahil değil); indirimli liste fiyatı 81,53 TL"
APPLE,iPhone 13 Pro,,,,EARPIECE,COMPATIBLE,İphone 13 Pro Uyumlu İç Kulaklık Izgara,PART_ONLY,50.95,TRY,false,ercorp,PART_SUPPLIER,https://www.ercorp.com.tr/iphone-13-uyumlu-arka-kamera-orijinal,2026-09-29,"parça fiyatı (montaj/işçilik dahil değil); indirimli liste fiyatı 81,53 TL"
APPLE,iPhone 13,,,,EARPIECE,COMPATIBLE,İphone 13 Uyumlu İç Kulaklık Izgara,PART_ONLY,50.95,TRY,false,ercorp,PART_SUPPLIER,https://www.ercorp.com.tr/iphone-13-uyumlu-arka-kamera-orijinal,2026-09-29,"parça fiyatı (montaj/işçilik dahil değil); indirimli liste fiyatı 81,53 TL"
APPLE,iPhone 13 Mini,,,,EARPIECE,COMPATIBLE,İphone 13 Mini Uyumlu İç Kulaklık Izgara,PART_ONLY,50.95,TRY,false,ercorp,PART_SUPPLIER,https://www.ercorp.com.tr/iphone-13-uyumlu-arka-kamera-orijinal,2026-09-29,"parça fiyatı (montaj/işçilik dahil değil); indirimli liste fiyatı 81,53 TL"
APPLE,iPhone 12 Pro Max,,,,EARPIECE,COMPATIBLE,İphone 12 Pro Max Uyumlu İç Kulaklık Izgara,PART_ONLY,50.95,TRY,false,ercorp,PART_SUPPLIER,https://www.ercorp.com.tr/iphone-13-uyumlu-arka-kamera-orijinal,2026-09-29,"parça fiyatı (montaj/işçilik dahil değil); indirimli liste fiyatı 81,53 TL"
APPLE,iPhone 12 Pro,,,,EARPIECE,COMPATIBLE,İphone 12 Pro Uyumlu İç Kulaklık Izgara,PART_ONLY,50.95,TRY,false,ercorp,PART_SUPPLIER,https://www.ercorp.com.tr/iphone-13-uyumlu-arka-kamera-orijinal,2026-09-29,"parça fiyatı (montaj/işçilik dahil değil); indirimli liste fiyatı 81,53 TL"
APPLE,iPhone 12,,,,EARPIECE,COMPATIBLE,İphone 12 Uyumlu İç Kulaklık Izgara,PART_ONLY,50.95,TRY,false,ercorp,PART_SUPPLIER,https://www.ercorp.com.tr/iphone-13-uyumlu-arka-kamera-orijinal,2026-09-29,"parça fiyatı (montaj/işçilik dahil değil); indirimli liste fiyatı 81,53 TL"
APPLE,iPhone 12 Mini,,,,EARPIECE,COMPATIBLE,İphone 12 Mini Uyumlu İç Kulaklık Izgara,PART_ONLY,50.95,TRY,false,ercorp,PART_SUPPLIER,https://www.ercorp.com.tr/iphone-13-uyumlu-arka-kamera-orijinal,2026-09-29,"parça fiyatı (montaj/işçilik dahil değil); indirimli liste fiyatı 81,53 TL"
APPLE,iPhone 11 Pro Max,,,,EARPIECE,COMPATIBLE,İphone 11 Pro Max Uyumlu İç Kulaklık Izgara,PART_ONLY,50.95,TRY,false,ercorp,PART_SUPPLIER,https://www.ercorp.com.tr/iphone-13-uyumlu-arka-kamera-orijinal,2026-09-29,"parça fiyatı (montaj/işçilik dahil değil); indirimli liste fiyatı 81,53 TL"
APPLE,iPhone 11 Pro,,,,EARPIECE,COMPATIBLE,İphone 11 Pro Uyumlu İç Kulaklık Izgara,PART_ONLY,50.95,TRY,false,ercorp,PART_SUPPLIER,https://www.ercorp.com.tr/iphone-13-uyumlu-arka-kamera-orijinal,2026-09-29,"parça fiyatı (montaj/işçilik dahil değil); indirimli liste fiyatı 81,53 TL"
APPLE,iPhone 11,,,,EARPIECE,COMPATIBLE,İphone 11 Uyumlu İç Kulaklık Izgara,PART_ONLY,50.95,TRY,false,ercorp,PART_SUPPLIER,https://www.ercorp.com.tr/iphone-13-uyumlu-arka-kamera-orijinal,2026-09-29,"parça fiyatı (montaj/işçilik dahil değil); indirimli liste fiyatı 81,53 TL"
APPLE,iPhone XR,,,,EARPIECE,COMPATIBLE,İphone XR Uyumlu İç Kulaklık Izgara,PART_ONLY,50.95,TRY,false,ercorp,PART_SUPPLIER,https://www.ercorp.com.tr/iphone-13-uyumlu-arka-kamera-orijinal,2026-09-29,"parça fiyatı (montaj/işçilik dahil değil); indirimli liste fiyatı 81,53 TL"
APPLE,iPhone XS Max,,,,EARPIECE,COMPATIBLE,İphone XS Max Uyumlu İç Kulaklık Izgara,PART_ONLY,50.95,TRY,false,ercorp,PART_SUPPLIER,https://www.ercorp.com.tr/iphone-13-uyumlu-arka-kamera-orijinal,2026-09-29,"parça fiyatı (montaj/işçilik dahil değil); indirimli liste fiyatı 81,53 TL"
APPLE,iPhone XS,,,,EARPIECE,COMPATIBLE,İphone XS Uyumlu İç Kulaklık Izgara,PART_ONLY,50.95,TRY,false,ercorp,PART_SUPPLIER,https://www.ercorp.com.tr/iphone-13-uyumlu-arka-kamera-orijinal,2026-09-29,"parça fiyatı (montaj/işçilik dahil değil); indirimli liste fiyatı 81,53 TL"
APPLE,iPhone X,,,,EARPIECE,COMPATIBLE,İphone X Uyumlu İç Kulaklık Izgara,PART_ONLY,50.95,TRY,false,ercorp,PART_SUPPLIER,https://www.ercorp.com.tr/iphone-13-uyumlu-arka-kamera-orijinal,2026-09-29,"parça fiyatı (montaj/işçilik dahil değil); indirimli liste fiyatı 81,53 TL"
APPLE,iPhone 8 Plus,,,,EARPIECE,COMPATIBLE,İphone 8 Plus Uyumlu İç Kulaklık Izgara,PART_ONLY,50.95,TRY,false,ercorp,PART_SUPPLIER,https://www.ercorp.com.tr/iphone-13-uyumlu-arka-kamera-orijinal,2026-09-29,"parça fiyatı (montaj/işçilik dahil değil); indirimli liste fiyatı 81,53 TL"
APPLE,iPhone 8,,,,EARPIECE,COMPATIBLE,İphone 8 Uyumlu İç Kulaklık Izgara,PART_ONLY,50.95,TRY,false,ercorp,PART_SUPPLIER,https://www.ercorp.com.tr/iphone-13-uyumlu-arka-kamera-orijinal,2026-09-29,"parça fiyatı (montaj/işçilik dahil değil); indirimli liste fiyatı 81,53 TL"
APPLE,iPhone 7 Plus,,,,EARPIECE,COMPATIBLE,İphone 7 Plus Uyumlu İç Kulaklık Izagara,PART_ONLY,50.95,TRY,false,ercorp,PART_SUPPLIER,https://www.ercorp.com.tr/iphone-13-uyumlu-arka-kamera-orijinal,2026-09-29,"parça fiyatı (montaj/işçilik dahil değil); indirimli liste fiyatı 81,53 TL"
APPLE,iPhone 6 Plus,,,,EARPIECE,COMPATIBLE,İphone 6 Plus Uyumlu İç Kulaklık Izgara,PART_ONLY,50.95,TRY,false,ercorp,PART_SUPPLIER,https://www.ercorp.com.tr/iphone-13-uyumlu-arka-kamera-orijinal,2026-09-29,"parça fiyatı (montaj/işçilik dahil değil); indirimli liste fiyatı 81,53 TL"
APPLE,iPhone 6S,,,,EARPIECE,COMPATIBLE,İphone 6S Uyumlu İç Kulaklık Izgarası,PART_ONLY,50.95,TRY,false,ercorp,PART_SUPPLIER,https://www.ercorp.com.tr/iphone-13-uyumlu-arka-kamera-orijinal,2026-09-29,"parça fiyatı (montaj/işçilik dahil değil); indirimli liste fiyatı 81,53 TL"
SAMSUNG,Galaxy S23 Ultra,,,,BATTERY,COMPATIBLE,Galaxy S23 Ultra Uyumlu Batarya,PART_ONLY,506.98,TRY,false,ercorp,PART_SUPPLIER,https://www.ercorp.com.tr/samsung-galaxy-s23-ultra-uyumlu-batarya,2026-09-29,"parça fiyatı (montaj/işçilik dahil değil); indirimli liste fiyatı 785,82 TL"
SAMSUNG,Galaxy S23 Plus,,,,BATTERY,COMPATIBLE,Galaxy S23 Plus Uyumlu Batarya,PART_ONLY,506.98,TRY,false,ercorp,PART_SUPPLIER,https://www.ercorp.com.tr/samsung-galaxy-s23-ultra-uyumlu-batarya,2026-09-29,"parça fiyatı (montaj/işçilik dahil değil); indirimli liste fiyatı 785,82 TL"
SAMSUNG,Galaxy S23,,,,BATTERY,COMPATIBLE,Galaxy S23 Uyumlu Batarya,PART_ONLY,464.73,TRY,false,ercorp,PART_SUPPLIER,https://www.ercorp.com.tr/samsung-galaxy-s23-ultra-uyumlu-batarya,2026-09-29,"parça fiyatı (montaj/işçilik dahil değil); indirimli liste fiyatı 720,33 TL"
SAMSUNG,Galaxy S22 Plus,,,,BATTERY,COMPATIBLE,Galaxy S22 Plus Uyumlu Batarya,PART_ONLY,464.73,TRY,false,ercorp,PART_SUPPLIER,https://www.ercorp.com.tr/samsung-galaxy-s23-ultra-uyumlu-batarya,2026-09-29,"parça fiyatı (montaj/işçilik dahil değil); indirimli liste fiyatı 720,33 TL"
SAMSUNG,Galaxy S22 Ultra,,,,BATTERY,COMPATIBLE,Galaxy S22 Ultra Uyumlu Batarya,PART_ONLY,506.98,TRY,false,ercorp,PART_SUPPLIER,https://www.ercorp.com.tr/samsung-galaxy-s23-ultra-uyumlu-batarya,2026-09-29,"parça fiyatı (montaj/işçilik dahil değil); indirimli liste fiyatı 785,82 TL"
SAMSUNG,Galaxy S22,,,,BATTERY,COMPATIBLE,Galaxy S22 Uyumlu Batarya,PART_ONLY,506.98,TRY,false,ercorp,PART_SUPPLIER,https://www.ercorp.com.tr/samsung-galaxy-s23-ultra-uyumlu-batarya,2026-09-29,"parça fiyatı (montaj/işçilik dahil değil); indirimli liste fiyatı 785,82 TL"
SAMSUNG,Galaxy S21 Ultra,,,,BATTERY,COMPATIBLE,Galaxy S21 Ultra Uyumlu Batarya,PART_ONLY,422.48,TRY,false,ercorp,PART_SUPPLIER,https://www.ercorp.com.tr/samsung-galaxy-s23-ultra-uyumlu-batarya,2026-09-29,"parça fiyatı (montaj/işçilik dahil değil); indirimli liste fiyatı 654,85 TL"
SAMSUNG,Galaxy S21 PLUS,,,,BATTERY,COMPATIBLE,Galaxy S21 PLUS Uyumlu Batarya,PART_ONLY,506.98,TRY,false,ercorp,PART_SUPPLIER,https://www.ercorp.com.tr/samsung-galaxy-s23-ultra-uyumlu-batarya,2026-09-29,"parça fiyatı (montaj/işçilik dahil değil); indirimli liste fiyatı 785,82 TL"
SAMSUNG,Galaxy S21 FE,,,,BATTERY,COMPATIBLE,Galaxy S21 FE Uyumlu Batarya,PART_ONLY,422.48,TRY,false,ercorp,PART_SUPPLIER,https://www.ercorp.com.tr/samsung-galaxy-s23-ultra-uyumlu-batarya,2026-09-29,"parça fiyatı (montaj/işçilik dahil değil); indirimli liste fiyatı 654,85 TL"
SAMSUNG,Galaxy S21,,,,BATTERY,COMPATIBLE,Galaxy S21 Uyumlu Batarya,PART_ONLY,506.98,TRY,false,ercorp,PART_SUPPLIER,https://www.ercorp.com.tr/samsung-galaxy-s23-ultra-uyumlu-batarya,2026-09-29,"parça fiyatı (montaj/işçilik dahil değil); indirimli liste fiyatı 785,82 TL"
SAMSUNG,Galaxy S20 Plus,,,,BATTERY,COMPATIBLE,Galaxy S20 Plus Uyumlu Batarya,PART_ONLY,464.73,TRY,false,ercorp,PART_SUPPLIER,https://www.ercorp.com.tr/samsung-galaxy-s23-ultra-uyumlu-batarya,2026-09-29,"parça fiyatı (montaj/işçilik dahil değil); indirimli liste fiyatı 720,33 TL"
SAMSUNG,Galaxy S20 Ultra,,,,BATTERY,COMPATIBLE,Galaxy S20 Ultra Uyumlu Batarya,PART_ONLY,464.73,TRY,false,ercorp,PART_SUPPLIER,https://www.ercorp.com.tr/samsung-galaxy-s23-ultra-uyumlu-batarya,2026-09-29,"parça fiyatı (montaj/işçilik dahil değil); indirimli liste fiyatı 720,33 TL"
SAMSUNG,Galaxy S20 Lite,,,,BATTERY,COMPATIBLE,Galaxy S20 Lite Uyumlu Batarya,PART_ONLY,506.98,TRY,false,ercorp,PART_SUPPLIER,https://www.ercorp.com.tr/samsung-galaxy-s23-ultra-uyumlu-batarya,2026-09-29,"parça fiyatı (montaj/işçilik dahil değil); indirimli liste fiyatı 785,82 TL"
SAMSUNG,Galaxy S20 FE,,,,BATTERY,COMPATIBLE,Galaxy S20 FE Uyumlu Batarya,PART_ONLY,506.98,TRY,false,ercorp,PART_SUPPLIER,https://www.ercorp.com.tr/samsung-galaxy-s23-ultra-uyumlu-batarya,2026-09-29,"parça fiyatı (montaj/işçilik dahil değil); indirimli liste fiyatı 785,82 TL"
SAMSUNG,Galaxy S20,,,,BATTERY,COMPATIBLE,Galaxy S20 Uyumlu Batarya,PART_ONLY,380.23,TRY,false,ercorp,PART_SUPPLIER,https://www.ercorp.com.tr/samsung-galaxy-s23-ultra-uyumlu-batarya,2026-09-29,"parça fiyatı (montaj/işçilik dahil değil); indirimli liste fiyatı 589,36 TL"
SAMSUNG,Galaxy S10 Lite,,,,BATTERY,COMPATIBLE,Galaxy S10 Lite Uyumlu Batarya,PART_ONLY,422.48,TRY,false,ercorp,PART_SUPPLIER,https://www.ercorp.com.tr/samsung-galaxy-s23-ultra-uyumlu-batarya,2026-09-29,"parça fiyatı (montaj/işçilik dahil değil); indirimli liste fiyatı 654,85 TL"
SAMSUNG,Galaxy S10E,,,,BATTERY,COMPATIBLE,Galaxy S10E Uyumlu Batarya,PART_ONLY,380.23,TRY,false,ercorp,PART_SUPPLIER,https://www.ercorp.com.tr/samsung-galaxy-s23-ultra-uyumlu-batarya,2026-09-29,"parça fiyatı (montaj/işçilik dahil değil); indirimli liste fiyatı 589,36 TL"
SAMSUNG,Galaxy S10 Plus,,,,BATTERY,COMPATIBLE,Galaxy S10 Plus Uyumlu Batarya,PART_ONLY,422.48,TRY,false,ercorp,PART_SUPPLIER,https://www.ercorp.com.tr/samsung-galaxy-s23-ultra-uyumlu-batarya,2026-09-29,"parça fiyatı (montaj/işçilik dahil değil); indirimli liste fiyatı 654,85 TL"
SAMSUNG,Galaxy S10,,,,BATTERY,COMPATIBLE,Galaxy S10 Uyumlu Batarya,PART_ONLY,380.23,TRY,false,ercorp,PART_SUPPLIER,https://www.ercorp.com.tr/samsung-galaxy-s23-ultra-uyumlu-batarya,2026-09-29,"parça fiyatı (montaj/işçilik dahil değil); indirimli liste fiyatı 589,36 TL"
SAMSUNG,Galaxy S9 Plus,,,,BATTERY,COMPATIBLE,Galaxy S9 Plus Uyumlu Batarya,PART_ONLY,380.23,TRY,false,ercorp,PART_SUPPLIER,https://www.ercorp.com.tr/samsung-galaxy-s23-ultra-uyumlu-batarya,2026-09-29,"parça fiyatı (montaj/işçilik dahil değil); indirimli liste fiyatı 589,36 TL"
SAMSUNG,Galaxy S9,,,,BATTERY,COMPATIBLE,Galaxy S9 Uyumlu Batarya,PART_ONLY,380.23,TRY,false,ercorp,PART_SUPPLIER,https://www.ercorp.com.tr/samsung-galaxy-s23-ultra-uyumlu-batarya,2026-09-29,"parça fiyatı (montaj/işçilik dahil değil); indirimli liste fiyatı 589,36 TL"
SAMSUNG,Galaxy A54 A546,,,,SCREEN_MODULE,HIGH_QUALITY,Galaxy A54 A546 Uyumlu Lcd Ekran FULL ÇITALI OLED Siyah,PART_ONLY,1843.56,TRY,false,ercorp,PART_SUPPLIER,https://www.ercorp.com.tr/samsung-galaxy-a54-a546-uyumlu-lcd-ekran-full-citali-siyah,2026-09-29,"parça fiyatı (montaj/işçilik dahil değil); indirimli liste fiyatı 2.416,60 TL"
SAMSUNG,Galaxy S20 FE G780,,,,SCREEN_MODULE,COMPATIBLE,Galaxy S20 FE G780 Uyumlu Lcd Ekran FULL ÇITALI Yeşil,PART_ONLY,1792.35,TRY,false,ercorp,PART_SUPPLIER,https://www.ercorp.com.tr/samsung-galaxy-a54-a546-uyumlu-lcd-ekran-full-citali-siyah,2026-09-29,"parça fiyatı (montaj/işçilik dahil değil); indirimli liste fiyatı 2.746,14 TL"
SAMSUNG,Galaxy S20 FE G780,,,,SCREEN_MODULE,COMPATIBLE,Galaxy S20 FE G780 Uyumlu Lcd Ekran FULL ÇITALI Siyah,PART_ONLY,1792.35,TRY,false,ercorp,PART_SUPPLIER,https://www.ercorp.com.tr/samsung-galaxy-a54-a546-uyumlu-lcd-ekran-full-citali-siyah,2026-09-29,"parça fiyatı (montaj/işçilik dahil değil); indirimli liste fiyatı 2.746,14 TL"
SAMSUNG,Galaxy S20 FE G780,,,,SCREEN_MODULE,COMPATIBLE,Galaxy S20 FE G780 Uyumlu Lcd Ekran FULL ÇITALI Silver,PART_ONLY,1792.35,TRY,false,ercorp,PART_SUPPLIER,https://www.ercorp.com.tr/samsung-galaxy-a54-a546-uyumlu-lcd-ekran-full-citali-siyah,2026-09-29,"parça fiyatı (montaj/işçilik dahil değil); indirimli liste fiyatı 2.746,14 TL"
SAMSUNG,Galaxy Note 9 N960,,,,SCREEN_MODULE,COMPATIBLE,Galaxy Note 9 N960 Uyumlu Lcd Ekran Siyah,PART_ONLY,4967.37,TRY,false,ercorp,PART_SUPPLIER,https://www.ercorp.com.tr/samsung-galaxy-a54-a546-uyumlu-lcd-ekran-full-citali-siyah,2026-09-29,"parça fiyatı (montaj/işçilik dahil değil); indirimli liste fiyatı 8.762,29 TL"
SAMSUNG,Galaxy Note 9 N960,,,,SCREEN_MODULE,COMPATIBLE,Galaxy Note 9 N960 Uyumlu Lcd Ekran Mavi,PART_ONLY,4967.37,TRY,false,ercorp,PART_SUPPLIER,https://www.ercorp.com.tr/samsung-galaxy-a54-a546-uyumlu-lcd-ekran-full-citali-siyah,2026-09-29,"parça fiyatı (montaj/işçilik dahil değil); indirimli liste fiyatı 8.762,29 TL"
SAMSUNG,Galaxy Note 4 N910,,,,SCREEN_MODULE,COMPATIBLE,Galaxy Note 4 N910 Uyumlu Lcd Ekran Gold,PART_ONLY,1280.25,TRY,false,ercorp,PART_SUPPLIER,https://www.ercorp.com.tr/samsung-galaxy-a54-a546-uyumlu-lcd-ekran-full-citali-siyah,2026-09-29,"parça fiyatı (montaj/işçilik dahil değil); indirimli liste fiyatı 3.041,87 TL"
SAMSUNG,Galaxy M51 M515,,,,SCREEN_MODULE,COMPATIBLE,Galaxy M51 M515 Uyumlu Lcd Ekran,PART_ONLY,1536.30,TRY,false,ercorp,PART_SUPPLIER,https://www.ercorp.com.tr/samsung-galaxy-a54-a546-uyumlu-lcd-ekran-full-citali-siyah,2026-09-29,"parça fiyatı (montaj/işçilik dahil değil); indirimli liste fiyatı 2.416,60 TL"
SAMSUNG,Galaxy A60 A6060,,,,SCREEN_MODULE,COMPATIBLE,Galaxy A60 A6060 Uyumlu Lcd Ekran,PART_ONLY,1126.62,TRY,false,ercorp,PART_SUPPLIER,https://www.ercorp.com.tr/samsung-galaxy-a54-a546-uyumlu-lcd-ekran-full-citali-siyah,2026-09-29,"parça fiyatı (montaj/işçilik dahil değil); indirimli liste fiyatı 1.825,12 TL"
SAMSUNG,Galaxy M40 M405,,,,SCREEN_MODULE,COMPATIBLE,Galaxy M40 M405 Uyumlu Lcd Ekran,PART_ONLY,1126.62,TRY,false,ercorp,PART_SUPPLIER,https://www.ercorp.com.tr/samsung-galaxy-a54-a546-uyumlu-lcd-ekran-full-citali-siyah,2026-09-29,"parça fiyatı (montaj/işçilik dahil değil); indirimli liste fiyatı 1.825,12 TL"
SAMSUNG,Galaxy M35 M356,,,,SCREEN_MODULE,COMPATIBLE,Galaxy M35 M356 Uyumlu Lcd Ekran,PART_ONLY,1894.77,TRY,false,ercorp,PART_SUPPLIER,https://www.ercorp.com.tr/samsung-galaxy-a54-a546-uyumlu-lcd-ekran-full-citali-siyah,2026-09-29,"parça fiyatı (montaj/işçilik dahil değil); indirimli liste fiyatı 3.295,36 TL"
SAMSUNG,Galaxy M32 M325,,,,SCREEN_MODULE,COMPATIBLE,Galaxy M32 M325 Uyumlu Lcd Ekran FULL ÇITALI Siyah,PART_ONLY,1433.88,TRY,false,ercorp,PART_SUPPLIER,https://www.ercorp.com.tr/samsung-galaxy-a54-a546-uyumlu-lcd-ekran-full-citali-siyah,2026-09-29,"parça fiyatı (montaj/işçilik dahil değil); indirimli liste fiyatı 2.087,06 TL"
SAMSUNG,Galaxy M23 M236,,,,SCREEN_MODULE,SERVICE,Galaxy M23 M236 Uyumlu Lcd Ekran Servis,PART_ONLY,665.73,TRY,false,ercorp,PART_SUPPLIER,https://www.ercorp.com.tr/samsung-galaxy-a54-a546-uyumlu-lcd-ekran-full-citali-siyah,2026-09-29,"parça fiyatı (montaj/işçilik dahil değil); indirimli liste fiyatı 1.100,99 TL"
SAMSUNG,Galaxy M22 M225,,,,SCREEN_MODULE,COMPATIBLE,Galaxy M22 M225 Uyumlu Lcd Ekran,PART_ONLY,1433.88,TRY,false,ercorp,PART_SUPPLIER,https://www.ercorp.com.tr/samsung-galaxy-a54-a546-uyumlu-lcd-ekran-full-citali-siyah,2026-09-29,"parça fiyatı (montaj/işçilik dahil değil); indirimli liste fiyatı 2.087,06 TL"
SAMSUNG,Galaxy M31,,,,SCREEN_MODULE,COMPATIBLE,Galaxy M31 Uyumlu Lcd Ekran,PART_ONLY,1433.88,TRY,false,ercorp,PART_SUPPLIER,https://www.ercorp.com.tr/samsung-galaxy-a54-a546-uyumlu-lcd-ekran-full-citali-siyah,2026-09-29,"parça fiyatı (montaj/işçilik dahil değil); indirimli liste fiyatı 1.977,22 TL"
SAMSUNG,Galaxy M30S,,,,SCREEN_MODULE,COMPATIBLE,Galaxy M30S Uyumlu Lcd Ekran,PART_ONLY,1433.88,TRY,false,ercorp,PART_SUPPLIER,https://www.ercorp.com.tr/samsung-galaxy-a54-a546-uyumlu-lcd-ekran-full-citali-siyah,2026-09-29,"parça fiyatı (montaj/işçilik dahil değil); indirimli liste fiyatı 1.977,22 TL"
SAMSUNG,Galaxy M30,,,,SCREEN_MODULE,COMPATIBLE,Galaxy M30 Uyumlu Lcd Ekran,PART_ONLY,1433.88,TRY,false,ercorp,PART_SUPPLIER,https://www.ercorp.com.tr/samsung-galaxy-a54-a546-uyumlu-lcd-ekran-full-citali-siyah,2026-09-29,"parça fiyatı (montaj/işçilik dahil değil); indirimli liste fiyatı 1.977,22 TL"
SAMSUNG,Galaxy M21,,,,SCREEN_MODULE,COMPATIBLE,Galaxy M21 Uyumlu Lcd Ekran,PART_ONLY,1433.88,TRY,false,ercorp,PART_SUPPLIER,https://www.ercorp.com.tr/samsung-galaxy-a54-a546-uyumlu-lcd-ekran-full-citali-siyah,2026-09-29,"parça fiyatı (montaj/işçilik dahil değil); indirimli liste fiyatı 1.977,22 TL"
SAMSUNG,Galaxy M30 M307,,,,SCREEN_MODULE,COMPATIBLE,Galaxy M30 M307 Uyumlu Lcd Ekran FULL ÇITALI Siyah,PART_ONLY,1433.88,TRY,false,ercorp,PART_SUPPLIER,https://www.ercorp.com.tr/samsung-galaxy-a54-a546-uyumlu-lcd-ekran-full-citali-siyah,2026-09-29,"parça fiyatı (montaj/işçilik dahil değil); indirimli liste fiyatı 2.087,06 TL"
SAMSUNG,Galaxy M21 M215,,,,SCREEN_MODULE,COMPATIBLE,Galaxy M21 M215 Uyumlu Lcd Ekran FULL ÇITALI Siyah,PART_ONLY,1433.88,TRY,false,ercorp,PART_SUPPLIER,https://www.ercorp.com.tr/samsung-galaxy-a54-a546-uyumlu-lcd-ekran-full-citali-siyah,2026-09-29,"parça fiyatı (montaj/işçilik dahil değil); indirimli liste fiyatı 2.087,06 TL"
SAMSUNG,Galaxy M20 M205,,,,SCREEN_MODULE,SERVICE,Galaxy M20 M205 Uyumlu Lcd Ekran Servis,PART_ONLY,614.52,TRY,false,ercorp,PART_SUPPLIER,https://www.ercorp.com.tr/samsung-galaxy-a54-a546-uyumlu-lcd-ekran-full-citali-siyah,2026-09-29,"parça fiyatı (montaj/işçilik dahil değil); indirimli liste fiyatı 1.003,82 TL"
XIAOMI,Redmi Note 9,,,,SCREEN_MODULE,SERVICE,Redmi Note 9 Uyumlu Lcd Ekran SERVİS Siyah,PART_ONLY,537.71,TRY,false,ercorp,PART_SUPPLIER,https://www.ercorp.com.tr/xiaomi-redmi-note-9-uyumlu-lcd-ekran-servis-siyah,2026-09-29,"parça fiyatı (montaj/işçilik dahil değil); indirimli liste fiyatı 1.013,96 TL"
XIAOMI,Xiaomi Mi 14 Ultra,,,,SCREEN_MODULE,SERVICE,Xiaomi Mi 14 Ultra Uyumlu Lcd Ekran SERVİS,PART_ONLY,4199.22,TRY,false,ercorp,PART_SUPPLIER,https://www.ercorp.com.tr/xiaomi-redmi-note-9-uyumlu-lcd-ekran-servis-siyah,2026-09-29,"parça fiyatı (montaj/işçilik dahil değil); indirimli liste fiyatı 7.393,44 TL"
XIAOMI,Xiaomi Mi 12S Ultra,,,,SCREEN_MODULE,SERVICE,Xiaomi Mi 12S Ultra Uyumlu Lcd Ekran SERVİS,PART_ONLY,4762.53,TRY,false,ercorp,PART_SUPPLIER,https://www.ercorp.com.tr/xiaomi-redmi-note-9-uyumlu-lcd-ekran-servis-siyah,2026-09-29,"parça fiyatı (montaj/işçilik dahil değil); indirimli liste fiyatı 8.449,65 TL"
XIAOMI,Xiaomi Mi 11 Pro,,,,SCREEN_MODULE,COMPATIBLE,Xiaomi Mi 11 Pro Uyumlu Lcd Ekran,PART_ONLY,4148.01,TRY,false,ercorp,PART_SUPPLIER,https://www.ercorp.com.tr/xiaomi-redmi-note-9-uyumlu-lcd-ekran-servis-siyah,2026-09-29,"parça fiyatı (montaj/işçilik dahil değil); indirimli liste fiyatı 7.393,44 TL"
XIAOMI,Xiaomi Mi 11,,,,SCREEN_MODULE,COMPATIBLE,Xiaomi Mi 11 Uyumlu Lcd Ekran,PART_ONLY,4148.01,TRY,false,ercorp,PART_SUPPLIER,https://www.ercorp.com.tr/xiaomi-redmi-note-9-uyumlu-lcd-ekran-servis-siyah,2026-09-29,"parça fiyatı (montaj/işçilik dahil değil); indirimli liste fiyatı 7.393,44 TL"
XIAOMI,Xiaomi Mi 13 Ultra,,,,SCREEN_MODULE,HIGH_QUALITY,Xiaomi Mi 13 Ultra Lcd Ekran OLED,PART_ONLY,3840.75,TRY,false,ercorp,PART_SUPPLIER,https://www.ercorp.com.tr/xiaomi-redmi-note-9-uyumlu-lcd-ekran-servis-siyah,2026-09-29,"parça fiyatı (montaj/işçilik dahil değil); indirimli liste fiyatı 6.865,34 TL"
XIAOMI,Xiaomi Mi 11 Ultra,,,,SCREEN_MODULE,SERVICE,Xiaomi Mi 11 Ultra Uyumlu Lcd Ekran SERVİS,PART_ONLY,4148.01,TRY,false,ercorp,PART_SUPPLIER,https://www.ercorp.com.tr/xiaomi-redmi-note-9-uyumlu-lcd-ekran-servis-siyah,2026-09-29,"parça fiyatı (montaj/işçilik dahil değil); indirimli liste fiyatı 7.393,44 TL"
XIAOMI,Xiaomi Mi 9 Se,,,,SCREEN_MODULE,COMPATIBLE,Xiaomi Mi 9 Se Uyumlu Lcd Ekran FULL ÇITALI,PART_ONLY,3840.75,TRY,false,ercorp,PART_SUPPLIER,https://www.ercorp.com.tr/xiaomi-redmi-note-9-uyumlu-lcd-ekran-servis-siyah,2026-09-29,"parça fiyatı (montaj/işçilik dahil değil); indirimli liste fiyatı 6.865,34 TL"
XIAOMI,Redmi Note 12 Pro,,,,SCREEN_MODULE,ORIGINAL,Redmi Note 12 Pro Uyumlu Lcd Ekran FULL ÇITALI ORİJİNAL,PART_ONLY,2918.97,TRY,false,ercorp,PART_SUPPLIER,https://www.ercorp.com.tr/xiaomi-redmi-note-9-uyumlu-lcd-ekran-servis-siyah,2026-09-29,"parça fiyatı (montaj/işçilik dahil değil); indirimli liste fiyatı 5.258,22 TL"
XIAOMI,Redmi Note 11 Pro,,,,SCREEN_MODULE,ORIGINAL,Redmi Note 11 Pro Uyumlu Lcd Ekran FULL ÇITALI ORİJİNAL,PART_ONLY,3021.39,TRY,false,ercorp,PART_SUPPLIER,https://www.ercorp.com.tr/xiaomi-redmi-note-9-uyumlu-lcd-ekran-servis-siyah,2026-09-29,"parça fiyatı (montaj/işçilik dahil değil); indirimli liste fiyatı 5.281,03 TL"
XIAOMI,Redmi Note 14 4G,,,,SCREEN_MODULE,ORIGINAL,Redmi Note 14 4G Uyumlu Lcd Ekran FULL ÇITALI ORİJİNAL,PART_ONLY,3021.39,TRY,false,ercorp,PART_SUPPLIER,https://www.ercorp.com.tr/xiaomi-redmi-note-9-uyumlu-lcd-ekran-servis-siyah,2026-09-29,"parça fiyatı (montaj/işçilik dahil değil); indirimli liste fiyatı 5.999,25 TL"
XIAOMI,Redmi Note 13,,,,SCREEN_MODULE,ORIGINAL,Redmi Note 13 Uyumlu Lcd Ekran ORİJİNAL Siyah,PART_ONLY,2714.13,TRY,false,ercorp,PART_SUPPLIER,https://www.ercorp.com.tr/xiaomi-redmi-note-9-uyumlu-lcd-ekran-servis-siyah,2026-09-29,"parça fiyatı (montaj/işçilik dahil değil); indirimli liste fiyatı 4.828,97 TL"
XIAOMI,Redmi Note 13 4G,,,,SCREEN_MODULE,ORIGINAL,Redmi Note 13 4G Uyumlu Lcd Ekran FULL ÇITALI ORİJİNAL,PART_ONLY,2970.18,TRY,false,ercorp,PART_SUPPLIER,https://www.ercorp.com.tr/xiaomi-redmi-note-9-uyumlu-lcd-ekran-servis-siyah,2026-09-29,"parça fiyatı (montaj/işçilik dahil değil); indirimli liste fiyatı 5.258,22 TL"
XIAOMI,Poco X4 Pro,,,,SCREEN_MODULE,SERVICE,Poco X4 Pro Uyumlu Lcd Ekran SERVİS,PART_ONLY,1536.30,TRY,false,ercorp,PART_SUPPLIER,https://www.ercorp.com.tr/xiaomi-redmi-note-9-uyumlu-lcd-ekran-servis-siyah,2026-09-29,"parça fiyatı (montaj/işçilik dahil değil); indirimli liste fiyatı 5.150,91 TL"
XIAOMI,Redmi Note 12 Pro,,,,SCREEN_MODULE,SERVICE,Redmi Note 12 Pro Uyumlu Lcd Ekran SERVİS,PART_ONLY,2970.18,TRY,false,ercorp,PART_SUPPLIER,https://www.ercorp.com.tr/xiaomi-redmi-note-9-uyumlu-lcd-ekran-servis-siyah,2026-09-29,"parça fiyatı (montaj/işçilik dahil değil); indirimli liste fiyatı 5.150,91 TL"
XIAOMI,Redmi Note 11 Pro,,,,SCREEN_MODULE,SERVICE,Redmi Note 11 Pro Uyumlu Lcd Ekran SERVİS,PART_ONLY,2918.97,TRY,false,ercorp,PART_SUPPLIER,https://www.ercorp.com.tr/xiaomi-redmi-note-9-uyumlu-lcd-ekran-servis-siyah,2026-09-29,"parça fiyatı (montaj/işçilik dahil değil); indirimli liste fiyatı 5.150,91 TL"
XIAOMI,Redmi Note 10 Pro,,,,SCREEN_MODULE,SERVICE,Redmi Note 10 Pro Uyumlu Lcd Ekran SERVİS,PART_ONLY,2918.97,TRY,false,ercorp,PART_SUPPLIER,https://www.ercorp.com.tr/xiaomi-redmi-note-9-uyumlu-lcd-ekran-servis-siyah,2026-09-29,"parça fiyatı (montaj/işçilik dahil değil); indirimli liste fiyatı 5.150,91 TL"
XIAOMI,Redmi K60,,,,SCREEN_MODULE,COMPATIBLE,Redmi K60 Uyumlu Lcd Ekran,PART_ONLY,1997.19,TRY,false,ercorp,PART_SUPPLIER,https://www.ercorp.com.tr/xiaomi-redmi-note-9-uyumlu-lcd-ekran-servis-siyah,2026-09-29,"parça fiyatı (montaj/işçilik dahil değil); indirimli liste fiyatı 3.863,18 TL"
XIAOMI,Redmi Note 12,,,,SCREEN_MODULE,ORIGINAL,Redmi Note 12 Uyumlu Lcd Ekran ORİJİNAL,PART_ONLY,2867.76,TRY,false,ercorp,PART_SUPPLIER,https://www.ercorp.com.tr/xiaomi-redmi-note-9-uyumlu-lcd-ekran-servis-siyah,2026-09-29,"parça fiyatı (montaj/işçilik dahil değil); indirimli liste fiyatı 5.150,91 TL"
XIAOMI,Poco M4 Pro 4G,,,,SCREEN_MODULE,SERVICE,Poco M4 Pro 4G Uyumlu Lcd Ekran SERVİS,PART_ONLY,2816.55,TRY,false,ercorp,PART_SUPPLIER,https://www.ercorp.com.tr/xiaomi-redmi-note-9-uyumlu-lcd-ekran-servis-siyah,2026-09-29,"parça fiyatı (montaj/işçilik dahil değil); indirimli liste fiyatı 4.936,29 TL"
XIAOMI,Redmi Note 12S,,,,SCREEN_MODULE,SERVICE,Redmi Note 12S Uyumlu Lcd Ekran SERVİS,PART_ONLY,2867.76,TRY,false,ercorp,PART_SUPPLIER,https://www.ercorp.com.tr/xiaomi-redmi-note-9-uyumlu-lcd-ekran-servis-siyah,2026-09-29,"parça fiyatı (montaj/işçilik dahil değil); indirimli liste fiyatı 4.936,29 TL"
